:10200000004000207D500000675000006750000035
:1020100000000000000000000000000000000000C0
:1020200000000000000000000000000067500000F9
:10203000000000000000000067500000D1500000C8
:1020400067500000675000006750000067500000B4
:1020500067500000675000006750000069500000A2
:1020600067500000494800006750000067500000BA
:102070006750000067500000675000006750000084
:102080006750000067500000675000006750000074
:10209000000000006750000067500000675000001B
:1020A0006750000067500000675000006750000054
:1020B0000000000010B5064C2378002B07D1054B1B
:1020C000002B02D0044800E000BF0123237010BDA4
:1020D0008401002000000000A0BD0000044B10B5EA
:1020E000002B03D00349044800E000BF10BDC046E8
:1020F0000000000088010020A0BD0000406970477A
:10210000807C7047817470470020704701207047C1
:10211000C82040007047000010B5012104000020D5
:1021200003F084FA1023E361014B236210BDC04623
:102130001000006010B5040002F088F82368002148
:1021400020009B69984710BDF8B5036804005B6ADE
:102150000E0041699847E37C0500002B06D02368F8
:1021600020005F68626933006168B847236829000E
:1021700020009B6A9847F8BD10B50400024B03602D
:1021800002F03EF8200010BD74B4000010B5040049
:10219000FFF7F2FF200003F02DF8200010BD000033
:1021A00010B50400024B0360FFF7E6FF200010BDEE
:1021B000B0B4000010B50400FFF7F2FF200003F0F8
:1021C00019F8200010BD000010B50400024B036098
:1021D000FFF7E6FF200010BDECB4000010B50400CE
:1021E000FFF7F2FF200003F005F8200010BD10B546
:1021F000017801F085FF10BD10B5002003F062F9F1
:102200000C2003F039F9082003F0A0F90A2002F0AD
:10221000A3FF10BDF7B5274E01253368264C1F00DC
:102220002F402B420BD1200001F0ECFF234B20006C
:10223000234A2449A7842360356004F0EDFB224D36
:102240002D2200232900200001F008FF1F4B204E03
:102250001860204B02211B7833701F4B187803F055
:10226000E5F9FFF7C9FF8021002300221B4C1C4821
:10227000C900E250C25004338B42FAD10027194BF7
:1022800001AC238022002D212800A77002F018FA4B
:102290003000FFF7ACFFFA20400002F05DFF28009D
:1022A00022002D212780A77002F00AFA3000FFF7E4
:1022B0009EFFF7BDA4010020A8010020ECB400009F
:1022C00000000020C92100003C0200202402002060
:1022D000140D00204C00002008000020E006002023
:1022E000E00200200080FFFFF0B5002487B002F07C
:1022F00003FF3B4D2B68C01A5228F8D902F0FCFEB0
:102300002860082003F022F980B206F0CFFF354D97
:10231000061C3549286806F0B1FC3449071C301CFE
:1023200006F0ACFC011C381C06F042F92860011CC8
:10233000301C06F0BDFD002380222D4DD200671910
:1023400038602C4F05933B5104349442CFD1002484
:102350008022294E0123290030005200029401946A
:10236000009401F045F980233A00290030005B0019
:10237000009401F01DFD80233A00290030005B002D
:1023800001F017F92F00002C07D1059B2B600134B9
:102390000437802CF7D107B0F0BD184B185D06F05C
:1023A00085FF174906F06AFC011C386806F080FDBD
:1023B0000021061C06F0A8F8002800D10026114ACA
:1023C0006300D05A3E600028E1D006F06FFF011C88
:1023D000301C06F089FA0C4906F050FC3860D6E74C
:1023E000F001002004000020A4707D3F0AD7233CA8
:1023F000E0060020E0020020D001002050B60000DE
:102400009A99194050B5000000002A43F7B502F030
:102410006DFE012406000025012D23D802F066FE82
:102420000700831B772BF7D90F48104E01AA002C09
:102430000CD000232D211380937002F041F930005D
:10244000FFF7D5FE01233E005C40E5E7FF232D2189
:102450001380947002F034F901353000FFF7C7FEA5
:10246000EDB2EFE7F7BDC0463C020020140D00209E
:10247000F7B502F03BFE012406000025012D23D80C
:1024800002F034FE0700831B772BF7D90F48104E5C
:1024900001AA002C0CD000232D211380937002F090
:1024A0000FF93000FFF7A3FE01233E005C40E5E793
:1024B000084B2D211380947002F002F90135300091
:1024C000FFF795FEEDB2EFE7F7BDC0463C020020F6
:1024D000140D00200080FFFF074B10B51A78002A6A
:1024E00004D101321A70FFF791FF10BD00221A705B
:1024F000FFF7BEFFF9E7C046C302002010B5044C49
:1025000005212078013005F095FF217010BDC046EF
:102510004E000020F8B5234B187803F0E3F8C5B25D
:1025200002F0E4FD204E04003278204BAA4202D093
:1025300018603570F8BD1B68C31A322BF9D91C4FCF
:102540003B78AB4226D01B4B3D70002D10D10122B1
:102550001A70194B1860184B1868FA23241A9B003C
:102560009C42E6D30022134B1A70FFF7B5FFE0E759
:102570001A78002ADDD000221A70FA220E4B92003F
:102580001B68C31A9342D4D20C4B1B78002BD0D1BA
:10259000FFF7B4FF3B78002BCBD1064B1B78002B09
:1025A000C7D0D8E7080000204D00002034020020EA
:1025B0000900002000020020FC010020C3020020CE
:1025C000F0B585B002F092FDFA213E4A8900136809
:1025D000C31A8B4251D33C4F3C4B3E681C68106081
:1025E000002E52DD200006F061FE051C300006F0D2
:1025F0005DFE011C281C06F077F9354906F03EFB0C
:102600003449051C05F080FF002838D0324E33498C
:10261000306806F033FB3249051C05F075FF0028D1
:1026200000D02F4D35600723E01703401B19DB1046
:1026300002930F2318400019031103930023294E1E
:10264000294C01933368029A93422BDD2749206875
:1026500006F014FB2249051C05F056FF002800D0A7
:102660001F4D25600023019A08C6013201920434EF
:10267000082AE7D1154A3B60136005B0F0BD184940
:10268000281C05F02DFF0028CDD0134E18493068C6
:1026900006F0F4FA1749051C05F022FF0028C1D006
:1026A000144DBFE7039A9342DCDA1349206806F021
:1026B000E5FA1049051C05F013FF0028D1D00D4D97
:1026C000CFE7C04638020020DC020020F4010020E1
:1026D0000000C8420000A04168000020CDCC8C3F23
:1026E00000002041040200202C0000206666863F86
:1026F0006666663FCDCCCC3D3333733FF7B52D21B5
:10270000002002F0A5FC104AC3B214780322C0B224
:1027100050430E49624340180D490E4D0978AC18DC
:102720005918C9B2019101998B420BD02C2B09D8B1
:102730006778A678515D0133017047708670DBB20F
:102740000330F0E7F7BDC046010200203C02002044
:10275000640000200A000020F7B5104B104A1978D9
:1027600003254800835C12185278694394460D4C47
:1027700066189C4510D32800727858430092B278AE
:102780000F5D0192084A0133875412180098DBB29A
:10279000507001989070ECE7F7BDC0460102002030
:1027A000540000200A0000203C020020F7B5124B24
:1027B000124A197803254800835C12185278104C8D
:1027C0009446247869431B190E4CDBB266189C456D
:1027D00010D32800727858430092B2780F5D0192AE
:1027E000094A0133875412180098DBB250700198DF
:1027F0009070ECE7F7BDC0460102002054000020B5
:102800006C0000200A0000203C0200200023F0B5EC
:1028100089B006AA6F48938093712D2107AA01F011
:102820004FFF6D48FFF7E3FCFFF774FEFFF75CFD19
:102830006A4B00271E006A4D019302972B786C7833
:1028400005937F2C00DD7F24059BA34247DA039389
:1028500000230493039BA3420ADC624A9B00D158E5
:10286000049805F0A5FE039B049001330393F1E760
:10287000059BE01A013006F019FD011C049806F0D2
:1028800033F8041CA87806F011FD011C201C06F08A
:102890002BF8554A55491368041C01331360544BF7
:1028A000186806F0EBF9534BBA00D15806F0E6F978
:1028B000011C201C05F032FE002810D04E4B4F4A60
:1028C00019784F4B1F70136801331360336801335D
:1028D0003360002927D1FFF711FF0123029301374D
:1028E00003350436082FA9D1434B1B78012B5AD14D
:1028F0000025444E3378747804937F2C00DD7F24C8
:10290000049BA34248DA00270393039BA3420DDCF8
:10291000344A9B00D158381C05F04AFE039B071C23
:1029200001330393F1E7FFF717FFD6E7049BE01AA3
:10293000013006F0BBFC011C381C05F0D5FF041C5F
:10294000B07806F0B3FC011C201C05F0CDFF264A30
:102950002D491368041C01331360254B186806F0D9
:102960008DF9244BAA00D15806F088F9011C201CCF
:1029700005F0D4FD00280FD0204A214B1D701368AC
:1029800001331360019B019A1B68029301331360AA
:10299000FFF70CFF01230293019B0135043303363B
:1029A0000193082DA6D10C48FFF721FC029B094892
:1029B000002B0DD0154B1A782D2101F0D2FCFFF71A
:1029C000FFFD0D4B1B78012B00D82DE709B0F0BDA2
:1029D0000F4BF0E73C020020140D00200402002001
:1029E00020B50000E0060020DC0200200000484284
:1029F000680000202C0000204E000020F401002080
:102A00000102002038B500000000824228000020AA
:102A10002900002070B505000C001000002D07D023
:102A2000290005F007FD002902D1002D08DD013441
:102A30000020002C03DB2000FF2C00DDFF2070BDF8
:102A4000013CF5E7F0B587B002F056FB384B394A48
:102A5000197803234B43D1189A5C374B4C781B6889
:102A60008F780090D61A9A4205D0FF20310080005E
:102A700005F0FAFB0600314B1B68E51A9C4205D0B5
:102A8000FF202900800005F0EFFB05002C4B1B68A0
:102A9000FA1A01929F4205D0FF201100800005F034
:102AA000E3FB0190274A009B11685B1A26490968DD
:102AB0008B4238D3009B254F254C13603B6821681F
:102AC0001A0030000093FFF7A5FF224E009A3168EC
:102AD000029020602800FFF79DFF1F4D009A296893
:102AE000039030600198FFF795FF029B05AA1370D1
:102AF000039B907053702D212860184801F0E0FD71
:102B00001748FFF774FBFF223B68920001333B60DC
:102B1000934208DB2268084B1A603268074B1A6040
:102B20002A68074B1A60FFF7F5FC07B0F0BDC046F6
:102B3000010200200A000020CC020020C802002070
:102B4000C4020020D0020020240000202C0200201B
:102B5000D802002030020020F80100203C020020B2
:102B6000140D002073B500266B462D219E809E71AA
:102B7000114801AA01F0A4FD1048FFF738FB104CE2
:102B8000104D26702E60FF26B6000F4B1B78022BCF
:102B900011D1FFF757FF2B68B34207DB00222378E0
:102BA0002A600133DBB2072B03D82370FFF7B2FC96
:102BB000EBE72270FAE773BD3C020020140D002001
:102BC000010200202C0200204E000020F7B5002753
:102BD0006B461C4D9F809F712D21280001AA01F09A
:102BE0006FFD194E3000FFF702FB184C27700C37B1
:102BF000174B1B78032B24D102F078FA154A16499B
:102C000013680968C31A8B4218D310602078381AE9
:102C100006F04CFB114906F031F805F0B1FC052334
:102C2000C2B22D21280001F05EFD3000FFF7DFFA6F
:102C300020780C21013005F0FDFB2170FFF76AFCC4
:102C4000D6E7F7BD3C020020140D00202B02002027
:102C50004E000020D4020020500000200000AA41B5
:102C6000F0B5354F85B03B7803900291002B06D02C
:102C700000230721314A3B701370314A117002F072
:102C800035FA304A304913680968C31A8B4251D368
:102C90002A4B1B780093072B4CD80325284B106038
:102CA0001B780193019A294B5200D45C009A520080
:102CB000D65C274B7543ED18009B244A5B00D31864
:102CC0005B78B34215D203256543214BED18019B78
:102CD0005E00961901363378A34215D32C2C13D8F5
:102CE00028000322013402A908F090FAE4B2033567
:102CF000F1E72C2EE7D828000322013603A908F0BB
:102D000085FAF6B20335D7E71248FFF770FA80224A
:102D10002D210F4801F025FB084B084A1B78084974
:102D20000133DBB213700A78013A0A70072B01D91C
:102D300001233B7005B0F0BD6D000020290200208A
:102D40002A020020D402002050000020540000205D
:102D50003C020020140D0020F7B5002601AC220033
:102D60002D2126482680A67001F0AAFC2448FFF7F2
:102D70003EFA01238227234D2E70234E3370234BBE
:102D80001B78042B39D1287803280FD805F0CEF909
:102D90000219252DFF236946238000231C4AA370B6
:102DA0000A808B7000992068FFF75AFF3378002B58
:102DB00004D003222B78013313402B70FFF7AAFBBA
:102DC000DDE76A46134B13800023937001225242C1
:102DD0002280A37021680098E6E76A460E4B1380B4
:102DE000002393702380FF33F3E76B464B229F70E1
:102DF0001A80942323803F33EBE7F7BD3C02002089
:102E0000140D0020280200206D0000204E0000203C
:102E1000FF450000FF8CFFFF0080FFFF10B5FFF7AC
:102E200079FB0A4B1878042806D805F07FF90303CC
:102E300006090C00FFF7EAFC10BDFFF793FEFBE765
:102E4000FFF7C4FEF8E7FFF787FFF5E74E00002025
:102E5000F0B585B002910A9903938B680190013314
:102E60008B60CB680133CB600B6901330B610026AB
:102E70009446039B350034003000019A029F664659
:102E800074784D782D06240601D16D40C046641932
:102E900000D3E44300D32406CE68240E74434D7857
:102EA0000E79751B4D702004624600969446009E74
:102EB000019A029F9760C046C0460326013EFDD19D
:102EC000400000D25760C046C046C0460826013EBA
:102ED000FDD15760C046C0460526013EFDD1976032
:102EE000C046C0460326013EFDD1400000D25760D7
:102EF000C04666463478C046C0460726013EFDD12E
:102F00005760C046C0460526013EFDD19760C046C9
:102F1000C0460326013EFDD1400000D25760C046A6
:102F20000D782D06240601D16D40C046C046062608
:102F3000013EFDD15760C046C0460526013EFDD189
:102F40009760C046C0460326013EFDD1400000D236
:102F50005760C046641900D3E44300D32406072613
:102F6000013EFDD15760C046C0460526013EFDD159
:102F70009760C046C0460326013EFDD1400000D206
:102F80005760C0468E68240E7443C0460726013E33
:102F9000FDD15760C046C0460526013EFDD1976071
:102FA000C046C0460326013EFDD1400000D2576016
:102FB000C0460D78CE78751B0D70C0460626013EC2
:102FC000FDD15760C046C0460526013EFDD1976041
:102FD000C046C0460326013EFDD1400000D25760E6
:102FE000C046C046C0460826013EFDD15760C046D7
:102FF000C0460526013EFDD19760C046C046032667
:10300000013EFDD1400000D25760C0462004C046BA
:103010000826013EFDD15760C046C0460526013E48
:10302000FDD19760C046C0460326013EFDD1400059
:1030300000D25760C046C046C0460826013EFDD1BA
:103040005760C046C0460526013EFDD19760C04688
:10305000C0460326013EFDD1400000D25760C04665
:103060006646B478C046C0460726013EFDD157608B
:10307000C046C0460526013EFDD19760C046C04609
:103080000326013EFDD1400000D25760C0468D7836
:103090002D06240601D16D40C046C0460626013EDD
:1030A000FDD15760C046C0460526013EFDD1976060
:1030B000C046C0460326013EFDD1400000D2576005
:1030C000C046641900D3E44300D324060726013E1A
:1030D000FDD15760C046C0460526013EFDD1976030
:1030E000C046C0460326013EFDD1400000D25760D5
:1030F000C0460E69240E7443C0460726013EFDD12A
:103100005760C046C0460526013EFDD19760C046C7
:10311000C0460326013EFDD1400000D25760C046A4
:103120008D784E79751B8D70C0460626013EFDD107
:103130005760C046C0460526013EFDD19760C04697
:10314000C0460326013EFDD1400000D25760C04674
:103150008E79B444C046C0460726013EFDD1576073
:10316000C046C0460526013EFDD19760C046C04618
:103170000326013EFDD1400000D25760C046200426
:10318000C0460826013EFDD15760C046C046052610
:10319000013EFDD19760C046C0460326013EFDD1E9
:1031A000400000D25760C046C046C0460826013ED7
:1031B000FDD15760C046C0460526013EFDD197604F
:1031C000C046C0460326013EFDD1400000D25760F4
:1031D000C04666467478C046C0460726013EFDD10B
:1031E0005760C046C0460526013EFDD19760C046E7
:1031F000C0460326013EFDD1400000D25760C046C4
:103200004D782D06240601D16D40C046C0460626E5
:10321000013EFDD15760C046C0460526013EFDD1A6
:103220009760C046C0460326013EFDD1400000D253
:103230005760C046641900D3E44300D32406072630
:10324000013EFDD15760C046C0460526013EFDD176
:103250009760C046C0460326013EFDD1400000D223
:103260005760C046CE68240E7443C0460726013E10
:10327000FDD15760C046C0460526013EFDD197608E
:10328000C046C0460326013EFDD1400000D2576033
:10329000C0464D780E79751B4D70C0460626013E1E
:1032A000FDD15760C046C0460526013EFDD197605E
:1032B000C046C0460326013EFDD1400000D2576003
:1032C000C046C046C0460826013EFDD15760C046F4
:1032D000C0460526013EFDD19760C046C046032684
:1032E000013EFDD1400000D25760C0462004C046D8
:1032F0000826013EFDD15760C046C046C0460326A1
:10330000013EFDD10D4F00966246BE6862B6013B9C
:1033100072B6BF68BC46BE4201D2094FF619674675
:10332000F61B87273F01BE4205D8002B00D0BDE524
:10333000039805B0F0BD0020FBE7C04610E000E0B8
:1033400080BB000000B54368020089B00120002B5B
:1033500012D0107E03A90590507E0690907E0790B3
:10336000D0680390108A8880907C887100911268E0
:1033700010210248FFF76CFD09B000BD100000608D
:10338000F0B505000C008BB001F0B6FEAB8CC31A93
:103390009BB2312BF8D972B6236808AE0293A369A9
:1033A00027000893A38BE268B380A37F02A9B371BF
:1033B0001223E3560592228A8B7463680A82039370
:1033C00004936369080018370793FFF7BBFF0028D1
:1033D0001ED162B6C8239B00013BFDD172B62368A3
:1033E000E2680293A36902A90893BB880800B3802E
:1033F000BB79B3711223E3560592228A8B746368FA
:103400000A8203930493636901930793FFF79AFF7A
:1034100062B601F071FEA8840BB0F0BD0721F8B5CB
:103420001B4A0600137801330B401C001370012265
:103430001440134200D080249A0701D5402214433F
:103440000422134201D020231C433500802710346E
:10345000E4B20C350F367F00297B002904D03800F8
:1034600004F002FF0130C1B24B1C63431B12E97030
:10347000DAB2002B08D12B70002901D00139E97094
:103480000135AE42E8D1F8BD013A2A70F4E7C046F2
:10349000A0010020F0B5040015000E008DB01A0048
:1034A0000100684600F0E5FE07226946A77C02A8F5
:1034B00007F0ACFE072202A90AA804960595069516
:1034C00007F0A4FE012F0FD104A8FFF7A7FF6A465B
:1034D00022210023521813700993236820001B6BCC
:1034E00004A998470DB0F0BD00236A4607931384E2
:1034F000EDE7F0B5170005008FB01A00019101004B
:1035000002A800F0B6FEFB17FE185E40AB7C072257
:1035100002A904A8009307F079FE019B072204A9E1
:103520000CA806930796089607F070FE009B06AC61
:10353000012B11D12000FFF771FF0323A374002397
:1035400063619F4201DAFD33A3742B6821002800D8
:103550001B6B98470FB0F0BD002309932382ECE763
:103560000022802313B5084C0192084A5B000092A8
:103570002000074A074900F0E3FA2000064A0749FD
:1035800003F04AFA13BDC046D001002000803B463C
:10359000E0020020E006002000000020A13500002D
:1035A00010B504008068002801D001F027FE20003B
:1035B00010BDF7B50D0000245B0801339B0001929C
:1035C00000932959019B081C1F5905F057FB391C12
:1035D000061C381C05F052FB011C301C04F0E8FFEF
:1035E00003F06AFB009B28510434A342E9D1F7BDE4
:1035F000F0B58DB0049314AB1B7814000A935308F4
:103600000593139B0091002B29D0049B0A2B26D1F4
:103610000025059B013CA4000C199E00AE4200D180
:1036200083E2009B5859139B5959129B002B0CD1D4
:1036300005F024FB009B5851139B2068595905F055
:103640001DFB20600435043CE8E705F04DF9009BC4
:103650005851139B2068595905F046F9F1E72000AD
:1036600005F06AFEFE21890505F022FC0A9B039005
:10367000002B04D0049B9A00E74BD3580B93009B7C
:10368000013CA4001B19019300230293029B059A9D
:10369000934200D149E2180005F04EFE0399041C44
:1036A00005F022F9049A031C501E082800D92EE2C6
:1036B00004F046FD09001D005B008F00D7000901E2
:1036C000490189011402181C07F064FCD34AD44B49
:1036D00006F0DEFD03F0A8F9D24AD34B06F0D8FD80
:1036E00002000B00D148D24907F03EF812E0181C46
:1036F00007F050FCC94ACA4B06F0CAFD03F094F922
:1037000002000B000020CB4907F02EF8C74AC84B37
:1037100006F0BEFD07F086FC041C0A9B002B04D0BB
:10372000201C0B9905F0AAFA041C029B9D00139B18
:10373000002B00D05C51009B5859129B002B00D0ED
:10374000E8E1011C201C05F099FA009B211C58514E
:10375000019B186805F092FA019B1860029B0133E7
:103760000293019B043B019390E7039807F012FC3E
:103770000600201C0F0007F00DFC002204000D00C5
:10378000AD4B3000390006F083FD02000B00200035
:10379000290006F0E9FF0022002304000D00069135
:1037A00004F078FE002805D1802212069446069B7C
:1037B00063441D0022002B002000290005F0F8FDC5
:1037C00032003B0006F05EF902000B000020994930
:1037D0008AE7181C07F0DEFB904A914B04000D00AD
:1037E00006F056FD03F020F9944A954B06000F00B1
:1037F0002000290006F04CFD03F016F9914A0690CE
:103800000791914B2000290006F042FD03F00CF9CE
:103810008E4A089009918E4B3000390006F038FD31
:1038200002000B008B488C4906F09EFF8B4A040077
:103830000D00069807998A4B06F02AFD02000B003E
:103840002000290005F0B4FD04000D00854A864BD8
:103850000898099906F01CFD02000B0020002900C1
:1038600042E7181C07F096FB6C4A6D4B04000D00F4
:1038700006F00EFD03F0D8F8704A714B06000F00F9
:103880002000290006F004FD03F0CEF8774A0690E8
:103890000791774B3000390006F0FAFC02000B006C
:1038A0007448754906F060FF04000D00734A744BBC
:1038B0000698079906F0ECFC02000B002000290096
:1038C00005F076FD26E7181C07F064FB534A544BBD
:1038D00004000D0006F0DCFC03F0A6F8574A584B34
:1038E00006000F002000290006F0D2FC03F09CF82F
:1038F000544A06900791544B2000290006F0C8FC5A
:1039000003F092F85F4A089009915F4B300039004C
:1039100006F0BEFC02000B005C485D4906F024FF87
:103920005C4A04000D00069807995B4B06F0B0FC5A
:1039300002000B002000290005F03AFD574A040060
:103940000D00574B84E7181C07F024FB334A344B17
:1039500004000D0006F09CFC03F066F8374A384B73
:1039600006000F002000290006F092FC03F05CF82E
:10397000344A06900791344B2000290006F088FC59
:1039800003F052F8474A08900991474B300039003C
:1039900006F07EFC02000B004448454906F0E4FEB8
:1039A000444A04000D0006980799434B06F070FC4A
:1039B00002000B002000290005F0FAFC3F4A040039
:1039C0000D003F4B44E7181C07F0E4FA134A144B70
:1039D00004000D0006F05CFC03F026F8174A184BB3
:1039E00006000F002000290006F052FC03F01CF82E
:1039F000344A06900791344B3000390006F048FCF9
:103A000002000B003148324906F0AEFE314A040094
:103A10000D00314B4CE7C046D0B6000068A174548D
:103A2000FB211940713D0AD7A370DD3F48E17A14AC
:103A3000AE47E13F0000F03F0000E03F2CBB1E54CA
:103A4000FB2129400E79577F7CD93240B9E00CFE2A
:103A50007E31DF3F2AA73D25E7C4D63FABB184B511
:103A60003176C23FDEE8633E20D0893FB9FC87F45F
:103A7000DBD7DF3FBCE82B483316DB3F2B6A300D2A
:103A8000C347B43F3B191C25AF4EDF3F04B97A044E
:103A9000ED44D73FA13193A8177CC13F189EF24354
:103AA00000CB853F8EAF3DB32440DF3FF6285C8FCF
:103AB000C2F5D63FBD18CA897615C23FB26323103E
:103AC000AFEB873FBD7ED29A30ABE03F8984A570D3
:103AD000F3FCD13F52CCE6165F59C93F039807F07B
:103AE00059FA0022124B06F0D3FB06000F00201CEF
:103AF00007F050FA32003B0006F036FE32003B0081
:103B000005F0C0FF02000B0006F0C2FB5CE6FE24DD
:103B1000A40502E6211C04F0E7FE009B211C58517D
:103B2000019B186804F0E0FE16E60DB0F0BDC0463B
:103B30000000E03F0020490801D00130FBE770475A
:103B400070B51D0004AB40CB040018780023E5607D
:103B500023806360A36026616261A161984207D0FF
:103B6000084B9D420BD86808800001F03FFBA06025
:103B700029002000FFF7DEFF6060200070BD0120FB
:103B80004042F2E7FDFFFF3F0B68106808601360DA
:103B900070470000F0B50025060017002C0091B01A
:103BA00007935B0801910293079B013BAB421ED92F
:103BB000AC4213D9A3000393019BA200A9009A1859
:103BC00059183000FFF7E0FF179B012B06D1A30027
:103BD000FA18AB003000F918FFF7D6FF029B9C42A1
:103BE00002D3E41A5B08FAE7E4180135DCE70023A6
:103BF000099301330593002304936B4B0893099BAE
:103C0000169A934200D1B3E0059B00255B000D930B
:103C1000059B9B000B93059BDB000E93FE239B05EE
:103C2000069300230393039B059A934272D09C0052
:103C30000B9B0293039B0A930A9B079A934246D2DB
:103C4000029A019B06999B58BE580C930C9805F05C
:103C500015F8291C0F90301C05F010F8011C0F9866
:103C600005F026F906990F90301C05F007F8291C7D
:103C7000061C0C9805F002F8011C301C04F098FC9E
:103C8000019B0F99061C185905F012F9029A019B25
:103C9000311C9850385905F00BF9029B0F99F850D8
:103CA000019B185904F084FC019B311C18513859B0
:103CB00004F07EFC38510A9B0D9A94460E9A634498
:103CC00094460A93029BA41863440293B4E70699AE
:103CD000089804F0D3FF291C041C049804F0CEFFBC
:103CE000011C201C05F0E4F8291C041C089804F0B1
:103CF000C5FF0699051C049804F0C0FF291C04F0B8
:103D000057FC039B051C013303930B9B0694043360
:103D10000B9388E7FC210898890504F0AFFF07F0B2
:103D200039F902000B0004000D0000201F4906F0C5
:103D30001BFD02F05DFF07F075F91C4B002204909B
:103D40002900200005F034FB02F052FF07F06AF969
:103D5000179B0890002B05D1802212069446049BE5
:103D600063440493099B013309930D9B059346E734
:103D7000179B012B16D10024079B9E00B44211D043
:103D8000079805F0D9FA019B011C051C185904F08D
:103D9000ABFD019B291C1851385904F0A5FD385181
:103DA0000434EBE711B0F0BD000080BF0000E03F3D
:103DB000F7B50E0019001D0017000400FFF7BAFE4A
:103DC000089B3A003100019300902B002000FFF780
:103DD000E1FEF7BD00207047F8B505000E001700A2
:103DE0000024BC4208D02B682800315D1B6898472E
:103DF000002801D00134F4E72000F8BD704703002B
:103E0000FC33196ADA69914203D01B6AC018007E3C
:103E1000704701204042FBE70300FC33D8691B6A6E
:103E2000C01A01D50130FF3070470000F7B501938B
:103E3000FA238027002504009B008360114B7F003C
:103E400008330E0045602900009203603A001830E4
:103E500007F0E5F923002000FC332130DD613A0052
:103E60001D622900FF3007F0DAF987239B00E31871
:103E70005D609D60009B20002375019B2661A575F8
:103E80006375FEBDFCB600000200FC32536810B53D
:103E900001339468DBB29C4202D0546801555360F0
:103EA00010BD10B50300827D002082420ED0872213
:103EB00092009C186268A4680132D2B2A24205D076
:103EC0002133FF331800FFF7DFFF012010BD03008F
:103ED000FC3399685A68914206D09A68805C9A6867
:103EE0000132D2B29A60704701204042FBE710B520
:103EF0001830FFF7ECFF10BD70B50400006900F04A
:103F00009CFD002814D0206900F0A5FD002810D0E9
:103F1000206900F063FD0321206900F069FD8C2316
:103F20009B00E558002D39D10023FC34E361236266
:103F300070BD206900F099FD002809D0206900F0CB
:103F40008FFD002804D0206900F094FD0028DFD008
:103F5000206900F08AFD002826D1206900F076FD56
:103F60000028E5D0206900F085FD002837D08723A0
:103F70009B00E218536892689B1A01D50133FF3306
:103F8000FF21002B05D020002130FF30FFF79FFFDD
:103F9000C1B2206900F042FDA075C9E72368200086
:103FA0001B699847A847BFE7206900F017FD206903
:103FB000032100F01DFD206900F05CFD0028B7D052
:103FC000872300229B00E3185A609A600123A3759F
:103FD0008B239B00E3589342AAD09847A8E722007E
:103FE000FC32D369126A0133DBB22069934206D1F5
:103FF00000F0EBFC0321206900F0FAFC98E700F0E8
:104000003EFD010020001830FFF73EFF206900F060
:10401000E5FCEFE710B50248FFF76EFF10BDC046A4
:10402000E00A002010B50223002202490248FFF7EF
:10403000FDFE10BDD0110020E00A002010B500F0F8
:10404000EBF900F0FFFA10BDFF23012203700023FB
:1040500052424380C360826043607047F7B50400FA
:1040600015001E0017000191002B01DC160000272F
:10407000236820001B69984703217943019B200096
:10408000591823686160DB6A66619847011E08D091
:10409000084804F0E9F8084E7368834200D2030030
:1040A000736000F0B9F9EA1B210000F0E8FA200083
:1040B000FEBDC04640420F00140D0020F8B50E4C66
:1040C000050023685A1C22608B4214DB01F00EF8B5
:1040D0000700FA20094E2368326880005843B91A55
:1040E000974200D1012104F035F800236880236055
:1040F00000F0FCFF3060F8BD300E0020340E0020D0
:10410000F7B50400009100F087F900F061FA6368E8
:10411000324D002B06D000F0EFFF2B68C01A636809
:104120009842F4D300F0E8FFE3682860002B03D046
:10413000A168009898470090294F2A4E3D68002DAD
:104140001AD0294BB34217D0EB7C002B12D02B682E
:1041500028005A6ADB6901929847019B01002800F8
:10416000984730606388632B01D80023AB74AD6837
:104170000436E4E73360F5E740263D68002D0DD0B6
:10418000EB7C002B06D02B6828005F686A69009BD7
:104190006968B847013EAD68002EEFD10026104B8C
:1041A0001D68002D0ED0402E0CD0EB7C002B06D0CD
:1041B0002A680C49B3002800926AC9589047AD6834
:1041C0000136EEE719212000FFF778FFFFF736FFF1
:1041D00000F022F900F019FAF7BDC046240E0020C5
:1041E000280E0020240D0020240E002010B50248C7
:1041F000FFF72AFF10BDC046140D002001207047B4
:10420000704700000C4B0122083303600023436019
:1042100083604361094B5242C2608361084A094B83
:1042200002611A68002A00D11860074B1A68002A38
:1042300000D090601860704720B70000701703002E
:10424000FFFF0101280E00202C0E00200300406813
:104250000A0010B500280BD05B69002900DA1A00AB
:104260009A4200DD1A0003214A43002106F0D7FFDD
:1042700010BDF0B50D000F0087B001920C370F355F
:1042800006002A003900019800F02AF8020405AB64
:10429000120E18705A70000204AC1B88000E210028
:1042A000A07003223000238006F0B0FF2A003900FE
:1042B000FF2000F015F803041B0E207063702388A4
:1042C000000202AA000EA07003A99380907103223D
:1042D000F01C06F09BFF3000019BB37107B0F0BDEE
:1042E00037B500236C462380A37098420FD0CC5C76
:1042F000002C09D0D55C002D06D0013501346C436B
:104300006D464443240CEC540133032BEFD16B4630
:104310001A8899781000FF23120A184012020B40E5
:104320001B04104318433EBD037801314B431B125D
:10433000037043784B431B1243708378594309122F
:104340008170704770B50325160004004D43451970
:10435000AC4205D020003100FFF7E6FF0334F7E759
:1043600070BDD24310B5D2B2FFF7ECFF10BD70B5EF
:10437000051E09D0C400200006F034FF051E03D03E
:104380002200002106F04BFF280070BDF7B5002782
:1043900004000D000192076041608160B9420BD0BA
:1043A0000800FFF7E4FF2060FA00019B8218013744
:1043B00042CB42C2BD42F7D12000FEBDF7B5104F3F
:1043C00001263B680F4D1C003440334215D180223A
:1043D00021000D482C7006F022FF2B0008336A469E
:1043E00021000A48DC6700940194FFF7CFFF280002
:1043F000074A08493E6002F00FFB2800FEBDC04698
:10440000380E00203C0E0020400E0020C40E00207C
:10441000000000207B44000010B5FFF7CFFF10BD67
:104420000322031DDB6F02409200DB009B18C018C3
:104430007047037810B5002B05D08830836800687A
:10444000DA00801810BD0430FFF7EAFFFAE7043005
:10445000C36F002B02D0013BC367F9E7704703002D
:10446000883310B504001868002801D006F0C4FE97
:10447000201DFFF7ECFF200010BD10B50400FFF772
:10448000EEFF200010BD30B5041DE26F0F2A09D8E1
:1044900003230340D5009B005B19C018013228C9D3
:1044A00028C0E26730BD4268F8B505000C008A42BA
:1044B0001BD2032353435B08994200D21C00200007
:1044C000FFF755FF00220600AB682868934206D923
:1044D000D300F118C31881CB81C10132F4E7002861
:1044E00001D006F089FE2E606C60F8BD436810B5FF
:1044F0008B4201D2FFF7D7FF10BD70B5040083686F
:104500000D00591CFFF7CFFFA26863689A4206D2DC
:104510002168D300CB18013203CD03C3A26070BD64
:10452000F0B50025040087B0061D802201910570BA
:104530002900300006F073FE270023008837083377
:10454000DD672900380004AA04950595FFF71EFFD2
:10455000019B1B780293AB421DD0019988318F4299
:1045600014D00E6889683800C900731801932300BD
:1045700090331D60C910FFF7B9FF019BB34205D00E
:1045800031003800FFF7B9FF0836F6E701232000B5
:10459000237007B0F0BD019B1D1DAE4216D008333D
:1045A000DB6F30000393FFF752FF03210D40019BA7
:1045B0000135AD00029F5D19039BBB4206D0290067
:1045C0003000FFF760FF01370835F5E70023DEE72D
:1045D00030B5A7B001006846FFF7A2FF6B461B7815
:1045E00001AC002B00D0229C6846FFF722FF05009B
:1045F000A54205D02068083403689B689847F7E710
:104600006846FFF72CFF27B030BD30B5A7B00100DA
:104610006846FFF785FF6B461B7801AC002B00D086
:10462000229C6846FFF705FF0500A54205D02068DB
:1046300008340368DB689847F7E76846FFF70FFF21
:1046400027B030BD30B5A7B001006846FFF768FF5E
:104650006B461B7801AC002B00D0229C6846FFF70C
:10466000E8FE0500A54205D02068083403681B69F0
:104670009847F7E76846FFF7F2FE27B030BDF0B580
:10468000A7B00D00010068461600FFF749FF6B4612
:104690001B7801AC002B00D0229C6846FFF7C9FEB6
:1046A0000700A74207D020683200036829005B6931
:1046B00098470834F5E76846FFF7D1FE27B0F0BD0C
:1046C000F7B50E001500002403270190B44209DA63
:1046D00038006043019B03222900181806F096FD5C
:1046E0000134F3E7F7BDF0B585B00193FF230E0069
:1046F0000025032703ACA3700F3B0090227063706A
:10470000B5420CDA39006943009B2000591800F0CB
:1047100008F82378019A0135D3182370F0E705B023
:10472000F0BDF0B507784478FE00F3B29C465623FE
:104730006246857853432020402238403A407FB279
:104740001B0A002F55DB002A41D1002804D1DE438B
:10475000F6B21A00330004E05533DBB210001A0041
:10476000AB23FF2C19D0002C67D0E443E4B26443A0
:1047700024120134E4B2E643F6B2013673431B124D
:10478000DFB272431212D2B246433612F0B23F1970
:1047900012190019FBB2D2B2C0B21600FF2D12D00E
:1047A0002C006C436E1EB54124122D19EEB2002E62
:1047B00047D0741C63431B12DBB262431212D6B2A1
:1047C00060430012C0B24E700B708870F0BD0028BC
:1047D0000AD16246AB265643552236125242961BE8
:1047E000563BF6B2DAB2B5E70026DA431800D2B289
:1047F000B0E7002A0FD100280AD1AB2663465E43FA
:10480000553A360A921B55360300D2B2F0B2A8E7E9
:10481000D843C0B2A5E71E00002807D15536F6B22E
:1048200055225242D31A0200D8B293E7563E0022D4
:10483000F6B25520C01AC0B28CE7FF200200030078
:10484000ABE730003300BEE710B5034800F0FCFAD8
:10485000FFF7E0FB10BDC046D40E002013B50D4C91
:104860000D49200000F028F80C490D4800F024F80C
:104870000C490D4800F020F80C490D4800F01CF8D8
:10488000002301222100009201939218094800F0B0
:1048900071FA13BDD011002000080042000C004244
:1048A000D411002000100042D81100200014004252
:1048B000DC110020D40E0020016070479446F0B552
:1048C00005AC25789C1E621E9441624606689207DC
:1048D000376824063A4322430724326000682140A7
:1048E000AD01002442682943022B00D05C030A4337
:1048F00022434260F0BD30B5C0250368AD031C689B
:1049000012052A402243C0240904A40221400A437C
:104910001A6003685A6814435C6030BD0123026862
:1049200011680B43136003681A68D207FCD4DA6974
:10493000D207F9D470470223026811680B43136051
:104940000268D3699B07FCD4704703681A7ED207BC
:1049500002D41A7E9207FCD57047002203685A835E
:1049600070470368187E4007C00F70470368187EC1
:10497000C0097047802302685B42117E0B431376A7
:1049800070470368588B8007C00F70470223026886
:10499000518B0B43538370470368187EC007C00FC9
:1049A00070470368188DC0B2704703681A7ED2073B
:1049B000FCD589B2012019857047012203689A75D8
:1049C0007047012203681A75704780230268DB0272
:1049D000116851680B435360704700000368034936
:1049E0001A685A680A405A607047C046FFFFFBFFCA
:1049F000032230B5036811401C68074D5A6809044A
:104A00002A40E4061143640F5960052C03D1026863
:104A1000D3695B07FCD430BDFFFFFCFF036828337C
:104A200019700268137E5B07D80F002B04DA01238C
:104A3000508B4007C00F5840704703681868C00685
:104A4000400F043843425841C0B270470368187E93
:104A50004007C00F70470368187EC007C00F70473B
:104A60000368588BC006C00F70470368187E800724
:104A7000C00F70470368588B0007C00F704703686A
:104A80001A68D206520F052A02D11A7E9207FCD567
:104A900028331878C0B2704703680B4A93420DD090
:104AA0000A4A93420CD00A4A93420BD00120094A89
:104AB0004042934201D1043040B270470020FBE7EE
:104AC0000120F9E70220F7E700080042000C00424D
:104AD0000010004200140042F8B5FFF7DDFF002887
:104AE0002CDB1D4BC000181805230479C356032086
:104AF000FF221840C0008240C021D2438140002BD9
:104B00001DDB1F2501201D40C026A840134D760047
:104B1000A851C0269B089B005B19B6009F593A40DC
:104B20001143995128603F2323408024E4011C4312
:104B30000B4B5C805A7852B2002AFBDBF8BD0F2089
:104B40000340083B07489B089B001B18D86902409C
:104B50001143D961E7E7C04650B9000000E100E029
:104B6000000C004000ED00E0F8B504000F00160056
:104B70001D00FFF7B1FF2000FFF7D0FE1C21BB0096
:104B80000B4071072268090C0B43136084232268D1
:104B90009375012F1AD11021012E00D008390C4B2A
:104BA00069431868C00003F0D5FA07222168024063
:104BB0008B895203DB04DB0C13438B8122680304D3
:104BC0009089DB0C400B400318439081F8BDC04630
:104BD000700000200120704710B50368014A1B6A6D
:104BE000984710BD130400000300FC33D96F9A6F7F
:104BF000914203D0DB6FC018007D70470120404216
:104C0000FBE710B504000069FFF788FE22000023CF
:104C1000FC329367D3679E229200A4186366A36652
:104C200010BDF0231B011940802306209B009942F0
:104C30000AD00133FF330130994205D08023002090
:104C40005B00994200D1053070470F2001400020E1
:104C5000012903D00239481E8141481C70470000D9
:104C6000B923F0B5182785B002919B000400C05C01
:104C70003B0008214343324E1500F318595600F00B
:104C800049FD304B0821E05C3B004343F318595683
:104C900000F040FD2C4BE25C0393022A09D1113352
:104CA000E05CFF2805D008214743F719795600F04A
:104CB00031FDBA27BF00E05DFF2819D0012100F0C7
:104CC000B5FC1822E35D21495A43B356B618DB01FF
:104CD0005818BB21890060501D4901225B18BC2176
:104CE0008900635071688A40BD21890062501A6052
:104CF0000122029B11002069FFF736FF29002000E6
:104D0000FFF78FFF290006002000FFF79EFFF0222B
:104D10001540303D6A4255410300310020690122AF
:104D20000095FFF7CBFD0B4B2069E25C039BE15C38
:104D3000FFF7E1FD2069FFF7FEFD05B0F0BDC046BD
:104D400058B70000E5020000E702000018440041E7
:104D500014440041E6020000AF2210B50400002117
:104D6000520006F05CFA23000022FC3320005A6651
:104D70009A6610BDF7B51D0008AB1B7804000093C0
:104D800009AB1B781600019300234360FA239B00B4
:104D90008360104B0F00083303601430FFF7DCFF13
:104DA00020007D30FF30FFF7D7FFB9239B0027613C
:104DB000E654094B009AE554084B2000E254019A4E
:104DC000074BE254BA22E93BFF3B9200A354103256
:104DD000A354FEBD70B90000E5020000E602000029
:104DE000E70200000300FC33586E9B6EC01A01D529
:104DF0005F30FF30704710B5040020007D30FF3079
:104E0000FFF7F0FF0028F8D12069FFF79EFD10BDE5
:104E100010B51430FFF7E6FF10BD0300FC33596EE8
:104E20009A6E914205DB5A6E986E801A5E30FF30A2
:104E30007047986E5B6EC01A0138F9E710B57D3087
:104E4000FF30FFF7EAFF10BD70B504000069FFF7FF
:104E500098FD002805D02069FFF7A3FD2069FFF722
:104E600095FD2069FFF77DFD002824D025002069ED
:104E7000FFF797FDAF21FC350600A86F4900013010
:104E800003F0EEF9EB6F994203D0AB6FE3181E7598
:104E9000A967BA239B00E35CFF2B0CD020001430E1
:104EA000FFF7BBFF092806DCBB23BD229B00920055
:104EB000E358A2581A602069FFF76EFD00281DD044
:104EC00020007D30FF30FFF78DFF002825D09E2386
:104ED0009B00E618B26E736E9A421BD0BE22AF21C1
:104EE000B36EB06EE3185200013049009D5C03F0D0
:104EF000B7F9B1662069E9B2FFF757FD2069FFF7FE
:104F000035FD002805D02069FFF734FD2069FFF743
:104F100024FD70BD01256D42ECE72069FFF751FDCE
:104F2000ECE70000F7B5040000690E00FFF734FD60
:104F3000002847D1AF277F009E239B00E518686EAD
:104F4000AB6E39000130019303F08AF9019B99425D
:104F500024D1EFF31083DB070ED4204B5B68DB0515
:104F6000DA0D002BE8D0103A53B212060DD49B088C
:104F70001B4AC0339B009B582069FFF70DFD00289A
:104F8000DAD02000FFF760FFD6E70F221340083B7E
:104F9000144A9B089B009B181B68EDE7AF21686EC5
:104FA0004900013003F05CF9AB6E994205D0BE2296
:104FB0006B6E5200E3189E5469662069FFF7FDFC92
:104FC0000120FEBD20007D30FF30FFF70BFF0028E1
:104FD000B0D131002069FFF7E8FCF1E700ED00E017
:104FE00000E100E01CED00E070B50500FC35EA6F63
:104FF000AB6F04009A421DD0AF21EB6F4900C3187C
:10500000E86F1E7D013003F02BF9E967BA239B009E
:10501000E35CFF2B0CD020001430FFF7FEFE0A28C3
:1050200006DDBC23BD229B009200E358A2581A6003
:10503000300070BD01267642E8E710B5041E05D0A9
:1050400006F09EF9210003F0F5F90C00200010BDD8
:1050500010B50400884203DA081AFFF7EEFF24189F
:10506000200010BDFEE7FEE7034B10B51B68002BC8
:1050700000D0984710BDC046E01100200F4A1048EC
:10508000110010B50F4B824202D0934209D1130098
:10509000824209D100F0B6F800F082F8FEE710CBAA
:1050A00010C18142FBD3F3E7074A8B42F2D00021C3
:1050B000064B9A42EED202C2FBE7C0460000002037
:1050C00084010020A4BD000084010020E817002016
:1050D00010B500F062F8002801D100F053F810BDBF
:1050E000014B18607047C046E0110020014B186862
:1050F0007047C046E4110020F7B5134801228446EA
:105100001249134C8E68636805689B0E1340019228
:1051100088686268019F920E3A4067463F689342F2
:105120000ED1BD420CD186420AD35B19FA254868DC
:10513000AD00861B07486B437043000DC018FEBDD1
:105140003D0013000600E3E7E411002010E000E05A
:1051500000ED00E05555000070B5041E11D0FFF7BA
:10516000CBFFFA260500B60000F016F8FFF7C4FFE3
:10517000401BB042F8D3FA23013C9B00ED18002CF1
:10518000F4D170BD10B5034A13680133136000F009
:105190003FFB10BDE41100207047002070477047AE
:1051A00010B500F0F9F805F0F7FFFFF7F8FF012060
:1051B000FFF7D2FF094C200000F088FD200000F02E
:1051C000FDFDFDF727F8FDF729FEFFF7E5FF044B8E
:1051D000002BF8D000E000BFF5E7C046E811002042
:1051E0000000000010B505F0FDFF10BD10B505F082
:1051F000F9FF10BD10B505F0FFFF10BD10B505F0AB
:10520000FBFF10BD1E22F0B5504851494368514D77
:1052100093431A0002231343436008238A6913430C
:10522000FE228B612B68D2039B0213404A4A134330
:105230004A4A936113000422DC681442FCD0012422
:10524000474A14701678264203D0567876B2002E5C
:10525000F8DB01249460547864B2002CFBDB414CF1
:105260005460547864B2002CFBDB8224E401548047
:10527000547864B2002CFBDB02249C840E34DE687C
:105280002642FCD0384CDC621024DE682642FCD07A
:105290002C68A40E3F2C00D1203C9E6A334FA40200
:1052A0003E4034439C629C6A314EA40AA4023443BB
:1052B0009C62304CDC6200249C841034DE68264200
:1052C000FCD02D4C9C841024DE682642FCD00224A5
:1052D0009E8C34439C841024DE682642FCD000243B
:1052E0009460547864B2002CFBDB244C54605478F6
:1052F00064B2002CFBDB1C6A214E344080261C6209
:105300001C6AB4431C62032393601E4B53605378A2
:105310005BB2002BFBDB0023FF240B721A4A4B729B
:105320008B72CB72194B1A60194A2B6811689A0656
:105330005B01C90E2340520F12020B431343154A5F
:1053400013858023426813434360F0BD0040004151
:1053500000040040246080000606000000080040B1
:10536000000C004001040100B905FF7DFF03FFFFB1
:10537000FF01000080BB0A1C240500000007030099
:10538000FFFCFFFF03060100006CDC027000002040
:105390002060800000400042FA212E4B10B51868B2
:1053A000890002F0D7FE802301385B0498424FD277
:1053B00029492A4A4860C020136A00061B021B0ABA
:1053C0000343136200238B6007330B608021136A51
:1053D00009061B021B0A0B431362FC22204B196AAD
:1053E0000A431A62FF22196A12020A431A62A022B1
:1053F000196AD2020A431A621A4B1C005A7852B236
:10540000002AFBDB184A5A80184B1A00597EC9093A
:105410000129FBD0C821890099800521D970537ECC
:10542000DB09012BFBD0C02300205B0113619070CE
:1054300000F048F863785BB2002BFBDB0C4B0D4AA5
:105440006380D379DB09012BFBD04123537010BD5E
:10545000FEE7C0467000002010E000E000ED00E034
:1054600000040040000C00401E40000000400042CC
:1054700021400000004800420F4B302218600F49C5
:105480000F4B0A2809DD988890439880243A0A60D7
:105490005A7ED209012AFBD07047082806DD988879
:1054A0009043202202439A800A22F0E79888024320
:1054B0009A800822EBE7C0467800002074000020A4
:1054C000004000421F4900B50B004A7ED209012A64
:1054D000FBD001380A282FD802F028FE1B2E2E2ED2
:1054E0002E2E062E2E2411001A6917490A400F216C
:1054F0001A615A788A43110001220A4310E01A699E
:1055000011490A400F211A615A788A431100032277
:10551000F3E71A690C490A400F211A615A788A4345
:105520005A7000BD1A6908490A400F211A615A7859
:105530008A4311000222E0E7F022196912050A43AA
:10554000F3E7C04600400042FFFFFFF010B5040043
:10555000052800D808340121200000F0DBF8082CD1
:105560000DD12D4B1900DA79D209012AFBD0022086
:105570001A7882431A70CB79DB09012BFBD02749BB
:105580000B004A7ED209012AFBD018206043244C2C
:105590000A692418207C1F242040A24302430A6188
:1055A0005A7ED209012AFBD0022219780A431A70C6
:1055B0005A7ED209012AFBD00222197B0A431A73B0
:1055C0001A7ED207FCD501221A765A7ED209012A08
:1055D000FBD00222197B0A431A731A7ED207FCD52C
:1055E000588B80B25A7ED209012AFBD002211A7848
:1055F0008A431A705A7ED209012AFBD0094B1A68D5
:10560000094B1B689A4202D002D9D31AD84010BD68
:105610009B1A9840FBE7C046004800420040004209
:1056200058B700007400002078000020182310B53F
:1056300008245843134A13181C57013412D001246C
:105640005B6882569C4003290CD808000E49D201A1
:105650005218D318403302F069FD0210060B0221E4
:105660001970546010BD0621197054609461F9E7F7
:105670000621197054605461F4E742211970946056
:10568000F0E7C04658B70000004400411823F0B5C9
:1056900008245843114A13181C5701341BD0012603
:1056A00035005F688356BD400D4ADB019A1890684B
:1056B00005420BD10C00601E8441D2194032107893
:1056C00034400336A400B04320431070044A9B18B2
:1056D000002901D15D61F0BD9D61FCE758B7000074
:1056E00000440041182310B5082443430749002013
:1056F000CA181457013408D05B560549DB015B1802
:10570000186A5368D8400123184010BD58B70000EC
:1057100000440041182370B5082643432A4AD5188F
:10572000AE573400013607D0072907DC00291DDAFF
:1057300001314C424C416442200070BD0B00083BDB
:10574000DBB20024032BF7D8092903D12100FFF78E
:105750006DFFF1E70A2904D10839FFF767FF00243C
:10576000EAE700240B29E7D10A39F0E76C68012544
:1057700020009B56C9B262082840DB012C4211D0A0
:1057800012480E351B189A1830321078090128403B
:105790000143C9B2117041221B19403319780A43E1
:1057A0001A70DCE70F26094D5B199A18303215780C
:1057B0001B19B54329431170412240331978040065
:1057C0000A431A70B8E7C04658B7000000440041C9
:1057D000F8B505000E0017000024BC4208D02B6865
:1057E0002800315D1B689847002801D00134F4E798
:1057F0002000F8BD014B18607047C0467C000020B7
:105800000122024B52421A607047C0467C000020C1
:10581000124A1368591C20D0013B1360002B1CD185
:1058200072B60F4B01221900187D1042FCD02022C5
:10583000188BFF3202431A830A4ADA610A4A1A8035
:1058400001230A7D1A42FCD0BFF34F8F074B084A51
:10585000DA60BFF34F8FC046FDE770477C00002041
:10586000004000410210000002A5FFFF00ED00E033
:105870000400FA05704770B50F26CB1D02003240B8
:10588000D5B22C0000093034092A00DD07341C7021
:105890005A1E994200D170BD1300EFE710B5040005
:1058A000806905F0A9FCA06A05F0A6FC200010BDE7
:1058B00010B50400FFF7F2FF2000FFF79BFC20006B
:1058C00010BD000070B5032908D1324B8000C058CC
:1058D000002802D00368DB68984770BD82291FD179
:1058E000C3B22D4D5A01AA1891692C4C80010C406D
:1058F000C02189052143916129490833401880213D
:1059000050612A685B01D018047949422143017132
:105910007020995C81430800302101439954DCE7F1
:105920000029DAD1C024C1B21B4E4A01B2189368D3
:105930001A4DA4052B40234393601A4B8001C018D5
:105940000B0050603068072608335B01195CB143D7
:105950000E0001213143195491690D402C4394618B
:1059600070240F495161195CA1430C00102121439F
:10597000195491680C4CC3180C40802149032143F1
:1059800091609168890B89039160402259790A439B
:105990005A71A2E7EC110020A0160020FFFFFF8F34
:1059A00014120020D4130020FF3F00F0EFF3108307
:1059B00003600123436072B670470368002B02D175
:1059C00062B6BFF36F8F704737B50569040068464C
:1059D000002D14D1FFF7EAFF019B621D013B02D3AA
:1059E000D57FEDB2FAE768460193FFF7E6FF002D99
:1059F00001D100203EBD206AE369C01AFAE7FFF733
:105A0000D5FF22000025019B3432013B02D31578DB
:105A1000EDB2FAE768460193FFF7CFFF002DE8D01B
:105A2000206BE36AE9E70000F0B5FF250126426834
:105A3000836811682B405B01CC186419A77AD318CE
:105A40003E43A672C6689C680B4FB60436093C40BC
:105A500034439C6083682B405B01D2189468A40B8C
:105A6000A4039460402283682B4008335B01CB1869
:105A700019790A431A71F0BDFF3F00F0F7B50569C7
:105A800004000E0017006846002D43D1FFF78EFF7B
:105A9000019B601D013B5A1C0BD0C27F591E002A7E
:105AA00005D168460193FFF788FF2800FEBD0B0073
:105AB000F1E768460193FFF780FFE369AF420AD040
:105AC000226A9A4207D95A1CE261A269D3181B784C
:105AD00073550135F1E7226A9A42E6D10023E3616A
:105AE000013368462361FFF761FF22000021019B1B
:105AF000671D013B3532581CD3D0F97710785E1EF4
:105B0000002805D0200011700193FFF78DFFECE70E
:105B10003300F0E7FFF74AFF2000019B3430013BE0
:105B20005A1C06D00278591ED5B2002AB9D00B00F3
:105B3000F6E7684601930025FFF73FFFE36ABD42A1
:105B400002D0226B9A421CD8226B9A42ADD100231C
:105B50006846E3622361FFF729FF27002200002146
:105B6000019B3437013B3532581C9AD0397010787C
:105B70005E1E00280DD0200011700193FFF754FF26
:105B8000EBE75A1CE262A26AD3181B787355013501
:105B9000D4E73300E8E7F7B582684368D2B2110072
:105BA00004000831186849014118C879C00729D58F
:105BB00001255201CD719B189A6861699204920C7B
:105BC000002923D12262226A002A41D0A26A65619B
:105BD00068465A60FFF7EAFE342294462200019B91
:105BE000671D013BA4443532591C2DD06146FD7719
:105BF0000978581ECEB2002905D001936846157069
:105C0000FFF7DBFEF7BD03001670EDE72263226BA2
:105C1000002A1DD0002227006261A26968465A60EE
:105C2000FFF7C4FE019B621D9446013B34373032BE
:105C3000591C09D061463D70C97F581ECEB200295B
:105C4000DBD103001670F3E768460193FFF7B5FE5A
:105C50002000FFF7E9FED5E713B56A4600230C00E4
:105C6000D01DD37100F0EAFD23681818206000F001
:105C700079FE6B46D91D00F041FE236818186B466B
:105C80002060D87916BD000003290ED180220E4B6A
:105C900062311B68FF31585C524202435A546822F9
:105CA0006339FF32FF39995470470129FCD18022B2
:105CB000054B24311B68FF31585C524202435A5451
:105CC00028222339FF32EDE7A016002070B5002509
:105CD0002F4B012104000F201D70FFF7A7FC0121AD
:105CE0000F20FFF7D3FC2B4B01210E201D70FFF777
:105CF0009DFC01210E20FFF7C9FC2023264A0F201E
:105D0000D1690B43D361012224490B7813430B70F3
:105D1000234B19788143197006211D782943197086
:105D200020490D782A430A701A7802401A706022BE
:105D300019780A431A701C4B1C4A5A805A78D209A7
:105D4000FCD11B48FFF7CCF91A4D280000F01EFECD
:105D5000280000F031FE7F212B68C1201A788000D6
:105D60000A401A70042219780A430C211A701A8901
:105D70008A4311491A810A581202120A0A508022D3
:105D80000A6019787E3A0A431A700123237070BDA5
:105D9000091200200812002000040040584400416D
:105DA0003C44004159440041000C004006400000C2
:105DB00081670000A016002000E100E000780028C4
:105DC00010D00121084B1B681A898A431A810822C6
:105DD000198B0A431A830422198B0A431A8300225F
:105DE000024B1A607047C046A0160020981600208B
:105DF0000A000E498B699B0B9B038B610B68022188
:105E0000FF3319729879823901439971197A890798
:105E1000FCD57F20064B0240997A814311438022B2
:105E20009972997A52420A439A727047A0160020DA
:105E30000050004110B50B790C00002B0CD108006C
:105E400000F00AFD002801D0012010BD094A936925
:105E50009B0B9B039361F7E700F084FD210000F0AA
:105E600071FD0028F0D1034A93699B0B9B0393615A
:105E7000EBE7C046A0160020F7B50D001100832AFD
:105E800019D1EBB2324C5A01A21891693148AD01D7
:105E90000840C0218905014391612F4920686D1890
:105EA0007021083355615B011A5C8A43110040225E
:105EB0000A431A54F7BD022A45D1284AAB00985824
:105EC000002802D003685B6998473820FFF78AF9F9
:105ED000234B8027036000231D4E7F00421D036279
:105EE00003614361C36146608560C760D3772F3229
:105EF000C3620363040013703800537005F072F935
:105F00000190A061380005F06DF9EBB25A01A06272
:105F1000B21891680F4808330840C0218905014331
:105F20009160316807265B01585CAD00B043060004
:105F3000032030435854019B20005360FFF774FD49
:105F4000064B5C51B6E72800FFF7BCFCB2E7C04641
:105F5000A0160020FFFFFF8F14120020EC1100207C
:105F6000B0B9000070B505000124064BA200D2585C
:105F7000002A05D021002800FFF77EFF0134F4E756
:105F800070BDC04680000020084B8A00D05810B574
:105F9000002803D003689B68984710BD044BC9B222
:105FA0004901591888688004800CF6E7EC1100203C
:105FB000A016002010B50C00FFF7E6FF00280CD05B
:105FC000064BE4B219688023083464010C19627925
:105FD0005B42134363710223E37110BDA0160020DE
:105FE00070B5CBB2124A13485C01890189180219B5
:105FF00051609168104D08330D408021890229437A
:10600000402591609168890B8903916001685A016C
:106010008A1816793543157195796D06FCD55B01A3
:10602000C918CB79DB07FCD500198068C0B270BDF8
:10603000D4130020A0160020FF3F00F070B514001C
:1060400040220B4B0D001B68FF3359790A435A71EC
:106050000021FFF7C5FFA04200D920000023054919
:10606000A34203D0CA5CEA540133F9E770BDC046CD
:10607000A0160020D413002010B50C48C9B2490165
:10608000421893689B049B0C3F2B0BD99468403BB0
:106090009B04A40B9B0CA4032343936041188868C2
:1060A000C0B210BD93689B0B9B03F6E7A0160020BF
:1060B000F0B51C002F4B85B01B6806000D00019247
:1060C000002B54D02C4F3B78D9B2002B02D10E209C
:1060D000FFF7DCFA64233B70284BAA00D058002855
:1060E00008D0036822005B680199984704002000EB
:1060F00005B0F0BD29003000FFF746FF844204D907
:1061000029003000FFF740FF040029003000FFF7AE
:10611000B3FF0121EBB21A4F03935B010293029A82
:106120003B6801989B18FF335A7A0A435A72154B01
:10613000A9012200C91805F069F8002CD7D0290060
:106140003000FFF721FF0028D1D14021039B3A689E
:1061500008335B01D3181879014319710121D971F2
:10616000029BD318FF339A7A0A439A72BFE701243D
:106170006442BCE79816002008120020EC110020B1
:10618000A0160020D413002013B56B46DC1D22009E
:106190000123FFF78DFF012801D1207816BD0120D2
:1061A0004042FBE7F0B51C003A4B85B01B680E007F
:1061B0000192002B3FD08023DB019C423BD8364D1F
:1061C0002B78D9B2002B02D10F20FFF75FFA64239E
:1061D00000272B70314BB201D3180293002C2CD026
:1061E0002F4B1B680393FF2333401D00009308359A
:1061F000039B6D015D19AB79DB0921D0294B2A493D
:10620000186801F0A7FF294B1721584301F0A2FF9E
:10621000274BEA79920713D49A5D002A01D10138FD
:10622000F7D201229A55009B5A011D4B9B189A697F
:10623000920B92039A6101277F42380005B0F0BDAE
:1062400000221B4B25009A55402C00D940252A00DE
:106250000199029804F0DAFF009BA9045A01104B3F
:10626000890C9B18029A7F195A619A69641B920BD8
:1062700092030A439A61009B039A08335B01D31887
:106280000222DA715979823A0A435A71019B5B19E9
:106290000193A3E798160020091200201412002091
:1062A000A01600207000002040420F007011010075
:1062B0000B12002070B50C001D000D4BA601F61846
:1062C000110030002A0004F0A1FFE4B2094A640181
:1062D00014196661A369084928000B40A361A169EC
:1062E000AB04890B9B0C89031943A16170BDC046A7
:1062F00014120020A0160020FF3F00F0F7B5104B4D
:106300000F001B7814000190002B0CD10D4B1600D0
:106310001D78002D09D00C4E0C48358828182D19F1
:1063200004F074FF35802000FEBD002EFBD033004A
:106330007A1900210198FFF7BDFF2D18361AF4E7EE
:106340009415002095160020961600209515002023
:10635000F8B50F0016000024012A26D9100004F019
:1063600041FF0500380005F04FF8032302220130F9
:10637000400028706B7096420DD9397800290AD0F8
:10638000531CDBB20137A9549E4203D00232EC54B5
:10639000D2B2F0E7320029000548FFF7AFFF441EF4
:1063A000A041C4B2280004F027FF2000F8BDC04679
:1063B000E8110020F0B50025012785B0184B0E002C
:1063C00069461F7004000095FFF746FC154B01A9B4
:1063D0000B806A3BFF3BCB716E3B0B72009B320024
:1063E00009334B800E4B8D714F7108711D70092E52
:1063F0000FD00D4E092237700C4F200000953D80C4
:10640000FFF77CFF69462000FFF726FC3A88084921
:1064100035702000FFF772FF012005B0F0BDC046C7
:106420009415002009020000951600209616002001
:1064300095150020F0B5CF7805000E0093B0022F1F
:1064400009D1C9882B48FFF7B5FF441EA041C4B24B
:10645000200013B0F0BD00F085FA310000F062FAC0
:10646000002803D0C417241AE40FF1E7012F0BD141
:10647000F2882149112A11D8D2B2002A0ED0280060
:10648000FFF73CFF0124E3E70400032FE0D1B378DA
:10649000002B05D1F2881949032AEDD90A78EEE7D5
:1064A000022B06D1F28816492800FFF751FF04009D
:1064B000CEE7012B02D1F2881249F5E7032BC7D1B1
:1064C000114B01A91868FFF7D6F9104B03A91868FA
:1064D000FFF7D1F90E4B05A91868FFF7CCF90D4B62
:1064E00007A91868FFF7C7F96B460533DC77F28810
:1064F00001A9D9E7E8110020DFB90000D2B90000F6
:10650000C8B90000D6B900000CA0800040A08000EF
:1065100044A0800048A0800037B5050048780C00F2
:106520000B2810D801F002FE061B0F310F484D75E5
:1065300051546E71097801AA002906D102231180F5
:106540002800FFF7B7FE01203EBD00231380324B29
:106550001B78012B00D1137002230021F0E78A7809
:106560000023012A09D16A4693802C4B1B78012B0A
:1065700000D11371022301AAEFE7274A1370284ABA
:1065800093699B0B9B039361DDE78C78012C07D10A
:10659000224B01AA1C70234B1B7813702300DCE7ED
:1065A00000208442D0D11C4B01301D4A18709369E1
:1065B0009B0B9B039361C7E728008978FFF718FCC2
:1065C000C1E72800FFF736FFBEE70123164AC4E7FC
:1065D0000B780020DB06B7D12800FFF7C3FC2A2088
:1065E0000221A278104BFF301A600D4A13681C5C20
:1065F00021434A241954FF34195D2938FF380143D7
:106600001955D4E70123094AA7E78A78074B1A608E
:10661000B5E7002098E7C0460A12002012120020B9
:10662000A0160020A4B90000981600209C16002097
:106630004B4BF7B51C780700002C00D083E0494E87
:1066400033689B8B1B070ED521002000FFF73AF91A
:10665000326810231100FF31887A03438B72424B5A
:106660001C600823938333689A8B52071FD504223A
:106670009A833E4A1378002B0AD01378013BDBB291
:1066800013701378002B03D101210F20FEF7FEFFBA
:10669000374A1378002B0AD01378013BDBB2137012
:1066A0001378002B03D101210E20FEF7EFFF336892
:1066B000FF331A7AD2061ED510221A725979303257
:1066C0000A435A7160232B4938000A781A423BD199
:1066D000FFF722FF3368FF33002838D080229979F2
:1066E00052420A439A711A7A520604D540221A720B
:1066F000597A0A435A72336800241D8C01239D4342
:10670000EDB20193E1B2002D1DD02B002341019A7F
:10671000134215D02300326808335B01D318DA79AD
:10672000D20702D4DB799B0707D5134BA200D058C0
:10673000002810D003681B689847019BA3409D4325
:106740000134092CDED1F7BDFFF774FBC2E720212D
:106750000A4A9171C7E73800FFF796FAEDE7C0469D
:1067600095160020A016002098160020091200207F
:1067700008120020D4130020EC110020FF5000412B
:1067800010B50248FFF754FF10BDC046E8110020C5
:10679000014B024A1A607047A016002000500041C9
:1067A0003F20704713B56B460268D97107335468B0
:1067B00019000122A04716BD10B502210069FFF79C
:1067C000E3FB10BD10B503210069FFF7F3FB10BD1B
:1067D00010B51300084A0400D279002A03D101231E
:1067E0000020636010BD0A0000690321FFF7DAFC96
:1067F0000028F4D0F6E7C046AC00002010B5054CE8
:1068000003002068421C04D11A681800526990479E
:10681000206010BDF8000020074A0300106810B582
:10682000411C03D001235B42136010BD0221186993
:10683000FFF7AAFCF9E7C046F800002010B503787E
:1068400042220233037002490248FFF757FD10BD90
:10685000B4000020E811002010B501780300427850
:106860000020A12908D1212A05D1174917481A3A31
:10687000FFF744FD012010BD2129FCD1202A13D1AE
:1068800011491248193AFFF7D9FB96220E4BD20054
:10689000196891420ED1DA7901231A420AD1FA20FD
:1068A000FEF7A8FF0020E6E7222A06D19A78064BD9
:1068B000DA71EAE7FEF7A4FFF4E7232ADBD15A886E
:1068C000034B1A60D7E7C046AC000020E811002057
:1068D000A8000020FA220021054B92009A60054A88
:1068E00008321A60044A59601A6119767047C04626
:1068F000A4170020F4B90000E811002070B50E00C4
:1069000000254468002C0BD02368310020005B6810
:106910009847002802DBE4682D18F3E701256D4253
:10692000280070BD70B50D004468002C08D02368A5
:10693000290020009B689847002802D1E468F4E70A
:10694000200070BD70B50D004468002C08D023688D
:10695000290020001B689847002802D1E468F4E76A
:10696000200070BD064A0123116810B50C000548CF
:106970001C40194203D1044944600180136010BDDA
:10698000C0170020C41700200204000070B50400E6
:10699000012320CC00212A782000134380222B7071
:1069A000520004F03CFCAB78DB07FCD4AB789B07CF
:1069B000F9D46C6270BD00001F22144B70B51B68C7
:1069C000590B9C0C9B0111405B0F22401F2900D1E9
:1069D0001A391F2A00D1023A072B00D1043B1F2588
:1069E00000688E01048D0A492A4021403143018507
:1069F000018D14000A00AA4322430285028D190367
:106A0000044B13400B43038570BDC04624608000D7
:106A10003FF8FFFFFF8FFFFF030010B508001900CC
:106A200004F0A6FB10BD0000D0B5254A4B0086B08F
:106A30005B08934222DD234A934209DD02000B00EA
:106A400003F092FE02000B001000190006B0D0BD4A
:106A500002AA00F087F903231840049A059B012835
:106A600013D0022822D0002819D0029803990124BB
:106A7000009401F021FA02000B00E5E70022002358
:106A800000F0A0FC02000B00DEE7009002980399E2
:106A900001F012FA80231B060200CB18D4E70298FB
:106AA000039900F08FFC02000B00CDE702980399D8
:106AB00000F088FC80231B060200CB18C4E7C04608
:106AC000FB21E93FFFFFEF7F434AF8B54746904679
:106AD0004B005B0D9844CE46424680B505000C0045
:106AE0000E000700132A25DC002A4CDB3B4B134128
:106AF00099460B40034317D0394A3A4B28002100EE
:106B000002F056FC0022002301F0C4FC002809D04A
:106B1000002C04DA8026434676031E4136194B4684
:106B200000279E433D003400280021000CBC904605
:106B30009946F8BD332A0CDD8023DB009845F3D15C
:106B400002000B002800210002F032FC05000C00BE
:106B5000EAE7254A9446012263445242DA409146CC
:106B60000242E1D01E4A1F4B2800210002F020FC07
:106B70000022002301F08EFC0028D3D0002C1ADB69
:106B80004B469F43CEE7164A164B2800210002F0E1
:106B90000FFC0022002301F07DFC0028C2D0002C55
:106BA00002DB00270026BDE76400640800272543B8
:106BB000B8D00E4EB6E74346142B09D03422D21A71
:106BC000012393405D19BD4204D22F00661CD7E714
:106BD000661CD5E72F00D3E701FCFFFFFFFF0F0086
:106BE0009C7500883CE4377EEDFBFFFF0000F0BFA2
:106BF000F0B5CE46474680B58DB004000D0000F0DC
:106C0000B1FA2B4B06001B780F005BB2994601339B
:106C100010D022002B002000290004F037F9804614
:106C2000002807D1002200232000290001F01EFCCB
:106C3000002806D1300039000DB00CBC90469946B2
:106C4000F0BD012302931B4B069407950393434623
:106C50000A934B4604940595002B15D0002300227F
:106C60001900100002F00EFF4B4608900991022B0C
:106C70000ED104F08BFA212303600A9B0193002BB1
:106C80000FD1089E099FD5E700230024089309949B
:106C900002A801F0CDF90028EBD00A9B0193002B4C
:106CA000EFD004F073FA0A9B01930360E9E7C04652
:106CB000FC00002018BA0000F0B500278DB0041CBD
:106CC00000F028FB254B051CDF577B1C0BD0211C3B
:106CD000201C02F0B5FA061E05D10021201C01F08F
:106CE000FFFB002802D1281C0DB0F0BD0123029348
:106CF0001B4B201C03930A9604F04CF9002200233E
:106D00000690079104900591002F15D010001900EE
:106D100002F0B8FE08900991022F0FD104F036FA64
:106D2000212303600A9B0193002B10D10898099935
:106D300004F078F9051CD6E70892099302A801F03F
:106D400077F90028EAD00A9B0193002BEED004F0DB
:106D50001DFA0A9B01930360E8E7C046FC0000208F
:106D600020BA0000F0B54E465746DE464546E0B52F
:106D7000DB4B4E00170089468FB076089E4200DC40
:106D800084E0D84B9E4228DCD74A002900DC89E108
:106D9000D64B03F0E9FCD54B04000D009E4200D118
:106DA0008AE0D34AD34B03F0DFFC02000B00200043
:106DB0003A607B60290003F0D7FCCE4BCC4A03F04D
:106DC000D3FC01239846B860F96040460FB03CBC44
:106DD00090469946A246AB46F0BDC74B9E4200DCAA
:106DE00086E0C64B9E425CDCC5493215884690441D
:106DF00043461B05F51A2900040004F065F804F069
:106E000099F802000B00200029000892099303F072
:106E1000ABFC0022BB4B03F03BFA0D00040004F076
:106E200053F8060004F086F802000B002000290049
:106E30000A920B9303F098FC0022B24B03F028FA5D
:106E4000002200230C900D9101F00AFB002800D1D4
:106E5000FCE033005E1EB3410133AB4A39000192BE
:106E6000022208A80092424600F0C4FB4B4680462E
:106E7000002BAADA8022120694467B6863447B606A
:106E8000FB686344FB60434298469EE702000B00A8
:106E90003A607B6000230022BA60FB6000239846C2
:106EA00093E70B00020003F05FFC0023B860F96079
:106EB00098463860796088E7D3228E4B520503F0FC
:106EC00053FC924A924B04000D0003F04DFC02006B
:106ED0000B0020003A607B60290003F045FC8C4BDE
:106EE0008A4A03F041FC0123B860F96098466CE7D8
:106EF00001F09AF8874A884B04000D0003F0C8F9A6
:106F00000022864B02F054FA03F0DEFF804604F0C4
:106F100011F8754A754B0490059103F0B9F9020018
:106F20000B002000290003F01FFC724B029003911C
:106F3000049805996E4A03F0ABF9434604000D002E
:106F40001F2B36DC764A013B9B009B58B34230D066
:106F50000298039922002B0003F006FC82468B4620
:106F600052465B463A607B600298039952465B4604
:106F700003F0FAFB22002B0003F0F6FB03000800ED
:106F80001A0019000300BA60FB604B46002B00DBBF
:106F90001BE7802380241B069C4643465546240657
:106FA0005C4460445B4298463D607C60B960F86038
:106FB0000BE72B0002980399220003F0D5FB4B004E
:106FC00036155B0D82468B46F31A102BC8DD0498EC
:106FD0000599D322474B520503F05AF904000D00DE
:106FE00002000B000298039903F0BEFB02000B00A5
:106FF000029803990692079303F0B6FB22002B0038
:1070000003F0B2FB04000D00049805993F4A404B81
:1070100003F03EF922002B0003F0A6FB0B00020058
:1070200004000D000698079903F09EFB4B005B0DD2
:1070300082468B46F61A312E0ADC02000B003A60BB
:107040007B60069A079B029203938DE7032304E774
:10705000B822049805992E4B920503F019F9040003
:107060000D0002000B000698079903F07DFB02005B
:107070000B00069807990292039303F075FB220018
:107080002B0003F071FB04000D0004980599254ABC
:10709000254B03F0FDF822002B0003F065FB0400F4
:1070A0000D0055E7114B02F083F9104B04000D0061
:1070B0009E423BD00E4A0F4B02F07AF902000B00C1
:1070C00020003A607B60290003F04EFB084A094B20
:1070D00002F06EF901235B429846B860F96074E6ED
:1070E000FB21E93F7BD9024000004054FB21F93FDE
:1070F0003163621A61B4D03DFB213941FFFFEF7F5C
:10710000EAFBFFFF00007041A8BA00007370032E75
:107110008A19A33B83C8C96D305FE43F0000E03F9C
:1071200028BA0000C14920259A837B39D3220A4B13
:10713000520502F03DF9094A094B04000D0002F026
:1071400037F902000B0020003A607B60290003F051
:107150000BFB024A024BBBE761B4D03D7370032EB8
:107160008A19A33BF8B5684BCE4647460500020096
:1071700018000C0080B50840984200D1A0E000291A
:1071800069DD081500D177E0604B0903C41880233E
:10719000090B5B030B43C10703D4D00F5B00C3187B
:1071A0005200611088465B00D10F5B1800218020DF
:1071B00016248C46520080030D189D4202DC2918CB
:1071C0005B1B8444D50F5B00013CEB185200400868
:1071D000002CF1D10020814680202026000609E005
:1071E0008B425ED0D50F5B00013E5B195200400818
:1071F000002E16D005198B42F2DD0F002C18002D41
:107200004BDB5B1AAA42894149425B1A521BD50FDC
:107210005B00013E814439005B1952004008002E9A
:10722000E8D1134345D14B465E0863465910384BAD
:10723000994663464944DB0702D580231B061E435B
:1072400043461805431835001C00280021000CBCDB
:1072500090469946F8BD4B005B082B43F5D00020C3
:1072600000293AD1D30A190015385205002BF9D05C
:1072700080246403234241D1802300245B0349001E
:10728000250001341942FAD020260B001100A2403B
:10729000361BF140401B194376E7E743FF0FCF1938
:1072A000AFE795429ED82C18002DF6DB1F00002377
:1072B000ACE74B4601331DD04E4601367608B4E7A5
:1072C0002A000B002800210002F0E2FF2A00230020
:1072D00002F06EF805000C00B7E72A000B0028004A
:1072E000210003F041FA02000B0002F0CBFB050085
:1072F0000C00AAE701239946CC4496E7012511002A
:1073000020266D42C5E7C0460000F07F01FCFFFF6C
:107310000000E03FFF21420070B50300041C52084A
:10732000C9058A423AD2002A37D000283FDBC5156A
:1073300001420BD1802109040A00024001423DD1E3
:107340005B00100001320B42FAD02D1A5B025A0A80
:10735000802328001B047F381343EA0725D58022A9
:1073600019210026002540105B005204AC189C42F5
:1073700002DCA5181B1BB61801395B005208002956
:10738000F4D1002B02D0012301369E43FC239B0540
:107390009C4676106644C005801970BD011C01F042
:1073A0006DFC211C01F004F9F7E75B00D7E7011C35
:1073B00001F07EFD011C01F097FAEEE7012040424A
:1073C0002D1AC3E7F0B54746CE4680B587B0009288
:1073D0000193F9234F00814688467F089B059F4211
:1073E00063DA03F071FD002800D1DAE04A46434633
:1073F0004846414602F04CFF04000D006A4A6B4BC0
:1074000002F046FF6A4A6B4B01F0D2FF22002B00CC
:1074100002F03EFF684A694B03F0A6F922002B00F8
:1074200002F036FF664A674B01F0C2FF22002B00D4
:1074300002F02EFF644A654B03F096F922002B0000
:1074400002F026FF624A634B01F0B2FF22002B00DC
:1074500002F01EFF029003910022200029005E4BE3
:1074600002F016FF029A039B06000F00200029007D
:1074700002F00EFF009A019B04000D0048464146B1
:1074800002F006FF02000B002000290003F06CF957
:1074900002000B003000390003F066F902000B0017
:1074A00000204E4903F060F970E002000B0002F08A
:1074B000EFFE04000D003C4A3C4B02F0E9FE3C4A62
:1074C0003C4B01F075FF22002B0002F0E1FE3A4A2E
:1074D0003A4B03F049F922002B0002F0D9FE384A5A
:1074E000384B01F065FF22002B0002F0D1FE364A36
:1074F000364B03F039F922002B0002F0C9FE344A62
:10750000344B01F055FF2B00220002F0C1FE344B3A
:10751000029003919F429FDD324B00229F423ADC52
:10752000314900207B182D4916001F0003F01CF97B
:1075300004900591002220002900274B02F0A8FEAC
:1075400032003B0003F010F9029A039B06000F0083
:107550002000290002F09CFE009A019B04000D000F
:107560004846414602F094FE02000B00200029002C
:1075700003F0FAF802000B003000390003F0F4F8D1
:1075800002000B000498059903F0EEF807B00CBC5C
:1075900090469946F0BD154B002604920593144F72
:1075A000C8E700200D49F1E7D43888BEE9FAA8BD44
:1075B000C4B1B4BD9EEE213EAD529C804F7E923E42
:1075C0009015CB19A001FA3E7751C1166CC1563FF8
:1075D0004C5555555555A53F0000E03F0000F03F84
:1075E0003233D33F0000E93F0000E0FF0000E73FF7
:1075F0000000D23FF0B5DE4657464E464546E0B560
:10760000DD4CA5440D9119001400A49A0A93DB4B9C
:107610009200D2580B00013B04932300069008927D
:10762000143300DAA1E31821E01E00F01DFE030070
:1076300001339A009B1A0590DB00E318059A079323
:10764000049BD41A089AD61814D40136A59F22ADEB
:10765000361907E0A300F85803F06CFC013403C5A9
:10766000B44207D0002CF5DA00200021013403C514
:10767000B442F7D1089B002B01DA00F0FDFB0A9918
:1076800022AA8C469346089A72AB62440392069AE9
:10769000994690460093049B9A46DB009B4408332E
:1076A0009844049B00240025002B13DB5F46002434
:1076B0000025069E3A687B6803CE02F0E9FD0200D1
:1076C0000B002000290001F073FE083F04000D00AC
:1076D0004645EFD14B4630C3994608239C46073BAD
:1076E000E3449C46039BE2449A45DAD10EA8042267
:1076F000844652426244944608998B009C446246F8
:107700008446083B63440B93059B0C92A59A980012
:1077100094460300634405930A9B8846DA00069B5F
:10772000083B9B469344DA4643460099DA00944668
:107730000B0063441E685F6843460992002B32DDEC
:1077400089468F4B4344DB0099440EAB9B46002295
:107750008C4B3000390002F09BFD03F0B5FB03F0C9
:10776000E9FB0022884B04000D0002F091FD0200AD
:107770000B003000390002F0F7FF03F0A5FB5B4679
:1077800001C39B464B4620001A685B68290001F044
:107790000FFE0822524294464B46009A06000F0004
:1077A000E1449A42D3D1079B30001A0039009B462E
:1077B00000F040FCFF2300229B0504000D0002F0B6
:1077C00067FDFFF781F90022704B02F061FD0200B6
:1077D0000B002000290002F0C7FF04000D0003F099
:1077E00073FB814603F0A6FB02000B00200029007A
:1077F00002F0BAFF5C4606000F00002C00DC86E0B9
:107800004346591E89000EAB5B5818201A00001B16
:107810000241914482409D1A0EAB5D5017231B1B01
:107820001D41002D00DD7FE00022002330003900E3
:1078300000F016FE002800D1EAE04346591E089BDE
:107840008B420FDC0EAA94460022514B0C98434405
:107850009B0063441C68043B22438342FAD1002A04
:1078600000D024E1089B0EAA013B9B00D1580122C5
:107870000B9B002900D015E11968043B0132002957
:10788000FAD0012343449B461300434403930A9BCD
:1078900022AA43449046009ADB0094469844099BF0
:1078A000634499465B46059A9B00D05803F042FB1F
:1078B000434618605960049B002B25DB4746002493
:1078C0000025069E02E008363868796832687368D9
:1078D00002F0DEFC02000B002000290001F068FD30
:1078E000083F04000D005645EDD14B469C60DD601D
:1078F00001239C460733E3449C46039BE044E14458
:107900009B45CFDD98460FE700240025EDE7079B58
:10791000002B00D0BDE04346013B9B000EAAD5588A
:10792000ED15002D00DC7FE701239C464346E14432
:10793000002B00DC2FE20E9C002C00D09FE0434681
:10794000012B2FD0012241460FAB1C68002C00D127
:1079500098E08846531C802149040C1B92000EA914
:107960008C5098451DDD9B008C46CA5841468900C5
:1079700008486344614410E094FDFFFFF0BB000041
:10798000FFFFFF1F0000703E00007041000020401C
:10799000FFFFFF3FFFFFFF001A68821A04C38B42FC
:1079A000FAD10124079B002B0EDD012B00D1D1E180
:1079B000022B09D143465A1E92000EAB9B580EA9CA
:1079C00003939B029B0A8B50022D00D02CE73200C0
:1079D0003B000020934902F0C7FE06000F00002C78
:1079E00000D121E7079A00208E4900F023FB020016
:1079F0000B003000390002F0B7FE06000F00002235
:107A000000233000390000F02BFD002800D014E7DF
:107A10004B460693079B30005A423900049500F00C
:107A200009FB0022804B04000D0000F03DFD002802
:107A300000D1EFE17D4B00222000290002F028FC5C
:107A400003F042FA42460600970003F073FA002260
:107A5000754B02F01DFC02000B002000290002F013
:107A600083FE03F031FA0EAAD0514246079B013241
:107A700018330392079393000EAAD65032E00123E5
:107A8000002268E7013204338A4200D05DE788466D
:107A900088E70022664B00F007FD002800D069E16E
:107AA0000025C1E6012343449B460393EFE64B4682
:107AB0000A000693079B0391183B190007930EA831
:107AC0009300C3580495002B0CD18446594B434472
:107AD0009B0063441868043B013A18390028F9D028
:107AE000039207910020079A4E4900F0A3FA039BE6
:107AF00004000D00002B00DAC1E10EAA9446009AA2
:107B00009E00DB00110066449C4661440F008B46DA
:107B100090460593306803F00DFA22002B0002F026
:107B2000B7FB424B3860796000222000290002F048
:107B3000AFFB043E3B0004000D00083F9845E9D12F
:107B4000002399464AAB0093089B9A46534600246B
:107B50000025002B21DB8020374B5F469846002410
:107B6000002500263549C00508E008239C46083753
:107B7000E044B14511DB4346186859683A687B68B0
:107B800002F086FB02000B002000290001F010FC2F
:107B9000013604000D00B245E7DA009A4B469446E0
:107BA0000822DB006344524294461C605D604B46F1
:107BB000039A0133E344914501D09946C6E7009BFF
:107BC0009A46A49B022B3BDC002B00DDE5E01DD197
:107BD000059B002553441E000024574632687368F5
:107BE0002800210001F0E4FB330005000C00083EF2
:107BF0009F42F3D1049B002B03D080231B069C469D
:107C000064442A0023000D990A604B600720069BFC
:107C100018409B239B009D443CBC90469946A2463D
:107C2000AB46F0BD0000F03F000070410000703E28
:107C30000000E03FFEFFFF3FB0BB0000FB21F93F2B
:107C4000A49B032BE2D1039B002B00D12DE1984A8A
:107C5000059B944653441C685D68039B63449B46A4
:107C6000DB0053449846434620001E685F682900A5
:107C700032003B000094019501F09AFB02000B00DA
:107C800004000D003000390002F06EFD009A019BE7
:107C900001F08EFB43469860D9601C605D6008234C
:107CA0005B42C1469C46E044CA45DCD1039B012BA4
:107CB00000DCFAE0059BD14653441E685F685B46D2
:107CC000DB009846C1444B4630001C685D683900B3
:107CD00022002B000096019701F06AFB02000B00C6
:107CE00006000F002000290002F03EFD009A019BD3
:107CF00001F05EFB4B469860D9601E605F60082310
:107D00005B424C469946A144CA45DCD14546002712
:107D100000260835554438002A686B68310001F0A8
:107D200047FB083D07000E00AC42F4D1049B002B3A
:107D30007BD14A9B4B9C0D993A000B604C6053469B
:107D4000DC689B68009301948B60CC6033000A610F
:107D50004B615BE743465A1E92000EAB9B580EA93F
:107D600003935B025B0A8B502EE6182300225B42D2
:107D7000059262E401239C4643460225E144002B20
:107D800000DDD8E532003B0000204A4902F0ECFC5F
:107D900006000F0048E5002404E6059B0025534437
:107DA0001E0000245746326873682800210001F045
:107DB000FFFA330005000C00083E9F42F3D1049BFC
:107DC000002B47D123002A000D990A604B604A9886
:107DD0004B9902F0C9FC039B07000E00002B13DD3A
:107DE00001244CAD38000CCD310001F0E1FA039BC9
:107DF000013407000E00A342F4DA049B002B03D0E9
:107E000080231B069C4666443A0033000D998A6025
:107E1000CB60FBE64346200029009E0003F054F8A7
:107E20000EAB9851434603935CE680210D9A4A9B22
:107E30000906136053468C465B686644634453608E
:107E400053469B68176193605346DB6856616344F1
:107E5000D360DBE680234A984B990D9A1B06E31802
:107E60005360156023002A0002F07EFC039B07008C
:107E70000E00002BB4DCC3E772AB009336E4A49B86
:107E8000022B06DC002B0DDC00D0BFE60025002411
:107E9000B0E6A49B032B00D0B8E64AAB002700262F
:107EA0009A4643E70025002489E700273E003DE786
:107EB000FFFFFF1F0000F03FF0B5CE46474680B5FC
:107EC00087B000920193F9224B00814688465B08F7
:107ED0009205934206DA4846414602F0F5FF002833
:107EE00000D184E04A4643464846414602F0D0F974
:107EF00004000D0002000B004846414602F0C8F99C
:107F00003C4A3D4B06000F002000290002F0C0F95A
:107F10003A4A3B4B02F028FC22002B0002F0B8F951
:107F2000384A394B01F044FA22002B0002F0B0F934
:107F3000364A374B02F018FC22002B0002F0A8F959
:107F4000344B354A01F034FA0E9B02900391002B1A
:107F500038D0009801990022304B02F099F9029A2A
:107F6000039B049005913000390002F091F9020062
:107F70000B000498059902F0F7FB22002B0002F099
:107F800087F9009A019B02F0EFFB254A04000D00DF
:107F9000244B3000390002F07BF902000B00200076
:107FA000290001F005FA02000B004846414602F0A4
:107FB000DBFB02000B001000190007B00CBC904660
:107FC0009946F0BD02000B002000290002F060F984
:107FD000134A144B02F0C8FB32003B0002F058F980
:107FE0004A46434601F0E4F902000B00E3E74A4643
:107FF0004346E0E77CD5CF5A3AD9E53DEB9C2B8A46
:10800000E6E55A3E7DFEB157E31DC73ED561C11975
:10801000A0012A3F1111813FA6F810110000E03F96
:10802000495555555555C53F4B0059087047C046F1
:10803000002070474B0070B55B0D14000A00002B48
:1080400025D14B005B08034320D02B4B002202F0CC
:108050001FF92A4B9C4247DB0A004B005B0D363B65
:10806000274DE318AB421ADC002B37DC1D003535F9
:1080700029DA244B9C4212DC234C244D002938DBA6
:1080800020002900204A214B02F002F970BD204D4A
:10809000AB42E5D102000B0001F08AF9F6E71D4C76
:1080A0001D4D002906DB200029001A4A1A4B02F058
:1080B000EFF8EBE7174C194D20002900154A164B35
:1080C00002F0E6F8E2E7164C363322401B05134374
:1080D00019000022134B02F0DBF8D7E7104C1B0508
:1080E00022401A431100D1E7074A084B02F0D0F8AA
:1080F000CCE7054C0C4DC3E700005043B03CFFFFFC
:10810000FE07000050C3000059F3F8C21F6EA5011E
:10811000FF0700009C7500883CE4377E3CE437FE96
:10812000FFFF0F800000903C1F6EA58102B47146D6
:1081300049084900095C49008E4402BC7047C046AA
:1081400003B47146490840004900095A49008E4469
:1081500003BC7047002243088B4274D303098B424F
:108160005FD3030A8B4244D3030B8B4228D3030C07
:108170008B420DD3FF22090212BA030C8B4202D3A9
:108180001212090265D0030B8B4219D300E0090AD1
:10819000C30B8B4201D3CB03C01A5241830B8B42DA
:1081A00001D38B03C01A5241430B8B4201D34B03C3
:1081B000C01A5241030B8B4201D30B03C01A524128
:1081C000C30A8B4201D3CB02C01A5241830A8B42AD
:1081D00001D38B02C01A5241430A8B4201D34B0296
:1081E000C01A5241030A8B4201D30B02C01A5241FA
:1081F000CDD2C3098B4201D3CB01C01A52418309AE
:108200008B4201D38B01C01A524143098B4201D3E7
:108210004B01C01A524103098B4201D30B01C01A12
:108220005241C3088B4201D3CB00C01A524183088C
:108230008B4201D38B00C01A524143088B4201D3B9
:108240004B00C01A5241411A00D201465241104619
:108250007047FFE701B5002000F0F0F802BDC0460E
:108260000029F7D076E7704703460B437FD40022FE
:1082700043088B4274D303098B425FD3030A8B42BA
:1082800044D3030B8B4228D3030C8B420DD3FF2224
:10829000090212BA030C8B4202D31212090265D0F2
:1082A000030B8B4219D300E0090AC30B8B4201D3A5
:1082B000CB03C01A5241830B8B4201D38B03C01AEC
:1082C0005241430B8B4201D34B03C01A5241030B63
:1082D0008B4201D30B03C01A5241C30A8B4201D314
:1082E000CB02C01A5241830A8B4201D38B02C01ABF
:1082F0005241430A8B4201D34B02C01A5241030A36
:108300008B4201D30B02C01A5241CDD2C3098B421A
:1083100001D3CB01C01A524183098B4201D38B0197
:10832000C01A524143098B4201D34B01C01A52413A
:1083300003098B4201D30B01C01A5241C3088B427F
:1083400001D3CB00C01A524183088B4201D38B006A
:10835000C01A524143088B4201D34B00C01A52410C
:10836000411A00D201465241104670475DE0CA0FE3
:1083700000D04942031000D34042534000229C46A3
:1083800003098B422DD3030A8B4212D3FC228901AD
:1083900012BA030A8B420CD3890192118B4208D383
:1083A000890192118B4204D389013AD0921100E0E5
:1083B0008909C3098B4201D3CB01C01A52418309F9
:1083C0008B4201D38B01C01A524143098B4201D326
:1083D0004B01C01A524103098B4201D30B01C01A51
:1083E0005241C3088B4201D3CB00C01A52418308CB
:1083F0008B4201D38B00C01A5241D9D243088B4221
:1084000001D34B00C01A5241411A00D201466346C3
:1084100052415B10104601D34042002B00D5494227
:10842000704763465B1000D3404201B5002000F066
:1084300005F802BD0029F8D016E770477047C0461E
:108440008446101C62468C46191C634600E0C046F8
:108450001FB501F0ADFE002801D40021C8421FBDA8
:1084600010B501F0F7FD4042013010BD10B501F02C
:108470009FFE002801DB002010BD012010BDC0467A
:1084800010B501F095FE002801DD002010BD01208F
:1084900010BDC04610B501F019FE002801DC002017
:1084A00010BD012010BDC04610B501F00FFE002820
:1084B00001DA002010BD012010BDC0468446081C12
:1084C0006146FFE71FB500F08FFB002801D40021B3
:1084D000C8421FBD10B500F013FB4042013010BD73
:1084E00010B500F081FB002801DB002010BD012049
:1084F00010BDC04610B500F077FB002801DD00205C
:1085000010BD012010BDC04610B500F021FB0028B1
:1085100001DC002010BD012010BDC04610B500F0E8
:1085200017FB002801DA002010BD012010BDC04655
:10853000F0B515042D0C0F0001002E00C646844630
:108540000004140C000C090C46434D436043614386
:108550004019340C241800B5A54203D980204002EC
:1085600080464144250C6D18614659437A433004D6
:1085700049192404000C2018891804BC9046F0BD49
:108580009E2110B5C905041CFFF7C8FF002803D1C0
:10859000201C00F06BFE10BD9E21201CC90500F0C0
:1085A00087FC00F063FE80231B069C466044F2E7D4
:1085B000F0B54646D6464F464D024202C0B5520A75
:1085C0006E0A4700B0463F0E4E00C40FD0009446DE
:1085D0003B008246360EC90FAD098C426DD0B81BE8
:1085E000814600284DDD002E00D188E0FF2F5AD0B3
:1085F0008023DB041D434B4601221B2B0ADC2B008E
:108600004A464946D3402022521A95402A00551E18
:10861000AA411A4353469A1A530100D4B9E0920171
:108620009609300002F086FD05388640874200DD5D
:10863000D4E03300C71B20200137FB40C71BBE40DE
:108640003200561EB24100271A43530704D00F23AD
:108650001340042B00D00432530100D49CE07B1C57
:10866000FE2F00D19AE09201520A9446DBB2D8055F
:108670006346E407184320431CBC90469946A24633
:10868000F0BD002849D0F31B002F00D0B6E05246C1
:10869000002A60D0013B002B00D1FCE0FF2E00D06F
:1086A000B4E00C004246002A78D08020C00310437A
:1086B0004202530A9C46FF23D9E7B91B002971DD0A
:1086C000002E3FD0FF2FEED08023DB041D4301227C
:1086D0001B2907DC2A002023CA40591A8D406B1E33
:1086E0009D412A435244530153D50137FF2F55D0A2
:1086F00001237B49134052080A401A43A5E7002D85
:108700002CD001235B429C46E1444B46002B00D118
:10871000ADE0FF2F00D06EE7C5E7FE207E1C3042A3
:1087200060D1002F00D093E05246002A00D1B6E07D
:10873000002D9CD0521B500100D4C3E053460C00C6
:10874000EA1A82E7002D09D00139002900D18BE017
:10875000FF2FBCD1A7E70C0042463700FF2FA2D065
:108760005202530A9C46FBB281E7FE21013739428F
:1087700065D1002B7ED1002800D1AAE0002D00D1C8
:1087800075E72A0052440027530102D5554B0137A3
:108790001A40530700D05AE7D208DFE70022FF2330
:1087A000944664E70029E0D0F31B002F3ED0FF2E53
:1087B00000D177E780220100D20411438A460122CA
:1087C0001B2B08DC524620215046DA40CB1A984039
:1087D000431E984102433700521984E7414A3F1A29
:1087E000324032E753465E1B73012DD4002E00D079
:1087F00017E7002200240023944638E7FF2E00D11B
:108800004FE780225046D2041043824601221B2BA0
:1088100008DC524620245046DA40E31A9840431EB2
:10882000984102430C003700AA1AF5E6002893D0BD
:10883000013B002B4FD0FF2EC1D1424633E7FF2F23
:10884000ACD055446A08A4E753460C00EE1AE8E69B
:108850005346002B28D1002D00D022E78023DB03D4
:108860009C460024FF2302E72A0052443BE753467C
:108870005A1BD1E6002800D114E7002D00D112E7E1
:108880008023DB031A4200D10DE74146194200D094
:1088900009E7424607E70C003700AA1ABCE6002D9C
:1088A00013D00C00C446E2E6002D00D1FBE6802385
:1088B000DB031A4200D1F6E64046184200D0F2E649
:1088C0000C00EFE6002A00D063E700220024944663
:1088D000CDE6C446CBE62A003700524403E7C04643
:1088E000FFFFFF7DFFFFFFFBF0B54F464646D64634
:1088F0004502C0B547000C1C6D0A3F0EC60F002F85
:1089000066D0FF2F6CD00023EA00802599469A4656
:10891000ED0415437F3F60026100430A9846090E4B
:10892000E40F002948D0FF2910D08022D800D204BB
:108930000243904600207F394A4633007F1A0243A3
:108940006C4992008A586340DBB29746002B6DD188
:108950000220FF3F33E0002398462600454682462A
:108960005346022B00D17FE0032B00D194E0012B72
:1089700017D038007F3000285FDD6B0704D00F234D
:108980002B40042B00D004352B0103D538005A4B63
:1089900080301D40FE2867DCAD016D0AC0B202E0E8
:1089A0001E0000200025C0052843F60730431CBCEC
:1089B00090469946A246F0BD002B2BD101204A4695
:1089C00033004E49024392008A586340DBB2974617
:1089D000002D13D104239946033B00279A469AE7BA
:1089E000002D05D108239946063BFF279A4692E7BA
:1089F0000C239946093BFF279A468CE7280002F092
:108A000099FB7627431F9D4000237F4299469A4653
:108A10003F1A80E7180002F08DFB4246431F762183
:108A20009A404942091A9046002085E7FF21032019
:108A300082E71E00FF200025B5E701231B1A1B2B30
:108A4000AFDC9E372900BD40D9406A1E95410D43D9
:108A50006B0704D00F232B40042B00D004356B018F
:108A600044D5012000259EE7FF2000259BE78025B7
:108A70000026FF20ED0396E7002398468020C003E0
:108A8000054209D04346034206D1454605436D02DF
:108A90002600FF206D0A86E78020C00305436D0293
:108AA000FF206D0A7FE741466A014801824219D2E0
:108AB0001B210025013F012614006D005200002CEF
:108AC00001DB904201D8121A354301390029F3D154
:108AD000501E824138007F301E001543002800DD03
:108AE0004BE7AAE71A210125121AE4E7AD0100209D
:108AF0006D0A58E700BC0000FFFFFFF740BC000014
:108B000070B542004E024C0045026D0A120EC30FB2
:108B1000760A240EC90FFF2A0FD0FF2C11D0012096
:108B2000A24200D070BDB542FCD18B420DD0002ACC
:108B3000F8D12800451EA841F4E70120002DF1D10D
:108B4000EBE70120002EEDD1E9E70020EAE7C0467F
:108B5000F0B5420046024D024C00C30F760A120ED9
:108B60006D0A240EC80FFF2A1FD0FF2C10D0002A38
:108B70001FD171427141002C01D1002D1ED000295E
:108B80000ED183421ED00221581E08400138F0BD8C
:108B9000002D26D1002AF4D1714271410029F0D074
:108BA0000028F4D101204042F1E7002E19D1FF2C1A
:108BB000EED0002CE5D1002DE3D1E4E70020002E1B
:108BC000E5D0E0E7A24205DCEADBAE4202D8E7D31B
:108BD0000020DCE74142414148420221084001387F
:108BE000D5E702204042D2E7F0B5420046024D02EE
:108BF0004C00C30F760A120E6D0A240EC80FFF2A0E
:108C00000DD0FF2C0FD0002A23D171427141002CCE
:108C10000FD1002D0DD10020002E14D00DE0002E1C
:108C200010D1FF2C15D1002D0CD1002A03D1714297
:108C30007141002908D1834210D00221581E0840FA
:108C4000013800E00220F0BD0028FCD101204042A4
:108C5000F9E7002CEFD1002DEDD1EEE7A24205DCC3
:108C6000F2DBAE4202D8EFD30020ECE741424141B3
:108C70004842022108400138E5E7C046F8B55746AA
:108C80004E464546DE464402E0B545000F1C640AE8
:108C90002D0EC60F002D47D0FF2D4DD00023802074
:108CA0009A469B46E400C00404437F3D7802430A91
:108CB00099467A00FB0F9846120E4B4644D0FF2A85
:108CC00011D0D8008023DB040343994600207F3A6B
:108CD000AD18474653467740691C0F2B3FD8724A60
:108CE0009B00D3589F46FF35002B00D079E05246B9
:108CF00002231A4392460220EBE747464C4683463E
:108D00005B46022B28D0032B00D1C6E0012B4FD1AC
:108D100000200024C005FF07204338433CBC904698
:108D20009946A246AB46F8BD002C71D104239A4661
:108D3000033B00259B46B9E7002C63D108239A46E4
:108D4000063BFF259B46B1E7002B50D1524601332D
:108D50001A4392460120BCE7FF200024DAE7484688
:108D6000260C2404220C0404240C4B4620001B0C6B
:108D7000504374435A435E431219030C9B189C42A0
:108D800003D9802252029446664400041A04000C5F
:108D900012189401601E84411B0C920E9B191443FF
:108DA0009B011C431B0172D50120630804401C4336
:108DB00008007F3000283CDD630704D00F232340E8
:108DC000042B00D00434230103D580310800374B35
:108DD0001C40FE28C0DCA401640AC0B29AE7370038
:108DE0008EE7524603231A439246032071E7484612
:108DF00002F0A0F94A46431F9A402D1A91460020DE
:108E0000763D66E70C239A46093BFF259B464DE7D6
:108E1000200002F08FF97625431F9C4000236D420D
:108E20009A469B462D1A41E780240027FF20E40341
:108E300070E701231B1A1B2B00DD69E79E31200020
:108E40008C40D840631E9C410443630704D00F2329
:108E50002340042B00D0043463011AD501200024E0
:108E600058E78020C003044209D04B46034206D194
:108E70004C46044364024746FF20640A4AE78020C8
:108E8000C003044364023700FF20640A42E729005C
:108E90008EE7A4010020640A3CE78020C00304435D
:108EA0006402FF20640A35E780BC0000FFFFFFF783
:108EB000F0B54646D6464F4643025B0ADA00944672
:108EC0004A02C0B54400560A051CB046240E4E00A6
:108ED00092091F0020009246ED0F360EC90FFF2E9B
:108EE00000D17FE0012251408D4251D0A21B91461A
:108EF000002A00DC7EE0002E00D199E0FF2C00D19A
:108F00008CE080235246DB041A4392464A460123F2
:108F10001B2A08DC53462021D340891A52468A4036
:108F2000511E8A4113436246D31A5A0100D4F3E01A
:108F30009B019E09300002F0FDF80538864084420E
:108F400000DDF7E03200041B20200134E240041B66
:108F5000A64033005E1EB341002413435A0704D0D9
:108F60000F221A40042A00D004335A0100D4D6E05C
:108F7000621CFE2C00D1DAE09B015F0AD0B2C00572
:108F80003843ED0728431CBC90469946A246F0BDE5
:108F9000A21B9146002A63DD002E00D199E0FF2C30
:108FA0003CD080235246DB041A4392464A460123B2
:108FB0001B2A08DC53462021D340891A52468A4096
:108FC000511E8A41134363445A0100D4A4E0013482
:108FD000FF2C00D1ABE0012297491A405B080B40FF
:108FE0001343BBE7002A32D08D4235D0FF225242D4
:108FF0009146A1444A46002A51D0301B002C00D093
:109000009CE06346002B00D1DFE00138002800D14E
:10901000F7E0FF2E00D099E00D004346002B00D171
:1090200085E08027FF031F437F02FF207F0AA6E71A
:109030005246002A74D0012252429046C1444A4608
:10904000002A00D1C8E0FF2C00D05FE7E6E701224C
:109050005140A94200D049E7FF2252429146A14423
:109060004A46002A43D0311B002C00D18CE0FF2E51
:1090700000D192E080236246DB041A439446012328
:109080001B2909DC202063466246CB40411A8A40F6
:109090001100481E81410B433400534494E7FE22E3
:1090A000661C324264D1002C00D082E06346002B63
:1090B00000D1ABE05346002B00D160E76346524637
:1090C0009B1A5A0100D4AAE0634652460D00D31AF7
:1090D00044E75246002A23D0012252429046C1441E
:1090E0004A46002A75D0FF2C00D05FE796E7FE269F
:1090F0000134264253D1002872D16346002B00D19F
:1091000093E05346002B00D139E7634400245A0111
:1091100002D54A4A013413405A0700D020E7DB0841
:10912000FF2C00D17AE75B025F0AE0B227E7FF205D
:10913000002724E7414B241A33400FE7FF2E00D1CC
:109140006AE780236246DB041A43944601231B2806
:1091500009DC202463466246C340201A8240100086
:10916000441EA041034352460D003400D31ADCE6EE
:10917000634652469E1A730117D4002E00D0D9E6DA
:10918000002500200027FAE66346002B44D0013971
:1091900000294CD0FF2E00D071E743463EE7FF2C5C
:1091A000C5D0524662445308B6E763460D00D61A4E
:1091B000C0E66246002A16D15346002B00D02BE7AA
:1091C00080270025FF20FF03D9E60D004346340029
:1091D000A6E753466344F7E6634652469B1AA4E665
:1091E0006246002AD9D05246002A00D116E78022D2
:1091F000D203134200D111E74046104200D00DE7E0
:109200000AE752460D003400D31A8EE65346002B6F
:1092100008D00D004746B2E64346340080E7002BF5
:1092200000D079E700250027A9E64746A7E6534680
:1092300034006344C8E6C046FFFFFF7DFFFFFFFB2D
:1092400042024B0240004900520A5B0A090E000E1E
:10925000FF2806D00020FF2902D11800431E9841A4
:109260007047FE38002AFBD1F4E7C04641024200B5
:10927000C30F490A0020120E7E2A03D99D2A02D963
:10928000094A98187047802000040143952A07DC9A
:109290009620821AD1404842002BF3D10800F1E712
:1092A000963A9140F7E7C046FFFFFF7F70B5002870
:1092B00013D0C317C5185D40C40F280001F03AFF52
:1092C0009E2301001B1A962B0FDC082801DD0839AC
:1092D0008D406D026D0AD8B202E000240020002506
:1092E000C0052843E407204370BD992B0BDD052200
:1092F0002E00121AD64002001B3295402800451E4F
:10930000A84135000543052901DD4A1F95402A0083
:10931000084E3240680709D00F202840042805D0A5
:109320000432500102D59F2332405B1A9201550A44
:10933000D8B2D5E7FFFFFFFB70B5051E0ED001F0D8
:10934000F9FE9E2304001B1A962B0CDC082801DD75
:10935000083CA5406D026D0AD8B201E0002000254E
:10936000C005284370BD992B09DD020029001B327E
:1093700091404A1E91410522121AD5400D43052CF9
:1093800001DD621F95402900084E31406A0709D06F
:109390000F202840042805D004314A0102D59F231C
:1093A00031401B1B89014D0AD8B2D9E7FFFFFFFBF3
:1093B000F0B54F46D64646460D0001001800C0B530
:1093C00017002B035A0A4B0F1343CA00914602039E
:1093D0006E004100520AEC0F7D0F1543760D490DCA
:1093E000C00F8246AC46FF00721A844200D198E05A
:1093F000002A00DC81E0002900D1B6E0C9498E4294
:1094000000D172E180212800090408438446382AEB
:1094100000DD5EE11F2A00DDEEE120203900654617
:10942000801A8740D14085400D4339004F1EB94115
:109430006746D7402943DB1B4A46551AA94589414F
:1094400049425B1A984643461B0200D4CCE043468F
:109450005B025B0A98464346002B00D12CE1404654
:1094600001F068FE01000839202228004346521A04
:109470008B40D0408D4003438E4200DD17E18E1BB0
:10948000721C1F2A00DDA7E1202118002E00891A76
:109490008D408840D640D340691E8D413043984668
:1094A000002605436B0709D00F232B40042B05D062
:1094B0002B1DAB42AD416D42A8441D0043461B022B
:1094C00000D494E0974B721C9A4200D19DE0414633
:1094D000954BED0819400B00520549075B022943E3
:1094E0001B0B520D12051343E40723430800190018
:1094F0001CBC90469946A246F0BD002A43D08A1B68
:10950000002E00D02AE14C461C4300D1D1E1541E6C
:10951000012A00D11FE2834DAA4200D172E222004B
:1095200023E1002A00DC98E0002942D07D498E42E8
:1095300000D1DAE080212800090408438446382A53
:1095400000DD29E11F2A00DC87E111006546203992
:10955000CD40202A04D040206146821A91400F431A
:1095600039004F1EB9410D431BE12900394300D199
:10957000B5E0511E012A00D1ABE16A48824200D118
:10958000B2E10A0043E76949751C0D4200D0CFE003
:10959000002E00D093E14946194300D1D1E1614644
:1095A000394300D0E3E149465807C9080143DB08C5
:1095B00026E02900394300D191E0511E012A05D04F
:1095C0005848824200D18FE10A00B8E73D004D447F
:1095D0004D458941634498464942884443460226A2
:1095E0001B0200D5EBE0013E6B0700D05CE7434671
:1095F000E9085A0711433200DB084A48824221D069
:109600001B0352051B0B520D6CE70023002169E779
:109610002A003A4369D04A465807D108DA0880231D
:109620001B0308431A4207D02900ED081D4203D14D
:109630002A00FF0848073843430FC1005B07C908E9
:10964000194313000A001A4300D113E280221203C7
:1096500013431B03334A1B0B44E7002A4BD08A1BDE
:10966000002E00D1E7E02F48814200D195E1802013
:1096700000040343382A00DD43E11F2A00DDDBE15B
:1096800020201D004E46801A8540D64035434E4668
:1096900086403000D340461EB0419C440543ED193E
:1096A000BD429B415B42634498460E007FE01E4AE8
:1096B000761A13409846F5E6280001F03BFD0100BC
:1096C00018311F2900DCCFE62B0008388340002525
:1096D000D2E662463A4311004F1EB941ACE6494614
:1096E0005807C9080143DB0887E749465A07C908F4
:1096F0001143DB08A6E70D49701C084200D0BBE00F
:10970000002E00D014E14946194300D175E129002B
:10971000394300D07EE149465807C9080143DB08B8
:109720006EE7C046FF070000FFFF7FFFFE07000057
:109730004946CD1B6146581AA94589414942884688
:1097400001004046091A8846090200D5A6E04146B4
:10975000294300D07FE60023002451E7C74CA142F3
:1097600000D1C7E0802424042343382A54DC1F2A74
:1097700000DDCCE020244846A41A1D004E46A0403F
:10978000D640A5400400D34062463543661EB4412E
:10979000D31A9C46254344E062463A4315006F1EA7
:1097A000BD414D444D458941494288469844434610
:1097B0001B0200D418E7B14B01369E4249D0424605
:1097C000AF4B01211A4013006A080D401543D90719
:1097D0005B0898460D4365E618001F3EF040202ABE
:1097E00003D040218A1A93401D43691E8D410023F6
:1097F000002698460543F7E6110065462039CD401E
:10980000202A04D040206146821A91400F4339003B
:109810004F1EB94129430FE64A4613431D006B1EF4
:109820009D417D1BAF429B4162465B42D31A9846E5
:1098300054460E0007E64846184300D1B3E0501ED8
:10984000012A00D10DE18D4DAA4200D1A5E0020010
:1098500010E732000023002144E620213800891A55
:1098600065468F408D40D040791E8F4105433D4372
:109870006746D740DB1994E7804A904200D1ECE07C
:109880003900494449459241634452429B18DD07DF
:1098900049085B08984606000D43A5E64A46BD1AEE
:1098A000AF42894162464942D31A5B1A98465446F0
:1098B000D1E56C07F9082143EB0804009DE64A4610
:1098C0001A4375D16146394314D1802300241B0308
:1098D000BCE64A46D51BA9458941624649429B1AC6
:1098E0005B1A98460126AEE54A46D1085A0711434D
:1098F000DB08A7E66346F9085A0754461143DB081C
:10990000A0E64A4613431D006B1E9D41C7E61400A6
:109910001E00203CE640202A05D04024A21A934095
:109920004A461A4391464D466B1E9D41354378E7A2
:109930004A461A4300D06BE66B07F9081943EB0857
:1099400080E66146394354D06346F9085C072143F9
:10995000DB08040054E64A46BD1AAF42894162461C
:109960004942D31A5B1A9846040001266BE54A4621
:10997000D51BA9458941624649429A1A521A904616
:10998000120232D54A46BD1AAF4289416246494267
:10999000D31A5B1A9846040084E56346F9085A070F
:1099A0001143DB084EE6F90868070143EB0824E69B
:1099B00062463A4300D198E64A46D1085A07114315
:1099C000DA0880231B031A4208D06046C5081D42EE
:1099D00004D154462A00F908430719434B0FC90024
:1099E0005B07C908194313002CE64146294300D000
:1099F000FAE500230A00002402E66B07F908194380
:109A0000EB08FDE56346F9085B071943634604006C
:109A1000DB0817E63D004D4463444D4589419846B7
:109A20004942884443461B0200D4DDE54246144BBC
:109A300001261A409046D7E510001E002038C64087
:109A4000202A05D04020821A93404A461A43914664
:109A50004D466B1E9D41354321E602000023002147
:109A600040E54A46D519BD4289416344984649427A
:109A70008844B3E50021014A0B0033E5FF070000ED
:109A8000FFFF7FFFF0B557464E464546DE46E0B540
:109A9000814605000C03480092461F0085B0240B48
:109AA000400DCE0F002859D0874B984200D198E046
:109AB0006B0FE4001C4380231B0423439846834B15
:109AC000ED009B4600239946834400933C037B00B2
:109AD0005046240B5B0DFF0F002B67D07A4A934250
:109AE00018D07A49420F8C46E4005946144380222C
:109AF00063441204CB1A14439B46C2000020330077
:109B00007B409A464B460F2B00D9EFE070499B00F3
:109B1000CB589F466F4B52469C462243E344002A53
:109B200000D095E0494602231943894600240220CB
:109B3000E5E700230024002552461B052343D207F6
:109B400013432800190005B03CBC90469946A24634
:109B5000AB46F0BD002400255B4BEDE74B462343AD
:109B6000984600D189E0002C00D1E0E1200001F00E
:109B7000E1FA010002000B391D235B1A494610006F
:109B8000D940083884400B004D4623439846854011
:109B900051483C03831A9B460023994600937B005F
:109BA0005046240B5B0DFF0F002B97D152462243EA
:109BB00055D0002C00D1CAE1200001F0BBFA020010
:109BC0000B3A1D2301009B1A52460839DA408C409B
:109BD000144352468A40414B58449B4683440020DC
:109BE0008DE74B462343984640D108239946063BD0
:109BF00000258346009369E7B246009B022BA9D05B
:109C0000032B00D111E2012B93D0354A5A44002A8C
:109C100000DC3CE16B0700D0A7E1ED084346DB0127
:109C200006D542462F4B1A4090468022D2005A4415
:109C30002D4B9A428EDC4346520558075C02054381
:109C4000240B530D78E7BA46A04615000090D4E7E0
:109C50004A4603231A439146032052464FE749469A
:109C60000123194389460024012048E70C23994623
:109C7000093BA0468346009328E704239946002326
:109C80009B4601330025009320E7002380249A4659
:109C900000250D4B24034FE7802341461B03194247
:109CA00008D01C4206D11C432403BA461500064BBB
:109CB000240B41E78024434624031C432403B2467B
:109CC000014B240B38E7C046FF07000001FCFFFFF3
:109CD000C0BC000001F8FFFF0DFCFFFFF303000014
:109CE000FF030000FFFFFFFEFE070000444500D217
:109CF00016E100D111E101235B429C462E00404653
:109D00000025E3442302140E1C431B0C9946230434
:109D10001F0C1202494600920197FEF7A1FA0200B9
:109D20007A430B04310C804619438A420BD9012334
:109D30005B429C460919E0448C4204D88A4202D90D
:109D4000831E98460919881A4946FEF789FA0904BC
:109D50008C4631046646019A090C424303003143A4
:109D60008A4204D90919013B8C4200D811E1891AB1
:109D70004246009E12041A43330C1F00100C9046FA
:109D8000029313043204160C32001B0C5A43039640
:109D90007B4346437843170CBC469B1963449E4261
:109DA00003D980267602B44660441E0C301816048F
:109DB0001B04360C9E19814200D29CE000D197E032
:109DC000AE1B091AB54280414042081A844200D1B4
:109DD00011E14946FEF744FA019A0B044243310C63
:109DE000050019438A4207D90919013D8C4203D85D
:109DF0008A4201D9851E0919881A4946FEF730FAA8
:109E000009048C4631046646019A090C424303005A
:109E100031438A4207D90919013B8C4203D88A424F
:109E200001D9831E0919039E891A32002D041D438E
:109E3000029F2B041B0C5A437B439C46280C464331
:109E4000130CB444634478439E4203D980267602BF
:109E5000B44660441E0C12041B04120C30189B18EC
:109E6000814206D302D001231D43CEE6002B00D150
:109E7000CBE661186E1EA14200D2A4E0814200D25E
:109E8000C9E000D1D9E03500EDE701256D4201219F
:109E9000891A382900DD4CE61F2900DC7FE01F23EA
:109EA0005B429A1A4346D340202904D04446654A6F
:109EB0005A44944025436A1E954107222B431500BE
:109EC00000241D401A4200D1A1E00F2200241A40B4
:109ED000042A00D198E01A1D9A429B415B42E41883
:109EE0001300220200D48FE001230024002523E682
:109EF000B54200D364E743465A1E009B9C46654426
:109F00001F009D429B415B421B19C9188C423AD2EB
:109F1000884263D860D0904652E7AA4200D9EAE668
:109F20004346DE0758086B081E43ED07EAE648463D
:109F300001F000F901000200153120321C2900DC7B
:109F40001AE64B46083883400025984620E601F083
:109F5000F1F803001A00153220301C2A00DC30E62C
:109F60005446083B00229C4035E60F232B40042B2F
:109F700000D152E605235B42AB429B4104355B4274
:109F8000ED0898444AE68C42C5D1AF42C0D990460C
:109F900016E78A4200D8EAE6831E0919E7E62A4A4C
:109FA00028005A44434695409340C8406A1E954154
:109FB000444603432B43CC405A0792D00F221A4009
:109FC000042A88D18DE73500814200D04BE7009A02
:109FD000934200D047E718E6AE429CD902235B4289
:109FE0009C46009BE0449C4665449D429B415B42ED
:109FF0001B19C918E4E6154A5A44002A00DC44E754
:10A0000001230025984409E665076402240BDB0858
:10A010001D43002390E5009E023D7200B242BF4105
:10A020007F423C1909190092CEE78024434624035D
:10A030001C432403064B240B7EE5009A9A42EAD384
:10A040003500C4E73E0400001E040000FF030000CA
:10A05000FF070000F0B54F464646D6469446914667
:10A060001A03120B184DC0B54C000F0392465A004C
:10A07000060080463F0B0120640DC90F520DDB0F17
:10A08000AC420AD0AA4203D0944201D157450DD028
:10A090001CBC90469946A246F0BD3D003543F7D121
:10A0A000A242F5D1524665462A43F1D10120C84566
:10A0B000EED1994206D0002CEAD13E433000461E34
:10A0C000B041E5E70020E3E7FF070000F0B54E46AA
:10A0D00045465746DE4604001800E0B516001B034F
:10A0E0001B0B324D0F034A0099464300A446B0466D
:10A0F0003F0B520DC90F5B0DC00FAA4229D0AB42D6
:10A1000018D0002A2AD13C43A34665426541002B62
:10A1100002D14C46264327D0002D15D1814228D0AC
:10A1200002200139084001383CBC90469946A246BD
:10A13000AB46F0BD4D462E432FD1002AEED13C4315
:10A1400065426541002DE9D00028EDD10120404253
:10A15000EAE73D00254320D19342EBD0002BDDD12F
:10A160004C462643DAD1DBE75B460020002BDBD0F0
:10A17000D6E79A420ADCE7DB4F45D1D810D0002061
:10A180004F45D1D20029E1D00800CDE743425841E4
:10A190000223404218400138C6E702204042C3E78C
:10A1A000C445BDD80020C445BED2EBE7FF07000080
:10A1B000F0B54E4645465746DE4604001800E0B569
:10A1C00016001B031B0B314D0F034A009946430039
:10A1D000A446B0463F0B520DC90F5B0DC00FAA42FB
:10A1E00011D0AB4214D0002A2FD13C43A346654284
:10A1F0006541002B14D14C46264311D15B4600200B
:10A20000002B17D010E03D00254312D193421CD102
:10A210004D462E430DD1002A04D13C436542654191
:10A22000002D0DD1814216D002200139084001389D
:10A2300000E002203CBC90469946A246AB46F0BDE9
:10A240000028F7D101204042F4E7002BEAD14C4628
:10A250002643E7D1E8E79A4206DD4342584102230C
:10A26000404218400138E5E79A42E9DB4F45DBD828
:10A2700006D000204F45DDD20029E3D00800D9E701
:10A28000C445D1D80020C445D4D2F5E7FF0700006B
:10A29000F0B557464E464546DE46E0B598460C03B7
:10A2A0004B000600924687B0240B5B0DCF0F002BAE
:10A2B0006CD0DD4A934200D186E0420FE4001443A3
:10A2C000802212041443D94AC50094466344009383
:10A2D000002399469B46434642461E03D20F5B002D
:10A2E00050469046360B5B0D00D178E0CE4A934243
:10A2F0001DD0CE49420F8C4600996344F6008C462F
:10A30000164380229C44120463461643C200002078
:10A3100000930099434601318C4649467B400193A6
:10A320000F2900D97EE0C24B890059588F4652460A
:10A33000009B324300D056E1BB4900268C46634463
:10A34000494600930223194389460220E1E7434628
:10A3500001933400150083465B46022B5ED0032B2D
:10A3600000D1F3E1012B00D018E1002200240025E8
:10A37000019B12052243DB071A432800110007B096
:10A380003CBC90469946A246AB46F0BD250005432D
:10A3900000D141E1002C00D1ADE1200000F0CAFE67
:10A3A000010002000B391D2310005B1A310035003B
:10A3B00008388440D94085400C439E48831A009356
:10A3C000002399469B4686E70500254300D01CE103
:10A3D000082200930223002491469B467BE75246C5
:10A3E000324300D10AE1002E00D176E1300000F0C6
:10A3F000A1FE02000B3A1D2301009B1A52460839A8
:10A40000DA408E40164352468A40009B8949181A0A
:10A4100003008C466344002000937AE70024002563
:10A42000814AA5E72F0C2D042D0C2B00110C1204D2
:10A43000120C53439846130028007B439946484327
:10A440004844834640460B00000C824658467B43F6
:10A4500050440293814506D99A4680235B0299466F
:10A46000CA4453460293030C9B4643461B04000414
:10A470001B0C9846030043440493330C99462B006D
:10A480003604360C7343984633007B439A464B465A
:10A490005D435F4343465544180C4019824503D938
:10A4A00080235B029A465744050CEB1905934346FB
:10A4B0001D042D0C00044019250C2404240C270035
:10A4C00057436A4390462A003B0C9A464A436143ED
:10A4D000414451448344884503D980235B02984614
:10A4E00042443F040B0C3F0C0904C919270098464D
:10A4F0004B4677435C436E435D433B0C9946A4193E
:10A500004C4442440395A64204D980235B029846FA
:10A5100045440395029B3F045B441E0083428041F7
:10A5200023049846059B3F0C4744984676188E4274
:10A530008941474440423D18A846934649428A46CD
:10A54000C3449F42BF4180458041039BDA44984603
:10A55000534640427F420743240C934592418A452B
:10A5600089413F19DC0D049B75021D43681E85411E
:10A570005346524249420A43BF184744F60D7F02F0
:10A5800035435A023C431543FB0100D4C1E001218D
:10A590006A080D401543E2071543640826496144E3
:10A5A000002956DD6B0709D00F222A40042A05D066
:10A5B0002A1DAA42AD416D4264191500E30104D57C
:10A5C00080211E4AC900144061441D4A914200DDA9
:10A5D00024E76207ED08640249051543240B4A0D80
:10A5E000C6E60197B8E6104A0320944663444A46FB
:10A5F000009303231A43914652468AE649460123B3
:10A60000194389460026012083E60C220093032388
:10A61000050091469B465EE604239946002300937D
:10A62000013300249B4656E6FF07000001FCFFFFB4
:10A6300000BD00000DFCFFFFFF030000FFFFFFFE59
:10A64000FE070000002380240025444A01932403D0
:10A650008EE60120401A382800DD86E61F285BDDE3
:10A660001F2223005242511ACB401900202803D048
:10A670003B4A6244944025436A1E95412A000A439E
:10A6800007210D000024154011425BD00F2100244A
:10A690001140042953D0111D914292415242A418F5
:10A6A0000A0023024BD501220024002560E6802306
:10A6B0001B031C4209D01E4207D133431C034346EF
:10A6C0001500240B254A019352E6802212031443FD
:10A6D0002403224A240B01974AE600F02BFD0300D5
:10A6E0001A00153220301C2A00DC84E65646083B4E
:10A6F00000229E4089E600F01DFD01000200153198
:10A7000020321C2900DC4EE6340008380025844045
:10A7100053E6009B9C4641E71249220061442E000B
:10A720008D408A40C640691E8D4132432A43C44051
:10A730005307B6D00F2111400429ACD1B1E765070A
:10A740006402240BD2081543002211E68022120372
:10A7500014432403014A240B0AE6C046FF07000005
:10A760003E0400001E040000F8B557464E4645461C
:10A77000DE460400E0B51F0010000B03620F4E0020
:10A78000CD0F5B0A39031343490AE200440F21430A
:10A79000C24C91469246C0007A008046760D520D1A
:10A7A000FF0FA24200D1B4E001246740BB46BD4286
:10A7B00000D188E0B41AA446002C00DCB2E0002AE4
:10A7C00000D1C5E0B54A964200D18BE28022120446
:10A7D00011436246382A00DDA1E11F2A00DD16E29E
:10A7E00020270C00BF1ABC400200A0466446B840B7
:10A7F000E240444614430200501E82416046C1407C
:10A8000022435B1A49468C1AA145924152429B1A37
:10A81000984643461B0200D417E143465B025B0A9D
:10A8200098464346002B00D16CE1404600F082FC84
:10A830000200083A202120004346891A9340C8406C
:10A8400094400343964200DD57E1961B711C1F297B
:10A8500000DDCBE1202218002600521A94409040DF
:10A86000CE40CB40621E94413043984600260443BC
:10A87000630709D00F232340042B05D0231DA342D7
:10A88000A4416442A0441C0043461B0200D4DFE004
:10A89000824B01369E4200D1FBE04246804BE408E9
:10A8A0001A401300710552075B0222431B0B490D2E
:10A8B0000905ED071943294310003CBC9046994611
:10A8C000A246AB46F8BDB41AA446002C58DD002AB7
:10A8D00000D19EE0714A964200D13BE180221204F1
:10A8E00011436246382A00DDC1E01F2A00DCBBE1CB
:10A8F0000C00203AD44022006446202C04D040278B
:10A900003F1BB940084380464446611E8C411443B6
:10A91000B1E00C0004432AD0BB46BD422DD0614CAF
:10A92000A446B4446446002C5CD0941BA446002E7C
:10A9300000D015E14D461D4300D1C3E1651E012C39
:10A9400000D10CE2554EB44200D1F8E1AC460EE124
:10A950000A00024300D136E12200013A012C00D165
:10A96000C6E14E4CA44500D1F4E0944631E7012401
:10A970006740BB46BD4200D01CE74A4CA446B444E5
:10A980006446002C00D1CFE0941BA446002E00D1D9
:10A990005CE1424EB24200D1ECE180263604334302
:10A9A0006446382C00DDB3E11F2C00DD38E22026A0
:10A9B000361B1C00B4404F46A0466446E740444660
:10A9C0003C434F46B7403E00771EBE413443664687
:10A9D000F340C918241884429B415B4298461600F4
:10A9E00088444EE0304A741C144200D0D6E04A46F7
:10A9F0001A43002E00D05BE1002A00D1A5E10A0035
:10AA0000024300D0BBE14A465907D2080A43DB089B
:10AA100027E00A00024300D174E12200013A012C30
:10AA200005D01E4CA44500D194E0944659E7484413
:10AA3000484592415B189846040052429044434670
:10AA400002261B0200D5C4E0013E630700D011E7D7
:10AA50004346B4465907E2080A43DB080F498C45D0
:10AA600040D061461B0349051B0B490D20E70143FC
:10AA70000C00611E8C414C444C4592415242904620
:10AA8000984443461B02E0D5044B01369E4200D059
:10AA90009FE03100002300220AE7C046FF070000C4
:10AAA000FFFF7FFF01F8FFFFFE070000002A00D133
:10AAB00060E10A0002434DD04A465C07D2082243B7
:10AAC0008024DB082403234207D0CE08264204D189
:10AAD0005D463300C20849070A43510FD200D2082D
:10AAE00049070A431100194300D1C8E18021090335
:10AAF0000B431B03D5491B0BDAE6D549B61A0B40AD
:10AB00009846B5E6200000F015FB020018321F2A17
:10AB100000DC8FE6230008388340002492E60843D7
:10AB20000200501E82416DE6CA4C721C224200D0C7
:10AB3000ADE04A461A43002EB8D1002A00D158E1B0
:10AB40000A00024300D059E14A465907D2080A4395
:10AB5000DB0886E74A465907D2080A43DB08C1E703
:10AB6000BA4DAA4200D11EE180252D042B43644634
:10AB7000382C5DDC1F2C00DDD0E0202567462D1B26
:10AB80004E461C00FE40AC4034434E46AE403500BD
:10AB9000FB406E1EB541C91A2C434EE04A46141ABA
:10ABA000A1459241524290465F1A3A004746D21B55
:10ABB0009046120200D58BE04246224300D030E698
:10ABC000002300254DE74A465907D2080A43DB080F
:10ABD00044E742469E4B61081A401300012214408C
:10ABE0000C43DA075B089846144341E61A001F3EFF
:10ABF000F2401600202903D04022511A8B401C43FA
:10AC0000621E944100233443984600261DE70C0041
:10AC1000203AD44022006446202C04D040273F1B19
:10AC2000B940084380464446611E8C412243E9E511
:10AC30004C4623431C00631E9C41041BA0429B41C5
:10AC40005B42CB1A98465D461600E2E54E461E432F
:10AC500000D1AEE0661E012C00D1FDE07B4FBC426E
:10AC600000D107E1B4469BE664462022121B0C008B
:10AC7000944007009040A0466446421E90416246C0
:10AC8000E7404446D1403C4304435B18F3E66F4C35
:10AC9000A24200D1D5E048445B1848458941494269
:10ACA0005B18DC0740085B08984616000443CCE6B6
:10ACB000002A00D082E00A00024340D18023002510
:10ACC0001B0313E74B07C2081A435D46CB08C5E6D2
:10ACD0004A46841AA0429241CB1A52429B1A984685
:10ACE0005D469EE54A465907D2080A43DB08F9E665
:10ACF0004A46141AA14592415B1A52429B1A984641
:10AD0000012686E54A465907D2080A43DB08A5E62C
:10AD10004C4623431C00631E9C415BE665461E00B7
:10AD2000203DEE40202C05D040252D1BAB404C464D
:10AD30001C43A2465446631E9C4134437DE74B07A7
:10AD4000C2081A435D46CB08CCE60A00024300D194
:10AD500036E74B07C2081A435D46CB0881E64A46F0
:10AD6000841AA0429241CB1A52429B1A98465D46E1
:10AD700001264EE54B07C2081A43CB08B2E64A4605
:10AD8000141AA14592415F1A5242BA1A9046120211
:10AD90006BD54A46841AA0429241CB1A52429B1A62
:10ADA00098465D4664E54B07C2081A435D46CB08EA
:10ADB00098E64B07C2081A43CB084FE60A00024345
:10ADC00090D04A465C07D20814438022DB08120365
:10ADD000134208D0CE08164205D1C00849070843DF
:10ADE00004005D463300610FE2004907D2080A43C0
:10ADF00078E64B07C2081A43CB0832E648445B1892
:10AE000048459241984652429044434604001B02F2
:10AE100000D41AE642460E4B01261A40904614E62C
:10AE200066461F00203EF740202C05D04026361BEA
:10AE3000B3404C461C43A2465446631E9C413C43CF
:10AE4000C8E511000023002232E5C046FF070000DC
:10AE5000FFFF7FFFFE0700004A461418844292411C
:10AE60005B18984652429044E9E54246224300D19D
:10AE7000A6E6EAE54B07C2081A43CB0832E60022F1
:10AE80000149130014E5C046FF07000070B5050036
:10AE90000C480C03160049001A035B00240B490DF3
:10AEA000120B5B0D814208D0064900208B4203D172
:10AEB00032431000421E904170BD01202C43FBD153
:10AEC000F2E7C046FF0700000A0030B5134C5300FC
:10AED00009030500090B00205B0DD20FA34204DD1E
:10AEE0000F48834202DD0F4BD01830BD8020400355
:10AEF00001430D48C01A1F2808DD0C48C31AD94069
:10AF00000B005842002AF0D11800EEE7084CC5406B
:10AF1000A446634499400B002B43F2E7FE03000074
:10AF20001D040000FFFFFF7F330400001304000036
:10AF3000EDFBFFFF70B5002816D0C317C5185D40A4
:10AF4000C40F280000F0F6F8114A121A0A2816DC7D
:10AF500003002E0015339E400B23181AC5405305DD
:10AF60002D032D0B5B0D03E000240023002500269C
:10AF70001B052B43E40723433000190070BD0B3839
:10AF8000854053052D0300262D0B5B0DF0E7C046D1
:10AF90001E04000070B543004602C40FFE201B0EC5
:10AFA000591C750A08420CD0E022920094466D07A5
:10AFB000360B63441B053343E40723432800190081
:10AFC00070BD002B14D1002D1BD0280000F0B2F86A
:10AFD0000A281CDC0B232A001B1ADA400300153355
:10AFE0009D400E4B12031B1A5B05160B5B0DE1E730
:10AFF000002D09D0320B80263603094B6D0716430E
:10B00000D8E700230026D5E70026054BD2E703004A
:10B010002A000B3B9A400025E3E7C0468903000065
:10B02000FF07000002004B00F0B508035B0D3D4E2A
:10B03000CC0F400A510F5F1C0843D50037420AD09D
:10B0400039495E18FE2E16DDFF230021DB050B4378
:10B05000E0071843F0BD002B06D1284327D0052177
:10B060008901490ADBB2F1E70543EDD08021C9032C
:10B07000FF230143EAE7002E1CDD920111004A1E66
:10B080009141C0006D0F014329434B0748D00F2366
:10B090000B40042B00D004318023DB040B403FD055
:10B0A000721CFE2ED0D08901490AD3B2CEE700230C
:10B0B0000021CBE73200173222DB80211E22090457
:10B0C0000843921B1F2A1DDD022149428E1B0100ED
:10B0D000F1400E00202A04D0144A9446634498405C
:10B0E000054329004D1EA941314300264B07CED10F
:10B0F00080200B00C004012203400142D3D1AFE7FE
:10B100000023ACE70A498C4629006344D1409D40A6
:10B110000A00290098404D1EA94101431143E4E76C
:10B1200033009DE7FE07000080FCFFFFA2FCFFFF4D
:10B1300082FCFFFF1C2101231B04984201D3000C59
:10B1400010391B0A984201D3000A08391B0998429A
:10B1500001D30009043902A2105C40187047C046B0
:10B1600004030202010101010000000000000000D0
:10B1700010B5040004481300002804D00A0002207F
:10B18000210000E000BF10BD00000000014B186866
:10B190007047C0460001002070B500260C4D0D4CD4
:10B1A000641BA410A64209D1002600F053F90A4DF1
:10B1B0000A4C641BA410A64205D170BDB300EB5825
:10B1C00098470136EEE7B300EB5898470136F2E7AF
:10B1D000640100206401002064010020800100203F
:10B1E0007047704710B5034B0100186800F06AF80B
:10B1F00010BDC0460001002010B5034B01001868C7
:10B2000000F016F810BDC04600010020002310B564
:10B210009A4200D110BDCC5CC4540133F8E703005E
:10B220008218934200D1704719700133F9E700008A
:10B2300070B50500002910D00C1F2368002B00DA20
:10B24000E418280000F0E8F81D4A1368002B05D127
:10B2500063601460280000F0E7F870BDA34208D9CD
:10B26000216860188342F3D118685B684118216037
:10B27000EEE71A005B68002B01D0A342F9D91168F0
:10B280005018A0420BD12068091850181160834251
:10B29000E0D118685B68411811605360DAE7A0429A
:10B2A00002D90C232B60D5E721686018834203D1B3
:10B2B00018685B684118216063605460CAE7C04643
:10B2C000CC170020F8B50323CD1C9D43083506009C
:10B2D0000C2D1FD20C25A9421ED8300000F09CF87E
:10B2E00025490A681400002C1AD1244F3B68002B12
:10B2F00004D12100300000F075F8386029003000DA
:10B3000000F070F8431C2BD10C233000336000F0A8
:10B310008BF803E0002DDEDA0C2333600020F8BD4B
:10B3200023685B1B19D40B2B03D92360E418256019
:10B3300003E06368A2420ED10B60300000F074F8A5
:10B34000200007220B30231D9043C21A9842E6D0FA
:10B350001B1AA350E3E75360EFE722006468C2E7DB
:10B360000323C41C9C43A042E1D0211A300000F00A
:10B3700039F8431CDBD1C7E7CC170020D0170020D9
:10B38000124B10B51C68A36B002B0FD11820FFF7D0
:10B3900029FF0F4BA06303600E4B012243600E4B4D
:10B3A00083600B238381002302614361A46B0B4AFA
:10B3B000206961690A4BFDF7BBF801220023801860
:10B3C0005941206161614800400810BD0001002022
:10B3D0000E33CDAB34126DE6ECDE05002D7F954CBF
:10B3E0002DF45158002370B5064D040008002B6061
:10B3F00000F022F8431C03D12B68002B00D02360FF
:10B4000070BDC046E41700200023C25C0133002A4F
:10B41000FBD1581E7047000010B50248FFF7E0FE50
:10B4200010BDC046DC17002010B50248FFF7D9FE5A
:10B4300010BDC046DC170020044A03001068002835
:10B4400002D0C318136070470148FAE7D4170020F0
:10B45000E8170020F8B5C046F8BC08BC9E46704707
:10B46000F8B5C046F8BC08BC9E4670470000000016
:10B470000000000095340000F334000000000000DC
:10B480000000000065500000352100004921000047
:10B49000FD2000000D210000012100000521000019
:10B4A00009210000655000000000000000000000BD
:10B4B00095340000F3340000A1210000B521000004
:10B4C000192100003521000049210000FD20000065
:10B4D0000D210000012100000521000011210000C4
:10B4E00081330000000000000000000095340000DF
:10B4F000F3340000C9210000DD2100001921000003
:10B500003521000049210000FD2000000D21000030
:10B5100001210000052100001121000081330000FD
:10B5200002048206086E0A0C5A0E124B141A3C1CB6
:10B53000262D28381E3A500F04047D080A640C0E8C
:10B5400055101446161E37202C282E4019425A0A30
:10B550002C01FA002C012C010E01F000BE00AA0003
:10B5600082007800960096009600BE000E017800DA
:10B57000AA00C800D200DC00DC00DC00C800BE006D
:10B58000AA00AA0096008C00820078006E006E006F
:10B59000640064006400640064006400640064008B
:10B5A000640064006400640064006400640064007B
:10B5B0006900690069006900690069006900690043
:10B5C00069006900690069006900690069006E002E
:10B5D0006900690069006900690069006900690023
:10B5E00069006900690069006900690069006E000E
:10B5F0006900690069006900690069006900690003
:10B6000069006900690069006900690069006E00ED
:10B6100069006900690069006900690069006900E2
:10B6200069006900690069006900690069006E00CD
:10B6300069006900690069006900690069006900C2
:10B6400069006900690069006900690069006E00AD
:10B65000100E0C0A090A0A0A090A0A090809090A45
:10B6600007070807080808080708090708090A0A59
:10B670000908080808080807090808080808080849
:10B680000808080808080808080808080809090A36
:10B690000808080808080808080808080809090A26
:10B6A0000808080808080808080808080809090A16
:10B6B0000808080808080808080808080809090A06
:10B6C0000808080808080808080808080809090AF6
:10B6D000000000407D6E6D4021806D403440804010
:10B6E0008B3EB4409F829740C45EB040FABEB240E9
:10B6F000C537E440516040400000803F000000003A
:10B7000000000000A33E0000D93D0000D53D000030
:10B71000FD3D0000193E0000EF3E0000FF3D00002F
:10B7200000000000000000006550000065500000AF
:10B7300000000000000000006550000035210000FE
:10B7400049210000FD200000FD4100000121000012
:10B750000521000009210000000000000400000095
:10B76000030000001C000000FF00000000000400B7
:10B7700000000000020000000100000002000000C4
:10B780000000FFFFFFFF02000000000005000000B6
:10B79000030000001C000000FF0001000100050084
:10B7A0000000000000000000080000000000000091
:10B7B0000400FFFFFFFF0000000000000100000088
:10B7C00008000000000000000500FFFFFFFF01006F
:10B7D000000000001C000000060000000000000047
:10B7E000FF00FFFFFFFFFF00000000001800000047
:10B7F0000600000000000000FF00FFFFFFFFFF0049
:10B800000000000019000000060000000000000019
:10B81000FF00FFFFFFFFFF0000000000020000002C
:10B8200001000000020000000000FFFFFFFF020017
:10B830000000000005000000010000001E000000E4
:10B8400005000100010005000000000004000000E8
:10B85000010000001E0000000400000000000400C1
:10B86000000000001E0000000400000000000000B6
:10B87000FF00FFFFFFFFFF00000000001F000000AF
:10B880000400000000000000FF00FFFFFFFFFF00BA
:10B890000000000017000000040000000400000089
:10B8A000FF00FFFFFFFF0700000000000A0000008C
:10B8B0000800000004000000FF00FFFFFFFF0A0077
:10B8C000000000000B000000080000000400000061
:10B8D000FF00FFFFFFFF0B0000000000060000005C
:10B8E000030000001C000000FF0000010001060032
:10B8F000000000000E00000008000000040000002E
:10B90000FF00FFFFFFFF0E00000000000F0000001F
:10B91000080000001C000000FF00010301030F00ED
:10B920000000000010000000040000001C000000E7
:10B93000FF000002000200000000000011000000F3
:10B94000040000001C000000FF00010201020100D1
:10B950000008004214090000000C0042150A000013
:10B9600000100042160B000000140042170C0000EB
:10B970000000000000000000254F0000D15700002B
:10B980003D4E0000F74D0000114E0000E94F000051
:10B99000E94B0000D94B0000614C0000034C000053
:10B9A000D54B000000000000000000000000000077
:10B9B000975B00007D5A0000C959000075580000CF
:10B9C0009D580000B158000047656D6D61204D30F5
:10B9D0000000040309044164616672756974001211
:10B9E000010002EF0201409A231E800001010203C0
:10B9F000010000000000000000000000A56700003A
:10BA0000D1670000A1670000C5670000B9670000AA
:10BA100019680000FD670000737172740000000077
:10BA20007371727466000000FB21F93FFB2109402D
:10BA30007CD91240FB2119407A6A1F407CD92240F0
:10BA4000BBFD2540FB2129403A462C407A6A2F4015
:10BA50005C4731407CD932409C6B3440BBFD354063
:10BA6000DB8F3740FB2139401BB43A403A463C401B
:10BA70005AD83D407A6A3F404C7E40405C47414046
:10BA80006C1042407CD942408CA243409C6B4440A5
:10BA9000AC344540BBFD4540CBC64640DB8F4740FC
:10BAA000EB584840FB21494083F9A200444E6E0008
:10BAB000FC291500D1572700DD34F50062DBC000FA
:10BAC0003C999500419043006351FE00BBDEAB0002
:10BAD000B761C5003A6E2400D24D42004906E0002D
:10BAE00009EA2E001C92D100EB1DFE0029B11C00BA
:10BAF000E83EA700F535820044BB2E009CE9840097
:10BB0000B4267000417E5F00D6913900538339001E
:10BB10009CF439008B5F840028F9BD00F81F3B00BE
:10BB2000DEFF97000F980500112FEF000A5A8B00D7
:10BB30006D1F6D00CF7E360009CB2700464FB70042
:10BB40009E663F002DEA5F00BA277500E5EBC7004F
:10BB50003D7BF100F739070092528A00FB6BEA0047
:10BB60001FB15F00085D8D00300356007BFC46006E
:10BB7000F0AB6B0020BCCF0036F49A00E3A91D00A7
:10BB80005E619100081BE60085996500A0145F00C6
:10BB90008D40680080D8FF0027734D0006063100F5
:10BBA000CA561500C9A873007BE260006B8CC00008
:10BBB00000000040FB21F93F000000002D44743ECE
:10BBC000000000809846F83C0000006051CC783BB3
:10BBD00000000080831BF0390000004020257A38E7
:10BBE000000000802282E336000000001DF369356A
:10BBF0000200000003000000040000000600000036
:10BC0000A68A0000328A0000A08900005A8900003C
:10BC1000A08900006E8A0000A08900005A890000F7
:10BC2000328A0000328A00006E8A00005A890000C1
:10BC30006089000060890000608900007C8A000043
:10BC4000328A0000328A0000A08900005689000074
:10BC5000A08900006E8A0000A089000056890000BB
:10BC6000328A0000328A00006E8A00005689000085
:10BC7000608900006089000060890000788A000007
:10BC80005E8D0000FC8C0000FC8C0000FA8C000033
:10BC9000008D0000008D0000288E0000FA8C00004E
:10BCA000008D0000288E0000008D0000FA8C00003E
:10BCB000DE8D0000DE8D0000DE8D0000628E000053
:10BCC000EC9C0000549B0000329B0000469C00004E
:10BCD000329B00008A9C0000329B0000469C0000C2
:10BCE000549B0000549B00008A9C0000469C00006E
:10BCF000F89B0000F89B0000F89B0000989C000057
:10BD000024A4000052A3000052A300004EA3000090
:10BD100058A3000058A3000044A600004EA3000052
:10BD200058A3000044A6000058A300004EA3000042
:10BD3000E2A50000E2A50000E2A50000AEA600001A
:10BD400000000000000000000000000000000000F3
:10BD500000000000000000000000000000000000E3
:10BD600000000000000000000000000000000000D3
:10BD700000000000000000000000000000000000C3
:10BD800000000000000000000000000000000000B3
:10BD900000000000000000000000000000000000A3
:04BDA000000000009F
:10BDA40000000000000000450201FF0000FF450004
:10BDB400FF8C00FFFF0000FF000000FF4B00829497
:10BDC40000D30000D0070000C8F000000000C03F0E
:10BDD4000000C03FCDCCCC3F0000C03F6666E63FCC
:10BDE4000000C03F0000C03F0000C03F2001010030
:10BDF4002C0100000005060B0C111217181D1E2241
:10BE04002327282C030000009A99993F030100007E
:10BE140040420F000A0000000A000000FFFFFFFF7D
:10BE24000000000083000000020000008200000007
:10BE340000000000000000000000000000000000FE
:10BE44000000000000000000FFFFFFFF00C201002F
:10BE540000000800080B00020202000009040000B0
:10BE64000102020000052400100104240206052436
:10BE740006000105240101010705810310001009D2
:10BE8400040100020A000000070502024000000746
:10BE94000583024000000000FFFFFFFF01000000D7
:10BEA400040100200000000060BD000080BD00000F
:10BEB40040BD000000000000000000000000000081
:10BEC400000000000000000000000000000000006E
:10BED400000000000000000000000000000000005E
:10BEE400000000000000000000000000000000004E
:10BEF400000000000000000000000000000000003E
:10BF040000000000DD200000613500002540000035
:10BF1400ED4100005D48000091670000D568000015
:04BF2400B520000044
:040000030000507D2C
:00000001FF
