:1020000000400020E9500000D3500000D3500000F1
:1020100000000000000000000000000000000000C0
:10202000000000000000000000000000D35000008D
:102030000000000000000000D35000003D510000EF
:10204000D3500000D3500000D3500000D350000004
:10205000D3500000D3500000D3500000D5500000F2
:10206000D3500000B5480000D3500000D35000000A
:10207000D3500000D3500000D3500000D3500000D4
:10208000D3500000D3500000D3500000D3500000C4
:1020900000000000D3500000D3500000D3500000D7
:1020A000D3500000D3500000D3500000D3500000A4
:1020B0000000000010B5064C2378002B07D1054B1B
:1020C000002B02D0044800E000BF0123237010BDA4
:1020D000840100200000000010BE0000044B10B579
:1020E000002B03D00349044800E000BF10BDC046E8
:1020F000000000008801002010BE00004069704709
:10210000807C7047817470470020704701207047C1
:10211000C82040007047000010B5012104000020D5
:1021200003F0BAFA1023E361014B236210BDC046ED
:102130001000006010B5040002F0BEF82368002112
:1021400020009B69984710BDF8B5036804005B6ADE
:102150000E0041699847E37C0500002B06D02368F8
:1021600020005F68626933006168B847236829000E
:1021700020009B6A9847F8BD10B50400024B03602D
:1021800002F074F8200010BDE0B4000010B50400A7
:10219000FFF7F2FF200003F063F8200010BD0000FD
:1021A00010B50400024B0360FFF7E6FF200010BDEE
:1021B0001CB5000010B50400FFF7F2FF200003F08B
:1021C0004FF8200010BD000010B50400024B036062
:1021D000FFF7E6FF200010BD58B5000010B5040061
:1021E000FFF7F2FF200003F03BF8200010BD10B510
:1021F000017801F0BBFF10BDF7B50024FF270C4E9E
:102200002421200006F066F801AD31002870280076
:102210006F70AF7002F0BBFA0648FFF7E8FF0C20C2
:1022200002F0D0FF044BFF3403369C42E8D1F7BDE7
:102230003C020020FC0C0020DC230000F7B5FF2747
:10224000114C124D69342421280006F043F801AEE8
:102250002100307077703000B77002F098FA0C4EA1
:10226000FF3D3000FFF7C3FF0C2002F0ABFF00235F
:10227000300023706370A370FFF7B9FF2B00033C9D
:10228000FF33E0D1F7BDC0463C020020DD22000054
:10229000FC0C002010B5002003F04AF90C2003F0DC
:1022A00021F9082003F088F90A2002F08BFF10BD05
:1022B000F8B51A4E01253368194C1F002F402B42E8
:1022C0000BD1200001F0D4FF164B2000164A17490D
:1022D000A7842360356004F0D5FB0023242220006E
:1022E000134901F0F1FE134B02211860124B1A78CA
:1022F000124B1A70124B187803F0CEF9FFF7CAFF91
:102300008021002300220F4C0F48C900E250C25028
:1023100004338B42FAD1FFF76FFFF8BDA401002010
:10232000A801002058B5000000000020C9210000CD
:102330003C020020240200204C000020FC0C002065
:1023400008000020C8060020C8020020F0B50024C4
:1023500087B002F007FF3B4D2B68C01A5228F8D90E
:1023600002F000FF2860082003F026F980B206F092
:10237000D3FF354D061C3549286806F0B5FC3449B5
:10238000071C301C06F0B0FC011C381C06F046F996
:102390002860011C301C06F0C1FD002380222D4D59
:1023A000D200671938602C4F05933B510434944296
:1023B000CFD100248022294E012329003000520071
:1023C00002940194009401F049F980233A00290015
:1023D00030005B00009401F021FD80233A002900C9
:1023E00030005B0001F01BF92F00002C07D1059B8A
:1023F0002B6001340437802CF7D107B0F0BD184BA7
:10240000185D06F089FF174906F06EFC011C38685C
:1024100006F084FD0021061C06F0ACF8002800D16F
:102420000026114A6300D05A3E600028E1D006F031
:1024300073FF011C301C06F08DFA0C4906F054FCA9
:102440003860D6E7F001002004000020A4707D3F32
:102450000AD7233CC8060020C8020020D001002073
:10246000BCB600009A991940BCB5000000002A4390
:10247000F7B502F071FE012406000025012D23D8D6
:1024800002F06AFE0700831B772BF7D90F48104E26
:1024900001AA002C0CD0002324211380937002F099
:1024A00045F93000FFF7A3FE01233E005C40E5E75D
:1024B000FF2324211380947002F038F90135300095
:1024C000FFF795FEEDB2EFE7F7BDC0463C020020F6
:1024D000FC0C0020F7B502F03FFE012406000025A9
:1024E000012D23D802F038FE0700831B772BF7D984
:1024F0000F48104E01AA002C0CD000232421138079
:10250000937002F013F93000FFF771FE01233E00D3
:102510005C40E5E7084B24211380947002F006F933
:1025200001353000FFF763FEEDB2EFE7F7BDC046BF
:102530003C020020FC0C00200080FFFF074B10B580
:102540001A78002A04D101321A70FFF791FF10BDEA
:1025500000221A70FFF7BEFFF9E7C046A80200206C
:1025600010B5FFF76BFEFFF747FE044C05212078FE
:10257000013005F095FF217010BDC0464E000020CF
:10258000F8B5234B187803F0E3F8C5B202F0E4FD88
:10259000204E04003278204BAA4202D018603570D9
:1025A000F8BD1B68C31A322BF9D91C4F3B78AB42DC
:1025B00026D01B4B3D70002D10D101221A70194BF3
:1025C0001860184B1868FA23241A9B009C42E6D323
:1025D0000022134B1A70FFF7B1FFE0E71A78002AC8
:1025E000DDD000221A70FA220E4B92001B68C31A2B
:1025F0009342D4D20C4B1B78002BD0D1FFF7B0FF05
:102600003B78002BCBD1064B1B78002BC7D0D8E7EB
:10261000080000204D0000203402002009000020A6
:1026200000020020FC010020A8020020F0B585B0C7
:1026300002F092FDFA213E4A89001368C31A8B42C8
:1026400051D33C4F3C4B3E681C681060002E52DD5D
:10265000200006F061FE051C300006F05DFE011C46
:10266000281C06F077F9354906F03EFB3449051C75
:1026700005F080FF002838D0324E3349306806F02C
:1026800033FB3249051C05F075FF002800D02F4DA3
:1026900035600723E01703401B19DB1002930F235B
:1026A00018400019031103930023294E294C01936C
:1026B0003368029A93422BDD2749206806F014FB09
:1026C0002249051C05F056FF002800D01F4D25604B
:1026D0000023019A08C6013201920434082AE7D186
:1026E000154A3B60136005B0F0BD1849281C05F081
:1026F0002DFF0028CDD0134E1849306806F0F4FAAB
:102700001749051C05F022FF0028C1D0144DBFE772
:10271000039A9342DCDA1349206806F0E5FA10497F
:10272000051C05F013FF0028D1D00D4DCFE7C046A2
:1027300038020020C4020020F40100200000C8423A
:102740000000A04168000020CDCC8C3F000020415B
:10275000040200202C0000206666863F6666663F05
:10276000CDCCCC3D3333733FF7B52421002002F0AC
:10277000A5FC104AC3B214780322C0B250430E49DC
:10278000624308180D490E4D0978AC185918C9B2A2
:10279000019101998B420BD0232B09D86778A67839
:1027A000515D0133017047708670DBB20330F0E792
:1027B000F7BDC046010200203C020020640000205A
:1027C0000A000020F7B5104B104A1978032548007D
:1027D000835C12185278694394460D4C66189C45E8
:1027E00010D32800727858430092B2780F5D01929E
:1027F000084A0133875412180098DBB250700198D0
:102800009070ECE7F7BDC0460102002054000020A4
:102810000A0000203C020020F7B5124B124A19783A
:1028200003254800835C12185278104C9446247893
:1028300069431B190E4CDBB266189C4510D3280067
:10284000727858430092B2780F5D0192094A0133C1
:10285000875412180098DBB2507001989070ECE722
:10286000F7BDC04601020020540000206C0000208B
:102870000A0000203C0200200023F0B589B006AA1F
:102880006F4893809371242107AA01F04FFF6D4890
:10289000FFF7ADFCFFF774FEFFF758FD6A4B00270A
:1028A0001E006A4D019302972B786C7805937F2C5C
:1028B00000DD7F24059BA34247DA039300230493A2
:1028C000039BA3420ADC624A9B00D158049805F09E
:1028D000A5FE039B049001330393F1E7059BE01AE7
:1028E000013006F019FD011C049806F033F8041CB1
:1028F000A87806F011FD011C201C06F02BF8554AA3
:1029000055491368041C01331360544B186806F0D2
:10291000EBF9534BBA00D15806F0E6F9011C201C24
:1029200005F032FE002810D04E4B4F4A19784F4B1D
:102930001F7013680133136033680133336000295B
:1029400027D1FFF711FF0123029301370335043626
:10295000082FA9D1434B1B78012B5AD10025444E97
:102960003378747804937F2C00DD7F24049BA3428A
:1029700048DA00270393039BA3420DDC344A9B00F3
:10298000D158381C05F04AFE039B071C0133039302
:10299000F1E7FFF717FFD6E7049BE01A013006F0D6
:1029A000BBFC011C381C05F0D5FF041CB07806F0F8
:1029B000B3FC011C201C05F0CDFF264A2D491368ED
:1029C000041C01331360254B186806F08DF9244B65
:1029D000AA00D15806F088F9011C201C05F0D4FD8E
:1029E00000280FD0204A214B1D701368013313605B
:1029F000019B019A1B68029301331360FFF70CFFE0
:102A000001230293019B0135043303360193082D02
:102A1000A6D10C48FFF7EBFB029B0948002B0DD019
:102A2000154B1A78242101F0D2FCFFF7FFFD0D4B66
:102A30001B78012B00D82DE709B0F0BD0F4BF0E754
:102A40003C020020FC0C0020040200208CB5000099
:102A5000C8060020C4020020000048426800002090
:102A60002C0000204E000020F40100200102002074
:102A7000A4B50000000082422800002029000020A8
:102A800070B505000C001000002D07D0290005F0DE
:102A900007FD002902D1002D08DD01340020002CA3
:102AA00003DB2000FF2C00DDFF2070BD013CF5E7BB
:102AB000F0B587B002F056FB384B394A197803233A
:102AC0004B43D1189A5C374B4C781B688F78009039
:102AD000D61A9A4205D0FF203100800005F0FAFB9B
:102AE0000600314B1B68E51A9C4205D0FF202900E7
:102AF000800005F0EFFB05002C4B1B68FA1A0192D1
:102B00009F4205D0FF201100800005F0E3FB0190FB
:102B1000274A009B11685B1A264909688B4238D303
:102B2000009B254F254C13603B6821681A0030003C
:102B30000093FFF7A5FF224E009A316802902060B3
:102B40002800FFF79DFF1F4D009A29680390306011
:102B50000198FFF795FF029B05AA1370039B9070E5
:102B6000537024212860184801F0E0FD1748FFF752
:102B70003EFBFF223B68920001333B60934208DB3F
:102B80002268084B1A603268074B1A602A68074BA4
:102B90001A60FFF7F5FC07B0F0BDC0460102002047
:102BA0000A000020B4020020B0020020AC02002085
:102BB000B8020020240000202C020020C0020020C7
:102BC00030020020F80100203C020020FC0C002014
:102BD00073B500266B4624219E809E71114801AA80
:102BE00001F0A4FD1048FFF702FB104C104D2670B9
:102BF0002E60FF26B6000F4B1B78022B11D1FFF77A
:102C000057FF2B68B34207DB002223782A60013389
:102C1000DBB2072B03D82370FFF7B2FCEBE722707F
:102C2000FAE773BD3C020020FC0C002001020020EA
:102C30002C0200204E000020F7B500276B461C4DEB
:102C40009F809F712421280001AA01F06FFD194E79
:102C50003000FFF7CCFA184C27700C37174B1B7855
:102C6000032B24D102F078FA154A16491368096833
:102C7000C31A8B4218D310602078381A06F04CFB28
:102C8000114906F031F805F0B1FC0523C2B2242148
:102C9000280001F05EFD3000FFF7A9FA20780C2132
:102CA000013005F0FDFB2170FFF76AFCD6E7F7BDA8
:102CB0003C020020FC0C00202B0200204E000020D3
:102CC000BC020020500000200000AA41F0B5354FA2
:102CD00085B03B7803900291002B06D0002307219A
:102CE000314A3B701370314A117002F035FA304AA4
:102CF000304913680968C31A8B4251D32A4B1B7899
:102D00000093072B4CD80325284B10601B780193A8
:102D1000019A294B5200D45C009A5200D65C274B92
:102D200075435D19009B244A5B00D3185B78B3425E
:102D300015D203256543214B5D19019B5E00961951
:102D400001363378A34215D3232C13D8280003224D
:102D5000013402A908F090FAE4B20335F1E7232E1A
:102D6000E7D828000322013603A908F085FAF6B255
:102D70000335D7E71248FFF73AFA802224210F489B
:102D800001F025FB084B084A1B7808490133DBB2E8
:102D900013700A78013A0A70072B01D901233B709E
:102DA00005B0F0BD6D000020290200202A0200209D
:102DB000BC02002050000020540000203C020020F3
:102DC000FC0C0020F7B5002601AC22002421264887
:102DD0002680A67001F0AAFC2448FFF708FA012318
:102DE0008227234D2E70234E3370234B1B78042BE8
:102DF00039D1287803280FD805F0CEF90219252DEE
:102E0000FF236946238000231C4AA3700A808B702D
:102E100000992068FFF75AFF3378002B04D0032273
:102E20002B78013313402B70FFF7AAFBDDE76A46CE
:102E3000134B138000239370012252422280A3700F
:102E400021680098E6E76A460E4B138000239370D2
:102E50002380FF33F3E76B464B229F701A80942345
:102E600023803F33EBE7F7BD3C020020FC0C002041
:102E7000280200206D0000204E000020FF450000C9
:102E8000FF8CFFFF0080FFFF10B5FFF779FB0A4BB7
:102E90001878042806D805F07FF9030306090C000A
:102EA000FFF7EAFC10BDFFF793FEFBE7FFF7C4FE58
:102EB000F8E7FFF787FFF5E74E000020F0B585B093
:102EC00002910A9903938B68019001338B60CB6860
:102ED0000133CB600B6901330B6100269446039BE1
:102EE000350034003000019A029F664674784D78B0
:102EF0002D06240601D16D40C046641900D3E44379
:102F000000D32406CE68240E74434D780E79751BC9
:102F10004D702004624600969446009E019A029FDE
:102F20009760C046C0460326013EFDD1400000D256
:102F30005760C046C046C0460826013EFDD15760D6
:102F4000C046C0460526013EFDD19760C046C0463A
:102F50000326013EFDD1400000D25760C0466646C0
:102F60003478C046C0460726013EFDD15760C046B2
:102F7000C0460526013EFDD19760C046C0460326E7
:102F8000013EFDD1400000D25760C0460D782D06AD
:102F9000240601D16D40C046C0460626013EFDD143
:102FA0005760C046C0460526013EFDD19760C04629
:102FB000C0460326013EFDD1400000D25760C04606
:102FC000641900D3E44300D324060726013EFDD153
:102FD0005760C046C0460526013EFDD19760C046F9
:102FE000C0460326013EFDD1400000D25760C046D6
:102FF0008E68240E7443C0460726013EFDD15760FB
:10300000C046C0460526013EFDD19760C046C04679
:103010000326013EFDD1400000D25760C0460D7826
:10302000CE78751B0D70C0460626013EFDD1576057
:10303000C046C0460526013EFDD19760C046C04649
:103040000326013EFDD1400000D25760C046C04675
:10305000C0460826013EFDD15760C046C046052641
:10306000013EFDD19760C046C0460326013EFDD11A
:10307000400000D25760C0462004C0460826013EEA
:10308000FDD15760C046C0460526013EFDD1976080
:10309000C046C0460326013EFDD1400000D2576025
:1030A000C046C046C0460826013EFDD15760C04616
:1030B000C0460526013EFDD19760C046C0460326A6
:1030C000013EFDD1400000D25760C0466646B4784C
:1030D000C046C0460726013EFDD15760C046C046E7
:1030E0000526013EFDD19760C046C0460326013E3D
:1030F000FDD1400000D25760C0468D782D062406D1
:1031000001D16D40C046C0460626013EFDD1576044
:10311000C046C0460526013EFDD19760C046C04668
:103120000326013EFDD1400000D25760C04664191D
:1031300000D3E44300D324060726013EFDD15760A7
:10314000C046C0460526013EFDD19760C046C04638
:103150000326013EFDD1400000D25760C0460E69F3
:10316000240E7443C0460726013EFDD15760C04679
:10317000C0460526013EFDD19760C046C0460326E5
:10318000013EFDD1400000D25760C0468D784E7997
:10319000751B8D70C0460626013EFDD15760C046A6
:1031A000C0460526013EFDD19760C046C0460326B5
:1031B000013EFDD1400000D25760C0468E79B44434
:1031C000C046C0460726013EFDD15760C046C046F6
:1031D0000526013EFDD19760C046C0460326013E4C
:1031E000FDD1400000D25760C0462004C0460826EA
:1031F000013EFDD15760C046C0460526013EFDD1C7
:103200009760C046C0460326013EFDD1400000D273
:103210005760C046C046C0460826013EFDD15760F3
:10322000C046C0460526013EFDD19760C046C04657
:103230000326013EFDD1400000D25760C0466646DD
:103240007478C046C0460726013EFDD15760C0468F
:10325000C0460526013EFDD19760C046C046032604
:10326000013EFDD1400000D25760C0464D782D068A
:10327000240601D16D40C046C0460626013EFDD160
:103280005760C046C0460526013EFDD19760C04646
:10329000C0460326013EFDD1400000D25760C04623
:1032A000641900D3E44300D324060726013EFDD170
:1032B0005760C046C0460526013EFDD19760C04616
:1032C000C0460326013EFDD1400000D25760C046F3
:1032D000CE68240E7443C0460726013EFDD15760D8
:1032E000C046C0460526013EFDD19760C046C04697
:1032F0000326013EFDD1400000D25760C0464D7804
:103300000E79751B4D70C0460626013EFDD15760F3
:10331000C046C0460526013EFDD19760C046C04666
:103320000326013EFDD1400000D25760C046C04692
:10333000C0460826013EFDD15760C046C04605265E
:10334000013EFDD19760C046C0460326013EFDD137
:10335000400000D25760C0462004C0460826013E07
:10336000FDD15760C046C046C0460326013EFDD190
:103370000D4F00966246BE6862B6013B72B6BF68EA
:10338000BC46BE4201D2094FF6196746F61B872795
:103390003F01BE4205D8002B00D0BDE5039805B023
:1033A000F0BD0020FBE7C04610E000E080BB00005D
:1033B00000B54368020089B00120002B12D0107EB6
:1033C00003A90590507E0690907E0790D0680390E8
:1033D000108A8880907C88710091126810210248C0
:1033E000FFF76CFD09B000BD10000060F0B50500EE
:1033F0000C008BB001F0B6FEAB8CC31A9BB2312B24
:10340000F8D972B6236808AE0293A369270008931F
:10341000A38BE268B380A37F02A9B3711223E356A2
:103420000592228A8B7463680A820393049363690A
:10343000080018370793FFF7BBFF00281ED162B6BC
:10344000C8239B00013BFDD172B62368E26802935A
:10345000A36902A90893BB880800B380BB79B37144
:103460001223E3560592228A8B7463680A820393BF
:103470000493636901930793FFF79AFF62B601F023
:1034800071FEA8840BB0F0BD0721F8B51B4A0600F9
:10349000137801330B401C001370012214401342B7
:1034A00000D080249A0701D54022144304221342FD
:1034B00001D020231C43350080271034E4B20C35A2
:1034C0000F367F00297B002904D0380004F002FF6A
:1034D0000130C1B24B1C63431B12E970DAB2002BFE
:1034E00008D12B70002901D00139E9700135AE42B5
:1034F000E8D1F8BD013A2A70F4E7C046A0010020E7
:10350000F0B5040015000E008DB01A0001006846E9
:1035100000F0E5FE07226946A77C02A807F0ACFE92
:10352000072202A90AA804960595069507F0A4FEAD
:10353000012F0FD104A8FFF7A7FF6A46222100231D
:10354000521813700993236820001B6B04A9984735
:103550000DB0F0BD00236A4607931384EDE7F0B584
:10356000170005008FB01A000191010002A800F0B9
:10357000B6FEFB17FE185E40AB7C072202A904A82A
:10358000009307F079FE019B072204A90CA806937B
:103590000796089607F070FE009B06AC012B11D130
:1035A0002000FFF771FF0323A374002363619F4290
:1035B00001DAFD33A3742B68210028001B6B9847A8
:1035C0000FB0F0BD002309932382ECE70022802393
:1035D00013B5084C0192084A5B0000922000074A8C
:1035E000074900F0E3FA2000064A074903F04AFAC7
:1035F00013BDC046D001002000803B46C802002019
:10360000C8060020000000200D36000010B50400A0
:103610008068002801D001F027FE200010BDF7B51A
:103620000D0000245B0801339B000192009329598F
:10363000019B081C1F5905F057FB391C061C381C40
:1036400005F052FB011C301C04F0E8FF03F06AFB9C
:10365000009B28510434A342E9D1F7BDF0B58DB0E9
:10366000049314AB1B7814000A9353080593139B1F
:103670000091002B29D0049B0A2B26D10025059B05
:10368000013CA4000C199E00AE4200D183E2009BD5
:103690005859139B5959129B002B0CD105F024FB50
:1036A000009B5851139B2068595905F01DFB206061
:1036B0000435043CE8E705F04DF9009B5851139B95
:1036C0002068595905F046F9F1E7200005F06AFE37
:1036D000FE21890505F022FC0A9B0390002B04D0F3
:1036E000049B9A00E74BD3580B93009B013CA4002A
:1036F0001B19019300230293029B059A934200D168
:1037000049E2180005F04EFE0399041C05F022F969
:10371000049A031C501E082800D92EE204F046FD2E
:1037200009001D005B008F00D700090149018901D4
:103730001402181C07F064FCD34AD44B06F0DEFDDB
:1037400003F0A8F9D24AD34B06F0D8FD02000B00D3
:10375000D148D24907F03EF812E0181C07F050FC9F
:10376000C94ACA4B06F0CAFD03F094F902000B00E7
:103770000020CB4907F02EF8C74AC84B06F0BEFD23
:1037800007F086FC041C0A9B002B04D0201C0B991C
:1037900005F0AAFA041C029B9D00139B002B00D08D
:1037A0005C51009B5859129B002B00D0E8E1011C92
:1037B000201C05F099FA009B211C5851019B1868A8
:1037C00005F092FA019B1860029B01330293019B62
:1037D000043B019390E7039807F012FC0600201CBD
:1037E0000F0007F00DFC002204000D00AD4B30006F
:1037F000390006F083FD02000B002000290006F0CE
:10380000E9FF0022002304000D00069104F078FE79
:10381000002805D1802212069446069B63441D00B1
:1038200022002B002000290005F0F8FD32003B00AB
:1038300006F05EF902000B00002099498AE7181C87
:1038400007F0DEFB904A914B04000D0006F056FD98
:1038500003F020F9944A954B06000F002000290040
:1038600006F04CFD03F016F9914A06900791914B32
:103870002000290006F042FD03F00CF98E4A089062
:1038800009918E4B3000390006F038FD02000B0024
:103890008B488C4906F09EFF8B4A04000D00069869
:1038A00007998A4B06F02AFD02000B002000290030
:1038B00005F0B4FD04000D00854A864B089809996F
:1038C00006F01CFD02000B002000290042E7181C36
:1038D00007F096FB6C4A6D4B04000D0006F00EFDE0
:1038E00003F0D8F8704A714B06000F002000290041
:1038F00006F004FD03F0CEF8774A06900791774B67
:103900003000390006F0FAFC02000B0074487549DB
:1039100006F060FF04000D00734A744B0698079987
:1039200006F0ECFC02000B002000290005F076FDFB
:1039300026E7181C07F064FB534A544B04000D00A3
:1039400006F0DCFC03F0A6F8574A584B06000F00BF
:103950002000290006F0D2FC03F09CF8544A06909F
:103960000791544B2000290006F0C8FC03F092F8A0
:103970005F4A089009915F4B3000390006F0BEFCA9
:1039800002000B005C485D4906F024FF5C4A04001D
:103990000D00069807995B4B06F0B0FC02000B0087
:1039A0002000290005F03AFD574A04000D00574B4E
:1039B00084E7181C07F024FB334A344B04000D0045
:1039C00006F09CFC03F066F8374A384B06000F00FF
:1039D0002000290006F092FC03F05CF8344A0690BF
:1039E0000791344B2000290006F088FC03F052F8C0
:1039F000474A08900991474B3000390006F07EFC99
:103A000002000B004448454906F0E4FE444A040025
:103A10000D0006980799434B06F070FC02000B005E
:103A20002000290005F0FAFC3F4A04000D003F4B3E
:103A300044E7181C07F0E4FA134A144B04000D0085
:103A400006F05CFC03F026F8174A184B06000F003E
:103A50002000290006F052FC03F01CF8344A0690BE
:103A60000791344B3000390006F048FC02000B008F
:103A70003148324906F0AEFE314A04000D00314BA8
:103A80004CE7C0463CB7000068A17454FB211940C4
:103A9000713D0AD7A370DD3F48E17A14AE47E13F9C
:103AA0000000F03F0000E03F2CBB1E54FB212940EA
:103AB0000E79577F7CD93240B9E00CFE7E31DF3F72
:103AC0002AA73D25E7C4D63FABB184B53176C23FC6
:103AD000DEE8633E20D0893FB9FC87F4DBD7DF3FC7
:103AE000BCE82B483316DB3F2B6A300DC347B43F8D
:103AF0003B191C25AF4EDF3F04B97A04ED44D73F94
:103B0000A13193A8177CC13F189EF24300CB853F9B
:103B10008EAF3DB32440DF3FF6285C8FC2F5D63F21
:103B2000BD18CA897615C23FB2632310AFEB873F39
:103B3000BD7ED29A30ABE03F8984A570F3FCD13FC3
:103B400052CCE6165F59C93F039807F059FA002294
:103B5000124B06F0D3FB06000F00201C07F050FAB2
:103B600032003B0006F036FE32003B0005F0C0FF9D
:103B700002000B0006F0C2FB5CE6FE24A40502E690
:103B8000211C04F0E7FE009B211C5851019B186882
:103B900004F0E0FE16E60DB0F0BDC0460000E03FC8
:103BA0000020490801D00130FBE7704770B51D00C7
:103BB00004AB40CB040018780023E56023806360E9
:103BC000A36026616261A161984207D0084B9D42C3
:103BD0000BD86808800001F03FFBA060290020009E
:103BE000FFF7DEFF6060200070BD01204042F2E779
:103BF000FDFFFF3F0B68106808601360704700000E
:103C0000F0B50025060017002C0091B007935B0863
:103C100001910293079B013BAB421ED9AC4213D9E1
:103C2000A3000393019BA200A9009A185918300021
:103C3000FFF7E0FF179B012B06D1A300FA18AB009A
:103C40003000F918FFF7D6FF029B9C4202D3E41A1A
:103C50005B08FAE7E4180135DCE700230993013338
:103C60000593002304936B4B0893099B169A934288
:103C700000D1B3E0059B00255B000D93059B9B00E5
:103C80000B93059BDB000E93FE239B0506930023FD
:103C90000393039B059A934272D09C000B9B029363
:103CA000039B0A930A9B079A934246D2029A019B6E
:103CB00006999B58BE580C930C9805F015F8291CD2
:103CC0000F90301C05F010F8011C0F9805F026F934
:103CD00006990F90301C05F007F8291C061C0C985B
:103CE00005F002F8011C301C04F098FC019B0F99B0
:103CF000061C185905F012F9029A019B311C9850C4
:103D0000385905F00BF9029B0F99F850019B18598F
:103D100004F084FC019B311C1851385904F07EFCDE
:103D200038510A9B0D9A94460E9A634494460A931E
:103D3000029BA41863440293B4E70699089804F020
:103D4000D3FF291C041C049804F0CEFF011C201C86
:103D500005F0E4F8291C041C089804F0C5FF069936
:103D6000051C049804F0C0FF291C04F057FC039BB9
:103D7000051C013303930B9B069404330B9388E7D4
:103D8000FC210898890504F0AFFF07F039F902001B
:103D90000B0004000D0000201F4906F01BFD02F07F
:103DA0005DFF07F075F91C4B0022049029002000EC
:103DB00005F034FB02F052FF07F06AF9179B0890F8
:103DC000002B05D1802212069446049B6344049381
:103DD000099B013309930D9B059346E7179B012B24
:103DE00016D10024079B9E00B44211D0079805F01D
:103DF000D9FA019B011C051C185904F0ABFD019B6D
:103E0000291C1851385904F0A5FD38510434EBE74A
:103E100011B0F0BD000080BF0000E03FF7B50E001C
:103E200019001D0017000400FFF7BAFE089B3A00B6
:103E30003100019300902B002000FFF7E1FEF7BD59
:103E400000207047F8B505000E0017000024BC42A2
:103E500008D02B682800315D1B689847002801D0E6
:103E60000134F4E72000F8BD70470300FC33196A01
:103E7000DA69914203D01B6AC018007E70470120A6
:103E80004042FBE70300FC33D8691B6AC01A01D526
:103E90000130FF3070470000F7B50193FA23802707
:103EA000002504009B008360114B7F0008330E0047
:103EB00045602900009203603A00183007F0E5F9E8
:103EC00023002000FC332130DD613A001D6229000F
:103ED000FF3007F0DAF987239B00E3185D609D60EF
:103EE000009B20002375019B2661A5756375FEBDAF
:103EF00068B700000200FC32536810B501339468C3
:103F0000DBB29C4202D054680155536010BD10B51D
:103F10000300827D002082420ED0872292009C18EE
:103F20006268A4680132D2B2A24205D02133FF33C5
:103F30001800FFF7DFFF012010BD0300FC33996874
:103F40005A68914206D09A68805C9A680132D2B26F
:103F50009A60704701204042FBE710B51830FFF728
:103F6000ECFF10BD70B50400006900F09CFD002856
:103F700014D0206900F0A5FD002810D0206900F0C1
:103F800063FD0321206900F069FD8C239B00E55847
:103F9000002D39D10023FC34E361236270BD206918
:103FA00000F099FD002809D0206900F08FFD00285D
:103FB00004D0206900F094FD0028DFD0206900F0D3
:103FC0008AFD002826D1206900F076FD0028E5D082
:103FD000206900F085FD002837D087239B00E21878
:103FE000536892689B1A01D50133FF33FF21002BE0
:103FF00005D020002130FF30FFF79FFFC1B22069BC
:1040000000F042FDA075C9E7236820001B699847AE
:10401000A847BFE7206900F017FD2069032100F0E1
:104020001DFD206900F05CFD0028B7D08723002229
:104030009B00E3185A609A600123A3758B239B00B1
:10404000E3589342AAD09847A8E72200FC32D369EC
:10405000126A0133DBB22069934206D100F0EBFC17
:104060000321206900F0FAFC98E700F03EFD010012
:1040700020001830FFF73EFF206900F0E5FCEFE775
:1040800010B50248FFF76EFF10BDC046C80A0020F9
:1040900010B50223002202490248FFF7FDFE10BDC1
:1040A000B8110020C80A002010B500F0EBF900F0AC
:1040B000FFFA10BDFF230122037000235242438008
:1040C000C360826043607047F7B5040015001E00AE
:1040D00017000191002B01DC160000272368200047
:1040E0001B69984703217943019B200059182368D5
:1040F0006160DB6A66619847011E08D0084804F0D9
:10410000E9F8084E7368834200D20300736000F040
:10411000B9F9EA1B210000F0E8FA2000FEBDC04614
:1041200040420F00FC0C0020F8B50E4C050023683F
:104130005A1C22608B4214DB01F00EF80700FA20B3
:10414000094E2368326880005843B91A974200D15B
:10415000012104F035F800236880236000F0FCFFA3
:104160003060F8BD180E00201C0E0020F7B50400CA
:10417000009100F087F900F061FA6368324D002B7E
:1041800006D000F0EFFF2B68C01A63689842F4D3A2
:1041900000F0E8FFE3682860002B03D0A1680098D6
:1041A00098470090294F2A4E3D68002D1AD0294B80
:1041B000B34217D0EB7C002B12D02B6828005A6A30
:1041C000DB6901929847019B010028009847306005
:1041D0006388632B01D80023AB74AD680436E4E731
:1041E0003360F5E740263D68002D0DD0EB7C002BB9
:1041F00006D02B6828005F686A69009B6968B84729
:10420000013EAD68002EEFD10026104B1D68002D39
:104210000ED0402E0CD0EB7C002B06D02A680C4927
:10422000B3002800926AC9589047AD680136EEE79E
:1042300019212000FFF778FFFFF736FF00F022F981
:1042400000F019FAF7BDC0460C0E0020100E002039
:104250000C0D00200C0E002010B50248FFF72AFFBD
:1042600010BDC046FC0C00200120704770470000C4
:104270000C4B0122083303600023436083604361D9
:10428000094B5242C2608361084A094B02611A68B5
:10429000002A00D11860074B1A68002A00D09060ED
:1042A000186070478CB7000070170300FFFF010112
:1042B000100E0020140E0020030040680A0010B504
:1042C00000280BD05B69002900DA1A009A4200DD51
:1042D0001A0003214A43002106F0D7FF10BDF0B5B4
:1042E0000D000F0087B001920C370F3506002A0031
:1042F0003900019800F02AF8020405AB120E18707C
:104300005A70000204AC1B88000E2100A07003222A
:104310003000238006F0B0FF2A003900FF2000F0B3
:1043200015F803041B0E207063702388000202AA94
:10433000000EA07003A9938090710322F01C06F078
:104340009BFF3000019BB37107B0F0BD37B5002370
:104350006C462380A37098420FD0CC5C002C09D00F
:10436000D55C002D06D0013501346C436D464443C5
:10437000240CEC540133032BEFD16B461A88997847
:104380001000FF23120A184012020B401B041043B6
:1043900018433EBD037801314B431B120370437831
:1043A0004B431B1243708378594309128170704745
:1043B00070B50325160004004D434519AC4205D0E5
:1043C00020003100FFF7E6FF0334F7E770BDD2436A
:1043D00010B5D2B2FFF7ECFF10BD70B5051E09D0C5
:1043E000C400200006F034FF051E03D02200002187
:1043F00006F04BFF280070BDF7B5002704000D0044
:104400000192076041608160B9420BD00800FFF75C
:10441000E4FF2060FA00019B8218013742CB42C2C0
:10442000BD42F7D12000FEBDF7B5104F01263B6815
:104430000F4D1C003440334215D1802221000D481D
:104440002C7006F022FF2B0008336A4621000A4830
:10445000DC6700940194FFF7CFFF2800074A084962
:104460003E6002F00FFB2800FEBDC046200E00207B
:10447000240E0020280E0020AC0E0020000000209A
:10448000E744000010B5FFF7CFFF10BD0322031D66
:10449000DB6F02409200DB009B18C0187047037866
:1044A00010B5002B05D0883083680068DA008018CA
:1044B00010BD0430FFF7EAFFFAE70430C36F002BAA
:1044C00002D0013BC367F9E770470300883310B59A
:1044D00004001868002801D006F0C4FE201DFFF774
:1044E000ECFF200010BD10B50400FFF7EEFF200028
:1044F00010BD30B5041DE26F0F2A09D80323034015
:10450000D5009B005B19C018013228C928C0E2679A
:1045100030BD4268F8B505000C008A421BD2032367
:1045200053435B08994200D21C002000FFF755FF5F
:1045300000220600AB682868934206D9D300F11820
:10454000C31881CB81C10132F4E7002801D006F005
:1045500089FE2E606C60F8BD436810B58B4201D2B5
:10456000FFF7D7FF10BD70B5040083680D00591C1C
:10457000FFF7CFFFA26863689A4206D22168D30092
:10458000CB18013203CD03C3A26070BDF0B5002586
:10459000040087B0061D80220191057029003000BB
:1045A00006F073FE2700230088370833DD672900F3
:1045B000380004AA04950595FFF71EFF019B1B78A0
:1045C0000293AB421DD0019988318F4214D00E68FE
:1045D00089683800C90073180193230090331D6067
:1045E000C910FFF7B9FF019BB34205D03100380075
:1045F000FFF7B9FF0836F6E701232000237007B064
:10460000F0BD019B1D1DAE4216D00833DB6F30009C
:104610000393FFF752FF03210D40019B0135AD00CD
:10462000029F5D19039BBB4206D029003000FFF7B3
:1046300060FF01370835F5E70023DEE730B5A7B0A6
:1046400001006846FFF7A2FF6B461B7801AC002B08
:1046500000D0229C6846FFF722FF0500A54205D046
:104660002068083403689B689847F7E76846FFF7B7
:104670002CFF27B030BD30B5A7B001006846FFF76A
:1046800085FF6B461B7801AC002B00D0229C68464E
:10469000FFF705FF0500A54205D020680834036830
:1046A000DB689847F7E76846FFF70FFF27B030BD94
:1046B00030B5A7B001006846FFF768FF6B461B786E
:1046C00001AC002B00D0229C6846FFF7E8FE0500F5
:1046D000A54205D02068083403681B699847F7E7AE
:1046E0006846FFF7F2FE27B030BDF0B5A7B00D0069
:1046F000010068461600FFF749FF6B461B7801ACC6
:10470000002B00D0229C6846FFF7C9FE0700A74295
:1047100007D020683200036829005B699847083495
:10472000F5E76846FFF7D1FE27B0F0BDF7B50E00FC
:104730001500002403270190B44209DA38006043D1
:10474000019B03222900181806F096FD0134F3E7B7
:10475000F7BDF0B585B00193FF230E0000250327B8
:1047600003ACA3700F3B009022706370B5420CDA6B
:1047700039006943009B2000591800F008F823789D
:10478000019A0135D3182370F0E705B0F0BDF0B5FC
:1047900007784478FE00F3B29C465623624685783B
:1047A00053432020402238403A407FB21B0A002F5A
:1047B00055DB002A41D1002804D1DE43F6B21A00AD
:1047C000330004E05533DBB210001A00AB23FF2C9A
:1047D00019D0002C67D0E443E4B2644324120134BE
:1047E000E4B2E643F6B2013673431B12DFB2724302
:1047F0001212D2B246433612F0B23F191219001902
:10480000FBB2D2B2C0B21600FF2D12D02C006C4306
:104810006E1EB54124122D19EEB2002E47D0741C25
:1048200063431B12DBB262431212D6B26043001222
:10483000C0B24E700B708870F0BD00280AD162467D
:10484000AB265643552236125242961B563BF6B2C1
:10485000DAB2B5E70026DA431800D2B2B0E7002A90
:104860000FD100280AD1AB2663465E43553A360A7B
:10487000921B55360300D2B2F0B2A8E7D843C0B2BB
:10488000A5E71E00002807D15536F6B25522524240
:10489000D31A0200D8B293E7563E0022F6B2552052
:1048A000C01AC0B28CE7FF2002000300ABE7300063
:1048B0003300BEE710B5034800F0FCFAFFF7E0FB59
:1048C00010BDC046BC0E002013B50D4C0D49200094
:1048D00000F028F80C490D4800F024F80C490D4868
:1048E00000F020F80C490D4800F01CF800230122CC
:1048F0002100009201939218094800F071FA13BD4B
:10490000B811002000080042000C0042BC11002039
:1049100000100042C011002000140042C411002009
:10492000BC0E0020016070479446F0B505AC2578B8
:104930009C1E621E944162460668920737682406F0
:104940003A4322430724326000682140AD0100242D
:1049500042682943022B00D05C030A432243426091
:10496000F0BD30B5C0250368AD031C6812052A40B0
:104970002243C0240904A40221400A431A600368A8
:104980005A6814435C6030BD0123026811680B4310
:10499000136003681A68D207FCD4DA69D207F9D425
:1049A00070470223026811680B4313600268D369E1
:1049B0009B07FCD4704703681A7ED20702D41A7E84
:1049C0009207FCD57047002203685A83704703683A
:1049D000187E4007C00F70470368187EC0097047F3
:1049E000802302685B42117E0B4313767047036895
:1049F000588B8007C00F704702230268518B0B430E
:104A0000538370470368187EC007C00F7047036860
:104A1000188DC0B2704703681A7ED207FCD589B2E0
:104A2000012019857047012203689A757047012299
:104A300003681A75704780230268DB0211685168A9
:104A40000B43536070470000036803491A685A68B3
:104A50000A405A607047C046FFFFFBFF032230B593
:104A6000036811401C68074D5A6809042A40E4068F
:104A70001143640F5960052C03D10268D3695B07A9
:104A8000FCD430BDFFFFFCFF0368283319700268B7
:104A9000137E5B07D80F002B04DA0123508B4007ED
:104AA000C00F5840704703681868C006400F0438AC
:104AB00043425841C0B270470368187E4007C00F98
:104AC00070470368187EC007C00F70470368588B93
:104AD000C006C00F70470368187E8007C00F70477C
:104AE0000368588B0007C00F704703681A68D20626
:104AF000520F052A02D11A7E9207FCD52833187866
:104B0000C0B2704703680B4A93420DD00A4A9342E1
:104B10000CD00A4A93420BD00120094A40429342EA
:104B200001D1043040B270470020FBE70120F9E7D3
:104B30000220F7E700080042000C0042001000428B
:104B400000140042F8B5FFF7DDFF00282CDB1D4BF9
:104B5000C000181805230479C3560320FF2218400B
:104B6000C0008240C021D2438140002B1DDB1F25A5
:104B700001201D40C026A840134D7600A851C02634
:104B80009B089B005B19B6009F593A40114399510D
:104B900028603F2323408024E4011C430B4B5C80AE
:104BA0005A7852B2002AFBDBF8BD0F200340083BC5
:104BB00007489B089B001B18D86902401143D96124
:104BC000E7E7C046BCB9000000E100E0000C00408F
:104BD00000ED00E0F8B504000F0016001D00FFF71F
:104BE000B1FF2000FFF7D0FE1C21BB000B40710776
:104BF0002268090C0B431360842322689375012FEC
:104C00001AD11021012E00D008390C4B69431868C5
:104C1000C00003F0D5FA0722216802408B895203B5
:104C2000DB04DB0C13438B81226803049089DB0CCB
:104C3000400B400318439081F8BDC046700000202F
:104C40000120704710B50368014A1B6A984710BDE0
:104C5000130400000300FC33D96F9A6F914203D014
:104C6000DB6FC018007D704701204042FBE710B5A4
:104C700004000069FFF788FE22000023FC329367DE
:104C8000D3679E229200A4186366A36610BDF0232A
:104C90001B011940802306209B0099420AD0013352
:104CA000FF330130994205D0802300205B009942F8
:104CB00000D1053070470F2001400020012903D0AA
:104CC0000239481E8141481C70470000B923F0B5E5
:104CD000182785B002919B000400C05C3B000821AE
:104CE0004343324E1500F318595600F049FD304B3E
:104CF0000821E05C3B004343F318595600F040FDA7
:104D00002C4BE25C0393022A09D11133E05CFF28AB
:104D100005D008214743F719795600F031FDBA272D
:104D2000BF00E05DFF2819D0012100F0B5FC18227A
:104D3000E35D21495A43B356B618DB015818BB212D
:104D4000890060501D4901225B18BC218900635015
:104D500071688A40BD21890062501A600122029B5D
:104D600011002069FFF736FF29002000FFF78FFFB1
:104D7000290006002000FFF79EFFF0221540303D7D
:104D80006A42554103003100206901220095FFF776
:104D9000CBFD0B4B2069E25C039BE15CFFF7E1FD7F
:104DA0002069FFF7FEFD05B0F0BDC046C4B70000A6
:104DB000E5020000E70200001844004114440041ED
:104DC000E6020000AF2210B504000021520006F0F8
:104DD0005CFA23000022FC3320005A669A6610BD5C
:104DE000F7B51D0008AB1B780400009309AB1B78D6
:104DF0001600019300234360FA239B008360104B4D
:104E00000F00083303601430FFF7DCFF20007D3013
:104E1000FF30FFF7D7FFB9239B002761E654094B0A
:104E2000009AE554084B2000E254019A074BE254E3
:104E3000BA22E93BFF3B9200A3541032A354FEBDBB
:104E4000DCB90000E5020000E6020000E702000015
:104E50000300FC33586E9B6EC01A01D55F30FF30E3
:104E6000704710B5040020007D30FF30FFF7F0FFE1
:104E70000028F8D12069FFF79EFD10BD10B5143051
:104E8000FFF7E6FF10BD0300FC33596E9A6E9142A6
:104E900005DB5A6E986E801A5E30FF307047986E50
:104EA0005B6EC01A0138F9E710B57D30FF30FFF7AF
:104EB000EAFF10BD70B504000069FFF798FD0028F7
:104EC00005D02069FFF7A3FD2069FFF795FD206954
:104ED000FFF77DFD002824D025002069FFF797FD0E
:104EE000AF21FC350600A86F4900013003F0EEF950
:104EF000EB6F994203D0AB6FE3181E75A967BA2315
:104F00009B00E35CFF2B0CD020001430FFF7BBFFAD
:104F1000092806DCBB23BD229B009200E358A2585F
:104F20001A602069FFF76EFD00281DD020007D303B
:104F3000FF30FFF78DFF002825D09E239B00E61849
:104F4000B26E736E9A421BD0BE22AF21B36EB06EAA
:104F5000E3185200013049009D5C03F0B7F9B166D7
:104F60002069E9B2FFF757FD2069FFF735FD0028FA
:104F700005D02069FFF734FD2069FFF724FD70BDDF
:104F800001256D42ECE72069FFF751FDECE70000D9
:104F9000F7B5040000690E00FFF734FD002847D183
:104FA000AF277F009E239B00E518686EAB6E39002B
:104FB0000130019303F08AF9019B994224D1EFF368
:104FC0001083DB070ED4204B5B68DB05DA0D002B6A
:104FD000E8D0103A53B212060DD49B081B4AC033D6
:104FE0009B009B582069FFF70DFD0028DAD02000B8
:104FF000FFF760FFD6E70F221340083B144A9B08D7
:105000009B009B181B68EDE7AF21686E49000130DB
:1050100003F05CF9AB6E994205D0BE226B6E520074
:10502000E3189E5469662069FFF7FDFC0120FEBD70
:1050300020007D30FF30FFF70BFF0028B0D131009A
:105040002069FFF7E8FCF1E700ED00E000E100E097
:105050001CED00E070B50500FC35EA6FAB6F040095
:105060009A421DD0AF21EB6F4900C318E86F1E7D37
:10507000013003F02BF9E967BA239B00E35CFF2BB7
:105080000CD020001430FFF7FEFE0A2806DDBC23FA
:10509000BD229B009200E358A2581A60300070BDF8
:1050A00001267642E8E710B5041E05D006F09EF909
:1050B000210003F0F5F90C00200010BD10B504002C
:1050C000884203DA081AFFF7EEFF2418200010BD0B
:1050D000FEE7FEE7034B10B51B68002B00D0984796
:1050E00010BDC046C81100200F4A1048110010B56D
:1050F0000F4B824202D0934209D11300824209D160
:1051000000F0B6F800F082F8FEE710CB10C1814243
:10511000FBD3F3E7074A8B42F2D00021064B9A42B9
:10512000EED202C2FBE7C04600000020840100204E
:1051300014BE000084010020D017002010B500F03C
:1051400062F8002801D100F053F810BD014B18603F
:105150007047C046C8110020014B18687047C04610
:10516000CC110020F7B51348012284461249134C94
:105170008E68636805689B0E1340019288686268B8
:10518000019F920E3A4067463F6893420ED1BD425E
:105190000CD186420AD35B19FA254868AD00861BFC
:1051A00007486B437043000DC018FEBD3D0013005F
:1051B0000600E3E7CC11002010E000E000ED00E085
:1051C0005555000070B5041E11D0FFF7CBFFFA262D
:1051D0000500B60000F016F8FFF7C4FF401BB04210
:1051E000F8D3FA23013C9B00ED18002CF4D170BDDC
:1051F00010B5034A13680133136000F03FFB10BD84
:10520000CC110020704700207047704710B500F0A7
:10521000F9F805F0F7FFFFF7F8FF0120FFF7D2FFDD
:10522000094C200000F088FD200000F0FDFDFDF796
:105230003FF8FDF729FEFFF7E5FF044B002BF8D000
:1052400000E000BFF5E7C046D011002000000000DC
:1052500010B505F0FDFF10BD10B505F0F9FF10BD4C
:1052600010B505F0FFFF10BD10B505F0FBFF10BD38
:105270001E22F0B5504851494368514D93431A00DE
:1052800002231343436008238A691343FE228B6180
:105290002B68D2039B0213404A4A13434A4A936144
:1052A00013000422DC681442FCD00124474A147025
:1052B0001678264203D0567876B2002EF8DB012409
:1052C0009460547864B2002CFBDB414C54605478F9
:1052D00064B2002CFBDB8224E4015480547864B275
:1052E000002CFBDB02249C840E34DE682642FCD0BA
:1052F000384CDC621024DE682642FCD02C68A40EF8
:105300003F2C00D1203C9E6A334FA4023E403443E0
:105310009C629C6A314EA40AA40234439C62304CC5
:10532000DC6200249C841034DE682642FCD02D4CC4
:105330009C841024DE682642FCD002249E8C3443D8
:105340009C841024DE682642FCD0002494605478AB
:1053500064B2002CFBDB244C5460547864B2002C03
:10536000FBDB1C6A214E344080261C621C6AB4435D
:105370001C62032393601E4B536053785BB2002B77
:10538000FBDB0023FF240B721A4A4B728B72CB7229
:10539000194B1A60194A2B6811689A065B01C90EED
:1053A0002340520F12020B431343154A13858023E7
:1053B000426813434360F0BD0040004100040040D8
:1053C000246080000606000000080040000C004039
:1053D00001040100B905FF7DFF03FFFFFF0100008D
:1053E00080BB0A1C2405000000070300FFFCFFFF30
:1053F00003060100006CDC027000002020608000C9
:1054000000400042FA212E4B10B51868890002F0C6
:10541000D7FE802301385B0498424FD229492A4A9B
:105420004860C020136A00061B021B0A0343136274
:1054300000238B6007330B608021136A09061B026F
:105440001B0A0B431362FC22204B196A0A431A629F
:10545000FF22196A12020A431A62A022196AD202B2
:105460000A431A621A4B1C005A7852B2002AFBDB1C
:10547000184A5A80184B1A00597EC9090129FBD0D5
:10548000C821890099800521D970537EDB09012B41
:10549000FBD0C02300205B011361907000F048F83E
:1054A00063785BB2002BFBDB0C4B0D4A6380D37936
:1054B000DB09012BFBD04123537010BDFEE7C04632
:1054C0007000002010E000E000ED00E0000400406B
:1054D000000C00401E40000000400042214000003F
:1054E000004800420F4B302218600F490F4B0A282A
:1054F00009DD988890439880243A0A605A7ED20940
:10550000012AFBD07047082806DD988890432022A6
:1055100002439A800A22F0E7988802439A80082280
:10552000EBE7C046780000207400002000400042F5
:105530001F4900B50B004A7ED209012AFBD0013871
:105540000A282FD802F028FE1B2E2E2E2E2E062ED5
:105550002E2411001A6917490A400F211A615A783E
:105560008A43110001220A4310E01A6911490A40D6
:105570000F211A615A788A4311000322F3E71A694E
:105580000C490A400F211A615A788A435A7000BDAB
:105590001A6908490A400F211A615A788A43110092
:1055A0000222E0E7F022196912050A43F3E7C04638
:1055B00000400042FFFFFFF010B50400052800D8AE
:1055C00008340121200000F0DBF8082C0DD12D4B10
:1055D0001900DA79D209012AFBD002201A78824315
:1055E0001A70CB79DB09012BFBD027490B004A7ECF
:1055F000D209012AFBD018206043244C0A692418E0
:10560000207C1F242040A24302430A615A7ED20913
:10561000012AFBD0022219780A431A705A7ED20955
:10562000012AFBD00222197B0A431A731A7ED20781
:10563000FCD501221A765A7ED209012AFBD0022219
:10564000197B0A431A731A7ED207FCD5588B80B295
:105650005A7ED209012AFBD002211A788A431A7095
:105660005A7ED209012AFBD0094B1A68094B1B68E4
:105670009A4202D002D9D31AD84010BD9B1A984042
:10568000FBE7C0460048004200400042C4B70000AB
:105690007400002078000020182310B50824584317
:1056A000134A13181C57013412D001245B68825628
:1056B0009C4003290CD808000E49D2015218D31877
:1056C000403302F069FD0210060B0221197054608C
:1056D00010BD0621197054609461F9E70621197014
:1056E00054605461F4E7422119709460F0E7C046B9
:1056F000C4B70000004400411823F0B50824584303
:10570000114A13181C5701341BD0012635005F685D
:105710008356BD400D4ADB019A18906805420BD1B3
:105720000C00601E8441D219403210783440033698
:10573000A400B04320431070044A9B18002901D1F3
:105740005D61F0BD9D61FCE7C4B70000004400410D
:10575000182310B50824434307490020CA181457DA
:10576000013408D05B560549DB015B18186A5368A1
:10577000D8400123184010BDC4B7000000440041C8
:10578000182370B5082643432A4AD518AE5734006B
:10579000013607D0072907DC00291DDA01314C4208
:1057A0004C416442200070BD0B00083BDBB200247A
:1057B000032BF7D8092903D12100FFF76DFFF1E78B
:1057C0000A2904D10839FFF767FF0024EAE700241B
:1057D0000B29E7D10A39F0E76C68012520009B56B8
:1057E000C9B262082840DB012C4211D012480E35A4
:1057F0001B189A1830321078090128400143C9B2A9
:10580000117041221B19403319780A431A70DCE7E2
:105810000F26094D5B199A18303215781B19B543BC
:105820002943117041224033197804000A431A7049
:10583000B8E7C046C4B7000000440041F8B5050011
:105840000E0017000024BC4208D02B682800315DF0
:105850001B689847002801D00134F4E72000F8BD08
:10586000014B18607047C0467C0000200122024BAB
:1058700052421A607047C0467C000020124A1368EA
:10588000591C20D0013B1360002B1CD172B60F4B6A
:1058900001221900187D1042FCD02022188BFF3203
:1058A00002431A830A4ADA610A4A1A8001230A7DEE
:1058B0001A42FCD0BFF34F8F074B084ADA60BFF3A0
:1058C0004F8FC046FDE770477C000020004000413C
:1058D0000210000002A5FFFF00ED00E00400FA0541
:1058E000704770B50F26CB1D02003240D5B22C0098
:1058F00000093034092A00DD07341C705A1E994211
:1059000000D170BD1300EFE710B50400806905F009
:10591000A9FCA06A05F0A6FC200010BD10B504008B
:10592000FFF7F2FF2000FFF79BFC200010BD0000F6
:1059300070B5032908D1324B8000C058002802D02E
:105940000368DB68984770BD82291FD1C3B22D4D13
:105950005A01AA1891692C4C80010C40C02189057C
:1059600021439161294908334018802150612A68F8
:105970005B01D01804794942214301717020995C80
:1059800081430800302101439954DCE70029DAD132
:10599000C024C1B21B4E4A01B21893681A4DA40527
:1059A0002B40234393601A4B8001C0180B005060BA
:1059B0003068072608335B01195CB1430E000121F2
:1059C0003143195491690D402C43946170240F495F
:1059D0005161195CA1430C001021214319549168B5
:1059E0000C4CC3180C4080214903214391609168FD
:1059F000890B89039160402259790A435A71A2E7C1
:105A0000D411002088160020FFFFFF8FFC1100201A
:105A1000BC130020FF3F00F0EFF31083036001236D
:105A2000436072B670470368002B02D162B6BFF3C1
:105A30006F8F704737B5056904006846002D14D193
:105A4000FFF7EAFF019B621D013B02D3D57FEDB258
:105A5000FAE768460193FFF7E6FF002D01D1002029
:105A60003EBD206AE369C01AFAE7FFF7D5FF2200BE
:105A70000025019B3432013B02D31578EDB2FAE7E1
:105A800068460193FFF7CFFF002DE8D0206BE36A53
:105A9000E9E70000F0B5FF25012642688368116838
:105AA0002B405B01CC186419A77AD3183E43A67229
:105AB000C6689C680B4FB60436093C4034439C6072
:105AC00083682B405B01D2189468A40BA4039460F4
:105AD000402283682B4008335B01CB1819790A43B5
:105AE0001A71F0BDFF3F00F0F7B5056904000E0024
:105AF00017006846002D43D1FFF78EFF019B601D04
:105B0000013B5A1C0BD0C27F591E002A05D16846A2
:105B10000193FFF788FF2800FEBD0B00F1E7684600
:105B20000193FFF780FFE369AF420AD0226A9A42ED
:105B300007D95A1CE261A269D3181B787355013545
:105B4000F1E7226A9A42E6D10023E3610133684615
:105B50002361FFF761FF22000021019B671D013BCC
:105B60003532581CD3D0F97710785E1E002805D046
:105B7000200011700193FFF78DFFECE73300F0E791
:105B8000FFF74AFF2000019B3430013B5A1C06D02E
:105B90000278591ED5B2002AB9D00B00F6E7684644
:105BA00001930025FFF73FFFE36ABD4202D0226B5D
:105BB0009A421CD8226B9A42ADD100236846E36218
:105BC0002361FFF729FF270022000021019B3437C2
:105BD000013B3532581C9AD0397010785E1E00286F
:105BE0000DD0200011700193FFF754FFEBE75A1C12
:105BF000E262A26AD3181B7873550135D4E73300EB
:105C0000E8E7F7B582684368D2B2110004000831B2
:105C1000186849014118C879C00729D501255201E2
:105C2000CD719B189A6861699204920C002923D166
:105C30002262226A002A41D0A26A656168465A60DF
:105C4000FFF7EAFE342294462200019B671D013BC8
:105C5000A4443532591C2DD06146FD770978581E71
:105C6000CEB2002905D0019368461570FFF7DBFE20
:105C7000F7BD03001670EDE72263226B002A1DD0EA
:105C8000002227006261A26968465A60FFF7C4FEDD
:105C9000019B621D9446013B34373032591C09D0B8
:105CA00061463D70C97F581ECEB20029DBD103008A
:105CB0001670F3E768460193FFF7B5FE2000FFF783
:105CC000E9FED5E713B56A4600230C00D01DD37159
:105CD00000F0EAFD23681818206000F079FE6B469A
:105CE000D91D00F041FE236818186B462060D87952
:105CF00016BD000003290ED180220E4B62311B68B5
:105D0000FF31585C524202435A5468226339FF32D1
:105D1000FF39995470470129FCD18022054B243169
:105D20001B68FF31585C524202435A5428222339DF
:105D3000FF32EDE78816002070B500252F4B0121BA
:105D400004000F201D70FFF7A7FC01210F20FFF7B3
:105D5000D3FC2B4B01210E201D70FFF79DFC012170
:105D60000E20FFF7C9FC2023264A0F20D1690B43E0
:105D7000D361012224490B7813430B70234B19780C
:105D80008143197006211D782943197020490D7827
:105D90002A430A701A7802401A70602219780A435E
:105DA0001A701C4B1C4A5A805A78D209FCD11B48E5
:105DB000FFF7CCF91A4D280000F01EFE280000F075
:105DC00031FE7F212B68C1201A7880000A401A70AA
:105DD000042219780A430C211A701A898A4311493E
:105DE0001A810A581202120A0A5080220A6019788F
:105DF0007E3A0A431A700123237070BDF11100200E
:105E0000F011002000040040584400413C4400418F
:105E100059440041000C004006400000ED670000BE
:105E20008816002000E100E00078002810D0012151
:105E3000084B1B681A898A431A810822198B0A4366
:105E40001A830422198B0A431A830022024B1A6018
:105E50007047C04688160020801600200A000E49B0
:105E60008B699B0B9B038B610B680221FF331972BB
:105E70009879823901439971197A8907FCD57F2075
:105E8000064B0240997A8143114380229972997A94
:105E900052420A439A72704788160020005000410F
:105EA00010B50B790C00002B0CD1080000F00AFD96
:105EB000002801D0012010BD094A93699B0B9B0368
:105EC0009361F7E700F084FD210000F071FD0028E8
:105ED000F0D1034A93699B0B9B039361EBE7C046A8
:105EE00088160020F7B50D001100832A19D1EBB2F6
:105EF000324C5A01A21891693148AD010840C021C5
:105F00008905014391612F4920686D18702108337C
:105F100055615B011A5C8A43110040220A431A54FE
:105F2000F7BD022A45D1284AAB009858002802D074
:105F300003685B6998473820FFF78AF9234B80276D
:105F4000036000231D4E7F00421D03620361436115
:105F5000C36146608560C760D3772F32C362036335
:105F6000040013703800537005F072F90190A061BD
:105F7000380005F06DF9EBB25A01A062B2189168D1
:105F80000F4808330840C0218905014391603168FA
:105F900007265B01585CAD00B04306000320304388
:105FA0005854019B20005360FFF774FD064B5C5171
:105FB000B6E72800FFF7BCFCB2E7C0468816002011
:105FC000FFFFFF8FFC110020D41100201CBA00003D
:105FD00070B505000124064BA200D258002A05D056
:105FE00021002800FFF77EFF0134F4E770BDC046B2
:105FF00080000020084B8A00D05810B5002803D03C
:1060000003689B68984710BD044BC9B249015918F1
:1060100088688004800CF6E7D411002088160020E0
:1060200010B50C00FFF7E6FF00280CD0064BE4B2D9
:1060300019688023083464010C1962795B421343A8
:1060400063710223E37110BD8816002070B5CBB2D6
:10605000124A13485C01890189180219516091683C
:10606000104D08330D40802189022943402591605D
:106070009168890B8903916001685A018A18167921
:106080003543157195796D06FCD55B01C918CB793F
:10609000DB07FCD500198068C0B270BDBC130020BE
:1060A00088160020FF3F00F070B5140040220B4B13
:1060B0000D001B68FF3359790A435A710021FFF71D
:1060C000C5FFA04200D9200000230549A34203D008
:1060D000CA5CEA540133F9E770BDC0468816002057
:1060E000BC13002010B50C48C9B24901421893688E
:1060F0009B049B0C3F2B0BD99468403B9B04A40B47
:106100009B0CA4032343936041188868C0B210BD60
:1061100093689B0B9B03F6E788160020F0B51C00E4
:106120002F4B85B01B6806000D000192002B54D048
:106130002C4F3B78D9B2002B02D10E20FFF7DCFAAE
:1061400064233B70284BAA00D058002808D003686D
:1061500022005B68019998470400200005B0F0BD5B
:1061600029003000FFF746FF844204D9290030009F
:10617000FFF740FF040029003000FFF7B3FF0121C3
:10618000EBB21A4F03935B010293029A3B680198AA
:106190009B18FF335A7A0A435A72154BA901220001
:1061A000C91805F069F8002CD7D029003000FFF796
:1061B00021FF0028D1D14021039B3A6808335B01BD
:1061C000D3181879014319710121D971029BD31891
:1061D000FF339A7A0A439A72BFE701246442BCE70C
:1061E00080160020F0110020D41100208816002015
:1061F000BC13002013B56B46DC1D22000123FFF702
:106200008DFF012801D1207816BD01204042FBE717
:10621000F0B51C003A4B85B01B680E000192002BB4
:106220003FD08023DB019C423BD8364D2B78D9B23E
:10623000002B02D10F20FFF75FFA642300272B7099
:10624000314BB201D3180293002C2CD02F4B1B687A
:106250000393FF2333401D0000930835039B6D011A
:106260005D19AB79DB0921D0294B2A49186801F067
:10627000A7FF294B1721584301F0A2FF274BEA79CA
:10628000920713D49A5D002A01D10138F7D2012276
:106290009A55009B5A011D4B9B189A69920B9203C9
:1062A0009A6101277F42380005B0F0BD00221B4BE8
:1062B00025009A55402C00D940252A0001990298C2
:1062C00004F0DAFF009BA9045A01104B890C9B18BB
:1062D000029A7F195A619A69641B920B92030A43CE
:1062E0009A61009B039A08335B01D3180222DA718A
:1062F0005979823A0A435A71019B5B190193A3E7CA
:1063000080160020F1110020FC11002088160020CA
:106310007000002040420F0070110100F3110020B6
:1063200070B50C001D000D4BA601F61811003000D1
:106330002A0004F0A1FFE4B2094A6401141966615D
:10634000A369084928000B40A361A169AB04890B2C
:106350009B0C89031943A16170BDC046FC1100204C
:1063600088160020FF3F00F0F7B5104B0F001B7898
:1063700014000190002B0CD10D4B16001D78002D40
:1063800009D00C4E0C48358828182D1904F074FFDC
:1063900035802000FEBD002EFBD033007A1900218D
:1063A0000198FFF7BDFF2D18361AF4E77C15002081
:1063B0007D1600207E1600207D150020F8B50F0008
:1063C00016000024012A26D9100004F041FF050020
:1063D000380005F04FF803230222013040002870F6
:1063E0006B7096420DD9397800290AD0531CDBB264
:1063F0000137A9549E4203D00232EC54D2B2F0E7E6
:10640000320029000548FFF7AFFF441EA041C4B287
:10641000280004F027FF2000F8BDC046D01100205E
:10642000F0B50025012785B0184B0E0069461F7096
:1064300004000095FFF746FC154B01A90B806A3B51
:10644000FF3BCB716E3B0B72009B320009334B80DC
:106450000E4B8D714F7108711D70092E0FD00D4EAE
:10646000092237700C4F200000953D80FFF77CFF1C
:1064700069462000FFF726FC3A880849357020005D
:10648000FFF772FF012005B0F0BDC0467C1500206B
:10649000090200007D1600207E1600207D150020D8
:1064A000F0B5CF7805000E0093B0022F09D1C9884E
:1064B0002B48FFF7B5FF441EA041C4B2200013B023
:1064C000F0BD00F085FA310000F062FA002803D038
:1064D000C417241AE40FF1E7012F0BD1F2882149E8
:1064E000112A11D8D2B2002A0ED02800FFF73CFFA3
:1064F0000124E3E70400032FE0D1B378002B05D19A
:10650000F2881949032AEDD90A78EEE7022B06D161
:10651000F28816492800FFF751FF0400CEE7012B4F
:1065200002D1F2881249F5E7032BC7D1114B01A91B
:106530001868FFF7D6F9104B03A91868FFF7D1F9CF
:106540000E4B05A91868FFF7CCF90D4B07A9186881
:10655000FFF7C7F96B460533DC77F28801A9D9E765
:10656000D01100204BBA00003EBA000034BA00003F
:1065700042BA00000CA0800040A0800044A080002F
:1065800048A0800037B5050048780C000B2810D8CB
:1065900001F002FE061B0F310F484D7551546E710C
:1065A000097801AA002906D1022311802800FFF7EB
:1065B000B7FE01203EBD00231380324B1B78012B18
:1065C00000D1137002230021F0E78A780023012A0A
:1065D00009D16A4693802C4B1B78012B00D1137193
:1065E000022301AAEFE7274A1370284A93699B0BFD
:1065F0009B039361DDE78C78012C07D1224B01AA24
:106600001C70234B1B7813702300DCE700208442AE
:10661000D0D11C4B01301D4A187093699B0B9B0312
:106620009361C7E728008978FFF718FCC1E72800C5
:10663000FFF736FFBEE70123164AC4E70B780020B8
:10664000DB06B7D12800FFF7C3FC2A200221A2787D
:10665000104BFF301A600D4A13681C5C21434A241A
:106660001954FF34195D2938FF3801431955D4E70F
:106670000123094AA7E78A78074B1A60B5E700208B
:1066800098E7C046F2110020FA1100208816002079
:1066900010BA000080160020841600204B4BF7B57E
:1066A0001C780700002C00D083E0494E33689B8B98
:1066B0001B070ED521002000FFF73AF9326810239E
:1066C0001100FF31887A03438B72424B1C60082310
:1066D000938333689A8B52071FD504229A833E4ACC
:1066E0001378002B0AD01378013BDBB213701378B8
:1066F000002B03D101210F20FEF7FEFF374A13784C
:10670000002B0AD01378013BDBB213701378002BF7
:1067100003D101210E20FEF7EFFF3368FF331A7A11
:10672000D2061ED510221A72597930320A435A7194
:1067300060232B4938000A781A423BD1FFF722FF29
:106740003368FF33002838D08022997952420A43B7
:106750009A711A7A520604D540221A72597A0A435B
:106760005A72336800241D8C01239D43EDB20193BE
:10677000E1B2002D1DD02B002341019A134215D008
:106780002300326808335B01D318DA79D20702D4C8
:10679000DB799B0707D5134BA200D058002810D0F7
:1067A00003681B689847019BA3409D430134092C53
:1067B000DED1F7BDFFF774FBC2E720210A4A9171D1
:1067C000C7E73800FFF796FAEDE7C0467D160020D0
:1067D0008816002080160020F1110020F011002002
:1067E000BC130020D4110020FF50004110B5024816
:1067F000FFF754FF10BDC046D0110020014B024AE4
:106800001A60704788160020005000413F207047F2
:1068100013B56B460268D971073354681900012219
:10682000A04716BD10B502210069FFF7E3FB10BDBC
:1068300010B503210069FFF7F3FB10BD10B513007D
:10684000084A0400D279002A03D1012300206360A2
:1068500010BD0A0000690321FFF7DAFC0028F4D01C
:10686000F6E7C046AC00002010B5054C03002068D8
:10687000421C04D11A68180052699047206010BD6C
:10688000F8000020074A0300106810B5411C03D02F
:1068900001235B42136010BD02211869FFF7AAFCB7
:1068A000F9E7C046F800002010B503784222023311
:1068B000037002490248FFF757FD10BDB4000020E5
:1068C000D011002010B50178030042780020A129E2
:1068D00008D1212A05D1174917481A3AFFF744FD74
:1068E000012010BD2129FCD1202A13D111491248C1
:1068F000193AFFF7D9FB96220E4BD2001968914244
:106900000ED1DA7901231A420AD1FA20FEF7A8FF44
:106910000020E6E7222A06D19A78064BDA71EAE7E8
:10692000FEF7A4FFF4E7232ADBD15A88034B1A6051
:10693000D7E7C046AC000020D0110020A8000020FE
:10694000FA220021054B92009A60054A08321A602B
:10695000044A59601A6119767047C0468C170020A6
:1069600060BA0000D011002070B50E000025446808
:10697000002C0BD02368310020005B68984700286A
:1069800002DBE4682D18F3E701256D42280070BD95
:1069900070B50D004468002C08D023682900200041
:1069A0009B689847002802D1E468F4E7200070BD96
:1069B00070B50D004468002C08D023682900200021
:1069C0001B689847002802D1E468F4E7200070BDF6
:1069D000064A0123116810B50C0005481C401942F5
:1069E00003D1044944600180136010BDA817002042
:1069F000AC1700200204000070B50400012320CC75
:106A000000212A782000134380222B70520004F0CA
:106A10003CFCAB78DB07FCD4AB789B07F9D46C6209
:106A200070BD00001F22144B70B51B68590B9C0CE5
:106A30009B0111405B0F22401F2900D11A391F2AE8
:106A400000D1023A072B00D1043B1F2500688E01BC
:106A5000048D0A492A40214031430185018D1400EB
:106A60000A00AA4322430285028D1903044B1340F6
:106A70000B43038570BDC046246080003FF8FFFFD4
:106A8000FF8FFFFF030010B50800190004F0A6FBFC
:106A900010BD0000D0B5254A4B0086B05B0893427C
:106AA00022DD234A934209DD02000B0003F092FE2F
:106AB00002000B001000190006B0D0BD02AA00F0C1
:106AC00087F903231840049A059B012813D0022854
:106AD00022D0002819D0029803990124009401F0D3
:106AE00021FA02000B00E5E70022002300F0A0FCE1
:106AF00002000B00DEE700900298039901F012FA01
:106B000080231B060200CB18D4E70298039900F0FB
:106B10008FFC02000B00CDE70298039900F088FC7F
:106B200080231B060200CB18C4E7C046FB21E93FC7
:106B3000FFFFEF7F434AF8B5474690464B005B0D99
:106B40009844CE46424680B505000C000E00070072
:106B5000132A25DC002A4CDB3B4B134199460B40A2
:106B6000034317D0394A3A4B2800210002F056FC63
:106B70000022002301F0C4FC002809D0002C04DA14
:106B80008026434676031E4136194B4600279E4316
:106B90003D003400280021000CBC90469946F8BD09
:106BA000332A0CDD8023DB009845F3D102000B0073
:106BB0002800210002F032FC05000C00EAE7254A1B
:106BC0009446012263445242DA4091460242E1D0A7
:106BD0001E4A1F4B2800210002F020FC0022002347
:106BE00001F08EFC0028D3D0002C1ADB4B469F43CB
:106BF000CEE7164A164B2800210002F00FFC0022B7
:106C0000002301F07DFC0028C2D0002C02DB00270D
:106C10000026BDE76400640800272543B8D00E4E67
:106C2000B6E74346142B09D03422D21A01239340ED
:106C30005D19BD4204D22F00661CD7E7661CD5E75C
:106C40002F00D3E701FCFFFFFFFF0F009C750088BA
:106C50003CE4377EEDFBFFFF0000F0BFF0B5CE4611
:106C6000474680B58DB004000D0000F0B1FA2B4B03
:106C700006001B780F005BB29946013310D022004A
:106C80002B002000290004F037F98046002807D1A6
:106C9000002200232000290001F01EFC002806D15C
:106CA000300039000DB00CBC90469946F0BD012370
:106CB00002931B4B06940795039343460A934B4656
:106CC00004940595002B15D0002300221900100014
:106CD00002F00EFF4B4608900991022B0ED104F0F2
:106CE0008BFA212303600A9B0193002B0FD1089E8E
:106CF000099FD5E7002300240893099402A801F016
:106D0000CDF90028EBD00A9B0193002BEFD004F0C3
:106D100073FA0A9B01930360E9E7C046FC00002078
:106D200084BA0000F0B500278DB0041C00F028FBE9
:106D3000254B051CDF577B1C0BD0211C201C02F0AF
:106D4000B5FA061E05D10021201C01F0FFFB00282A
:106D500002D1281C0DB0F0BD012302931B4B201C57
:106D600003930A9604F04CF9002200230690079141
:106D700004900591002F15D01000190002F0B8FE04
:106D800008900991022F0FD104F036FA21230360F5
:106D90000A9B0193002B10D10898099904F078F907
:106DA000051CD6E70892099302A801F077F900289C
:106DB000EAD00A9B0193002BEED004F01DFA0A9B47
:106DC00001930360E8E7C046FC0000208CBA000095
:106DD000F0B54E465746DE464546E0B5DB4B4E0025
:106DE000170089468FB076089E4200DC84E0D84BBD
:106DF0009E4228DCD74A002900DC89E1D64B03F00B
:106E0000E9FCD54B04000D009E4200D18AE0D34A34
:106E1000D34B03F0DFFC02000B0020003A607B60E4
:106E2000290003F0D7FCCE4BCC4A03F0D3FC01235E
:106E30009846B860F96040460FB03CBC9046994611
:106E4000A246AB46F0BDC74B9E4200DC86E0C64B77
:106E50009E425CDCC54932158846904443461B057A
:106E6000F51A2900040004F065F804F099F802000E
:106E70000B00200029000892099303F0ABFC0022CC
:106E8000BB4B03F03BFA0D00040004F053F806007E
:106E900004F086F802000B00200029000A920B93F0
:106EA00003F098FC0022B24B03F028FA00220023E2
:106EB0000C900D9101F00AFB002800D1FCE033009A
:106EC0005E1EB3410133AB4A39000192022208A889
:106ED0000092424600F0C4FB4B468046002BAADAE3
:106EE0008022120694467B6863447B60FB6863449F
:106EF000FB60434298469EE702000B003A607B60CD
:106F000000230022BA60FB600023984693E70B0041
:106F1000020003F05FFC0023B860F9609846386017
:106F2000796088E7D3228E4B520503F053FC924AD6
:106F3000924B04000D0003F04DFC02000B002000FA
:106F40003A607B60290003F045FC8C4B8A4A03F0D1
:106F500041FC0123B860F96098466CE701F09AF8AB
:106F6000874A884B04000D0003F0C8F90022864BC5
:106F700002F054FA03F0DEFF804604F011F8754A7F
:106F8000754B0490059103F0B9F902000B00200045
:106F9000290003F01FFC724B02900391049805999D
:106FA0006E4A03F0ABF9434604000D001F2B36DC9C
:106FB000764A013B9B009B58B34230D0029803991C
:106FC00022002B0003F006FC82468B4652465B46AD
:106FD0003A607B600298039952465B4603F0FAFBE5
:106FE00022002B0003F0F6FB030008001A00190032
:106FF0000300BA60FB604B46002B00DB1BE78023DD
:1070000080241B069C464346554624065C44604447
:107010005B4298463D607C60B960F8600BE72B00EE
:1070200002980399220003F0D5FB4B0036155B0D47
:1070300082468B46F31A102BC8DD04980599D3229B
:10704000474B520503F05AF904000D0002000B00F3
:107050000298039903F0BEFB02000B00029803990B
:107060000692079303F0B6FB22002B0003F0B2FB5D
:1070700004000D00049805993F4A404B03F03EF987
:1070800022002B0003F0A6FB0B00020004000D0001
:107090000698079903F09EFB4B005B0D82468B46DA
:1070A000F61A312E0ADC02000B003A607B60069A69
:1070B000079B029203938DE7032304E7B822049809
:1070C00005992E4B920503F019F904000D000200FA
:1070D0000B000698079903F07DFB02000B00069851
:1070E00007990292039303F075FB22002B0003F033
:1070F00071FB04000D0004980599254A254B03F007
:10710000FDF822002B0003F065FB04000D0055E79D
:10711000114B02F083F9104B04000D009E423BD04E
:107120000E4A0F4B02F07AF902000B0020003A6081
:107130007B60290003F04EFB084A094B02F06EF910
:1071400001235B429846B860F96074E6FB21E93F91
:107150007BD9024000004054FB21F93F3163621AA1
:1071600061B4D03DFB213941FFFFEF7FEAFBFFFF18
:107170000000704114BB00007370032E8A19A33BFA
:1071800083C8C96D305FE43F0000E03F94BA00005F
:10719000C14920259A837B39D3220A4B520502F03C
:1071A0003DF9094A094B04000D0002F037F90200CD
:1071B0000B0020003A607B60290003F00BFB024AC1
:1071C000024BBBE761B4D03D7370032E8A19A33B19
:1071D000F8B5684BCE4647460500020018000C0083
:1071E00080B50840984200D1A0E0002969DD08156B
:1071F00000D177E0604B0903C4188023090B5B03BF
:107200000B43C10703D4D00F5B00C31852006110B9
:1072100088465B00D10F5B180021802016248C4625
:10722000520080030D189D4202DC29185B1B844428
:10723000D50F5B00013CEB1852004008002CF1D147
:107240000020814680202026000609E08B425ED087
:10725000D50F5B00013E5B1952004008002E16D08E
:1072600005198B42F2DD0F002C18002D4BDB5B1A49
:10727000AA42894149425B1A521BD50F5B00013E6D
:10728000814439005B1952004008002EE8D11343B5
:1072900045D14B465E0863465910384B99466346C4
:1072A0004944DB0702D580231B061E4343461805CD
:1072B000431835001C00280021000CBC904699465C
:1072C000F8BD4B005B082B43F5D0002000293AD1D4
:1072D000D30A190015385205002BF9D08024640315
:1072E000234241D1802300245B034900250001345F
:1072F0001942FAD020260B001100A240361BF140A3
:10730000401B194376E7E743FF0FCF19AFE79542DC
:107310009ED82C18002DF6DB1F000023ACE74B464F
:1073200001331DD04E4601367608B4E72A000B0023
:107330002800210002F0E2FF2A00230002F06EF88C
:1073400005000C00B7E72A000B002800210003F01D
:1073500041FA02000B0002F0CBFB05000C00AAE78B
:1073600001239946CC4496E70125110020266D4261
:10737000C5E7C0460000F07F01FCFFFF0000E03FD2
:10738000FF21420070B50300041C5208C9058A425F
:107390003AD2002A37D000283FDBC51501420BD175
:1073A000802109040A00024001423DD15B00100027
:1073B00001320B42FAD02D1A5B025A0A80232800B0
:1073C0001B047F381343EA0725D5802219210026A4
:1073D000002540105B005204AC189C4202DCA5184A
:1073E0001B1BB61801395B0052080029F4D1002B91
:1073F00002D0012301369E43FC239B059C46761058
:107400006644C005801970BD011C01F06DFC211C93
:1074100001F004F9F7E75B00D7E7011C01F07EFDFE
:10742000011C01F097FAEEE7012040422D1AC3E754
:10743000F0B54746CE4680B587B000920193F92358
:107440004F00814688467F089B059F4263DA03F020
:1074500071FD002800D1DAE04A46434648464146DD
:1074600002F04CFF04000D006A4A6B4B02F046FF2D
:107470006A4A6B4B01F0D2FF22002B0002F03EFF64
:10748000684A694B03F0A6F922002B0002F036FF90
:10749000664A674B01F0C2FF22002B0002F02EFF6C
:1074A000644A654B03F096F922002B0002F026FF98
:1074B000624A634B01F0B2FF22002B0002F01EFF74
:1074C000029003910022200029005E4B02F016FF7B
:1074D000029A039B06000F002000290002F00EFF15
:1074E000009A019B04000D004846414602F006FF49
:1074F00002000B002000290003F06CF902000B00D1
:107500003000390003F066F902000B0000204E49FC
:1075100003F060F970E002000B0002F0EFFE0400DF
:107520000D003C4A3C4B02F0E9FE3C4A3C4B01F06A
:1075300075FF22002B0002F0E1FE3A4A3A4B03F0BD
:1075400049F922002B0002F0D9FE384A384B01F0ED
:1075500065FF22002B0002F0D1FE364A364B03F0C5
:1075600039F922002B0002F0C9FE344A344B01F0F5
:1075700055FF2B00220002F0C1FE344B0290039114
:107580009F429FDD324B00229F423ADC314900206E
:107590007B182D4916001F0003F01CF9049005917B
:1075A000002220002900274B02F0A8FE32003B00F9
:1075B00003F010F9029A039B06000F002000290037
:1075C00002F09CFE009A019B04000D0048464146D3
:1075D00002F094FE02000B002000290003F0FAF8EC
:1075E00002000B003000390003F0F4F802000B0039
:1075F0000498059903F0EEF807B00CBC9046994644
:10760000F0BD154B002604920593144FC8E70020E7
:107610000D49F1E7D43888BEE9FAA8BDC4B1B4BDBC
:107620009EEE213EAD529C804F7E923E9015CB192E
:10763000A001FA3E7751C1166CC1563F4C555555C5
:107640005555A53F0000E03F0000F03F3233D33FE7
:107650000000E93F0000E0FF0000E73F0000D23FEC
:10766000F0B5DE4657464E464546E0B5DD4CA544EE
:107670000D9119001400A49A0A93DB4B9200D25882
:107680000B00013B0493230006900892143300DAA8
:10769000A1E31821E01E00F01DFE030001339A0053
:1076A0009B1A0590DB00E318059A0793049BD41AF4
:1076B000089AD61814D40136A59F22AD361907E0D2
:1076C000A300F85803F06CFC013403C5B44207D0A2
:1076D000002CF5DA00200021013403C5B442F7D1B3
:1076E000089B002B01DA00F0FDFB0A9922AA8C46C8
:1076F0009346089A72AB62440392069A9946904662
:107700000093049B9A46DB009B4408339844049BF7
:1077100000240025002B13DB5F4600240025069E75
:107720003A687B6803CE02F0E9FD02000B002000FE
:10773000290001F073FE083F04000D004645EFD11B
:107740004B4630C3994608239C46073BE3449C467E
:10775000039BE2449A45DAD10EA8042284465242A1
:107760006244944608998B009C4462468446083BD8
:1077700063440B93059B0C92A59A980094460300D2
:10778000634405930A9B8846DA00069B083B9B46A8
:107790009344DA4643460099DA0094460B0063446A
:1077A0001E685F6843460992002B32DD89468F4B85
:1077B0004344DB0099440EAB9B4600228C4B3000C7
:1077C000390002F09BFD03F0B5FB03F0E9FB00225A
:1077D000884B04000D0002F091FD02000B00300008
:1077E000390002F0F7FF03F0A5FB5B4601C39B469F
:1077F0004B4620001A685B68290001F00FFE082242
:10780000524294464B46009A06000F00E1449A42C9
:10781000D3D1079B30001A0039009B4600F040FC92
:10782000FF2300229B0504000D0002F067FDFFF717
:1078300081F90022704B02F061FD02000B00200074
:10784000290002F0C7FF04000D0003F073FB81461E
:1078500003F0A6FB02000B002000290002F0BAFF93
:107860005C4606000F00002C00DC86E04346591EF3
:1078700089000EAB5B5818201A00001B024191448E
:1078800082409D1A0EAB5D5017231B1B1D41002D1E
:1078900000DD7FE0002200233000390000F016FEFA
:1078A000002800D1EAE04346591E089B8B420FDCBA
:1078B0000EAA94460022514B0C9843449B0063440B
:1078C0001C68043B22438342FAD1002A00D024E101
:1078D000089B0EAA013B9B00D15801220B9B00295B
:1078E00000D015E11968043B01320029FAD00123C8
:1078F00043449B461300434403930A9B22AA4344F8
:107900009046009ADB0094469844099B634499464C
:107910005B46059A9B00D05803F042FB4346186033
:107920005960049B002B25DB474600240025069E5A
:1079300002E00836386879683268736802F0DEFC65
:1079400002000B002000290001F068FD083F040040
:107950000D005645EDD14B469C60DD6001239C46F1
:107960000733E3449C46039BE044E1449B45CFDD61
:1079700098460FE700240025EDE7079B002B00D079
:10798000BDE04346013B9B000EAAD558ED15002DE6
:1079900000DC7FE701239C464346E144002B00DCEA
:1079A0002FE20E9C002C00D09FE04346012B2FD0ED
:1079B000012241460FAB1C68002C00D198E088469C
:1079C000531C802149040C1B92000EA98C50984531
:1079D0001DDD9B008C46CA58414689000848634417
:1079E000614410E094FDFFFF60BC0000FFFFFF1F3B
:1079F0000000703E0000704100002040FFFFFF3F8C
:107A0000FFFFFF001A68821A04C38B42FAD10124D7
:107A1000079B002B0EDD012B00D1D1E1022B09D1F8
:107A200043465A1E92000EAB9B580EA903939B022D
:107A30009B0A8B50022D00D02CE732003B00002027
:107A4000934902F0C7FE06000F00002C00D121E789
:107A5000079A00208E4900F023FB02000B00300043
:107A6000390002F0B7FE06000F00002200233000AC
:107A7000390000F02BFD002800D014E74B46069398
:107A8000079B30005A423900049500F009FB0022A0
:107A9000804B04000D0000F03DFD002800D1EFE117
:107AA0007D4B00222000290002F028FC03F042FA5E
:107AB00042460600970003F073FA0022754B02F06D
:107AC0001DFC02000B002000290002F083FE03F0E1
:107AD00031FA0EAAD0514246079B01321833039265
:107AE000079393000EAAD65032E00123002268E7E4
:107AF000013204338A4200D05DE7884688E70022DD
:107B0000664B00F007FD002800D069E10025C1E6C2
:107B1000012343449B460393EFE64B460A0006933A
:107B2000079B0391183B190007930EA89300C358B5
:107B30000495002B0CD18446594B43449B0063446D
:107B40001868043B013A18390028F9D003920791CC
:107B50000020079A4E4900F0A3FA039B04000D0091
:107B6000002B00DAC1E10EAA9446009A9E00DB00C9
:107B7000110066449C4661440F008B469046059375
:107B8000306803F00DFA22002B0002F0B7FB424BE5
:107B90003860796000222000290002F0AFFB043E2B
:107BA0003B0004000D00083F9845E9D100239946A9
:107BB0004AAB0093089B9A46534600240025002BAD
:107BC00021DB8020374B5F469846002400250026A5
:107BD0003549C00508E008239C460837E044B14514
:107BE00011DB4346186859683A687B6802F086FBE7
:107BF00002000B002000290001F010FC01360400F7
:107C00000D00B245E7DA009A4B4694460822DB00A5
:107C10006344524294461C605D604B46039A0133B4
:107C2000E344914501D09946C6E7009B9A46A49B40
:107C3000022B3BDC002B00DDE5E01DD1059B002580
:107C400053441E0000245746326873682800210000
:107C500001F0E4FB330005000C00083E9F42F3D125
:107C6000049B002B03D080231B069C4664442A00FF
:107C700023000D990A604B600720069B18409B2348
:107C80009B009D443CBC90469946A246AB46F0BD45
:107C90000000F03F000070410000703E0000E03F37
:107CA000FEFFFF3F20BC0000FB21F93FA49B032BFC
:107CB000E2D1039B002B00D12DE1984A059B94460D
:107CC00053441C685D68039B63449B46DB0053443C
:107CD0009846434620001E685F68290032003B003A
:107CE0000094019501F09AFB02000B0004000D00C6
:107CF0003000390002F06EFD009A019B01F08EFB0E
:107D000043469860D9601C605D6008235B42C146B1
:107D10009C46E044CA45DCD1039B012B00DCFAE021
:107D2000059BD14653441E685F685B46DB0098465E
:107D3000C1444B4630001C685D68390022002B00AE
:107D40000096019701F06AFB02000B0006000F008D
:107D50002000290002F03EFD009A019B01F05EFB2D
:107D60004B469860D9601E605F6008235B424C46BA
:107D70009946A144CA45DCD145460027002608356E
:107D8000554438002A686B68310001F047FB083D14
:107D900007000E00AC42F4D1049B002B7BD14A9B20
:107DA0004B9C0D993A000B604C605346DC689B6815
:107DB000009301948B60CC6033000A614B615BE7F8
:107DC00043465A1E92000EAB9B580EA903935B02CA
:107DD0005B0A8B502EE6182300225B42059262E478
:107DE00001239C4643460225E144002B00DDD8E5F3
:107DF00032003B0000204A4902F0ECFC06000F0074
:107E000048E5002404E6059B002553441E00002499
:107E10005746326873682800210001F0FFFA3300EA
:107E200005000C00083E9F42F3D1049B002B47D174
:107E300023002A000D990A604B604A984B9902F082
:107E4000C9FC039B07000E00002B13DD01244CAD81
:107E500038000CCD310001F0E1FA039B013407003A
:107E60000E00A342F4DA049B002B03D080231B06F0
:107E70009C4666443A0033000D998A60CB60FBE66D
:107E80004346200029009E0003F054F80EAB9851A1
:107E9000434603935CE680210D9A4A9B09061360D2
:107EA00053468C465B6866446344536053469B6804
:107EB000176193605346DB6856616344D360DBE629
:107EC00080234A984B990D9A1B06E318536015605E
:107ED00023002A0002F07EFC039B07000E00002B0B
:107EE000B4DCC3E772AB009336E4A49B022B06DC40
:107EF000002B0DDC00D0BFE600250024B0E6A49BDB
:107F0000032B00D0B8E64AAB002700269A4643E789
:107F10000025002489E700273E003DE7FFFFFF1F03
:107F20000000F03FF0B5CE46474680B587B00092DE
:107F30000193F9224B00814688465B0892059342E3
:107F400006DA4846414602F0F5FF002800D184E0F9
:107F50004A4643464846414602F0D0F904000D0027
:107F600002000B004846414602F0C8F93C4A3D4B2E
:107F700006000F002000290002F0C0F93A4A3B4BEE
:107F800002F028FC22002B0002F0B8F9384A394BE5
:107F900001F044FA22002B0002F0B0F9364A374BC8
:107FA00002F018FC22002B0002F0A8F9344B354AED
:107FB00001F034FA0E9B02900391002B38D0009808
:107FC00001990022304B02F099F9029A039B049028
:107FD00005913000390002F091F902000B0004987D
:107FE000059902F0F7FB22002B0002F087F9009AB6
:107FF000019B02F0EFFB254A04000D00244B3000EA
:10800000390002F07BF902000B002000290001F08A
:1080100005FA02000B004846414602F0DBFB020075
:108020000B001000190007B00CBC90469946F0BD3B
:1080300002000B002000290002F060F9134A144BE3
:1080400002F0C8FB32003B0002F058F94A464346B2
:1080500001F0E4F902000B00E3E74A464346E0E79B
:108060007CD5CF5A3AD9E53DEB9C2B8AE6E55A3EC2
:108070007DFEB157E31DC73ED561C119A0012A3F5E
:108080001111813FA6F810110000E03F49555555E8
:108090005555C53F4B0059087047C04600207047F2
:1080A0004B0070B55B0D14000A00002B25D14B006E
:1080B0005B08034320D02B4B002202F01FF92A4B10
:1080C0009C4247DB0A004B005B0D363B274DE31813
:1080D000AB421ADC002B37DC1D00353529DA244B86
:1080E0009C4212DC234C244D002938DB200029005F
:1080F000204A214B02F002F970BD204DAB42E5D180
:1081000002000B0001F08AF9F6E71D4C1D4D002915
:1081100006DB200029001A4A1A4B02F0EFF8EBE7C1
:10812000174C194D20002900154A164B02F0E6F8AD
:10813000E2E7164C363322401B0513431900002298
:10814000134B02F0DBF8D7E7104C1B0522401A4313
:108150001100D1E7074A084B02F0D0F8CCE7054CF4
:108160000C4DC3E700005043B03CFFFFFE0700008A
:1081700050C3000059F3F8C21F6EA501FF070000AD
:108180009C7500883CE4377E3CE437FEFFFF0F809F
:108190000000903C1F6EA58102B471464908490059
:1081A000095C49008E4402BC7047C04603B4714666
:1081B000490840004900095A49008E4403BC7047F1
:1081C000002243088B4274D303098B425FD3030A16
:1081D0008B4244D3030B8B4228D3030C8B420DD329
:1081E000FF22090212BA030C8B4202D312120902B7
:1081F00065D0030B8B4219D300E0090AC30B8B42F5
:1082000001D3CB03C01A5241830B8B4201D38B03A2
:10821000C01A5241430B8B4201D34B03C01A524147
:10822000030B8B4201D30B03C01A5241C30A8B428A
:1082300001D3CB02C01A5241830A8B4201D38B0275
:10824000C01A5241430A8B4201D34B02C01A524119
:10825000030A8B4201D30B02C01A5241CDD2C3098B
:108260008B4201D3CB01C01A524183098B4201D307
:108270008B01C01A524143098B4201D34B01C01AF2
:10828000524103098B4201D30B01C01A5241C3086A
:108290008B4201D3CB00C01A524183088B4201D3D9
:1082A0008B00C01A524143088B4201D34B00C01AC5
:1082B0005241411A00D20146524110467047FFE731
:1082C00001B5002000F0F0F802BDC0460029F7D04B
:1082D00076E7704703460B437FD4002243088B4266
:1082E00074D303098B425FD3030A8B4244D3030B3D
:1082F0008B4228D3030C8B420DD3FF22090212BA02
:10830000030C8B4202D31212090265D0030B8B427D
:1083100019D300E0090AC30B8B4201D3CB03C01A67
:108320005241830B8B4201D38B03C01A5241430B42
:108330008B4201D34B03C01A5241030B8B4201D332
:108340000B03C01A5241C30A8B4201D3CB02C01A9D
:108350005241830A8B4201D38B02C01A5241430A15
:108360008B4201D34B02C01A5241030A8B4201D304
:108370000B02C01A5241CDD2C3098B4201D3CB01AB
:10838000C01A524183098B4201D38B01C01A52415A
:1083900043098B4201D34B01C01A524103098B425E
:1083A00001D30B01C01A5241C3088B4201D3CB0049
:1083B000C01A524183088B4201D38B00C01A52412C
:1083C00043088B4201D34B00C01A5241411A00D2DC
:1083D00001465241104670475DE0CA0F00D0494245
:1083E000031000D34042534000229C4603098B42B5
:1083F0002DD3030A8B4212D3FC22890112BA030A3D
:108400008B420CD3890192118B4208D389019211BE
:108410008B4204D389013AD0921100E08909C30943
:108420008B4201D3CB01C01A524183098B4201D345
:108430008B01C01A524143098B4201D34B01C01A30
:10844000524103098B4201D30B01C01A5241C308A8
:108450008B4201D3CB00C01A524183088B4201D317
:108460008B00C01A5241D9D243088B4201D34B0032
:10847000C01A5241411A00D20146634652415B1074
:10848000104601D34042002B00D549427047634655
:108490005B1000D3404201B5002000F005F802BD9A
:1084A0000029F8D016E770477047C0468446101C74
:1084B00062468C46191C634600E0C0461FB501F0B9
:1084C000ADFE002801D40021C8421FBD10B501F047
:1084D000F7FD4042013010BD10B501F09FFE0028AD
:1084E00001DB002010BD012010BDC04610B501F019
:1084F00095FE002801DD002010BD012010BDC04602
:1085000010B501F019FE002801DC002010BD01208B
:1085100010BDC04610B501F00FFE002801DA0020A2
:1085200010BD012010BDC0468446081C6146FFE70F
:108530001FB500F08FFB002801D40021C8421FBDE9
:1085400010B500F013FB4042013010BD10B500F033
:1085500081FB002801DB002010BD012010BDC046BA
:1085600010B500F077FB002801DD002010BD0120D0
:1085700010BDC04610B500F021FB002801DC002032
:1085800010BD012010BDC04610B500F017FB00283B
:1085900001DA002010BD012010BDC046F0B5150461
:1085A0002D0C0F0001002E00C64684460004140C5A
:1085B000000C090C46434D43604361434019340CA1
:1085C000241800B5A54203D98020400280464144CA
:1085D000250C6D18614659437A4330044919240427
:1085E000000C2018891804BC9046F0BD9E2110B5DF
:1085F000C905041CFFF7C8FF002803D1201C00F0A8
:108600006BFE10BD9E21201CC90500F087FC00F008
:1086100063FE80231B069C466044F2E7F0B54646A5
:10862000D6464F464D024202C0B5520A6E0A470076
:10863000B0463F0E4E00C40FD00094463B00824629
:10864000360EC90FAD098C426DD0B81B814600288B
:108650004DDD002E00D188E0FF2F5AD08023DB04AF
:108660001D434B4601221B2B0ADC2B004A46494680
:10867000D3402022521A95402A00551EAA411A437F
:1086800053469A1A530100D4B9E09201960930007A
:1086900002F086FD05388640874200DDD4E03300D5
:1086A000C71B20200137FB40C71BBE403200561EAF
:1086B000B24100271A43530704D00F231340042B61
:1086C00000D00432530100D49CE07B1CFE2F00D16B
:1086D0009AE09201520A9446DBB2D8056346E40759
:1086E000184320431CBC90469946A246F0BD002882
:1086F00049D0F31B002F00D0B6E05246002A60D0CC
:10870000013B002B00D1FCE0FF2E00D0B4E00C00B8
:108710004246002A78D08020C00310434202530A08
:108720009C46FF23D9E7B91B002971DD002E3FD0FD
:10873000FF2FEED08023DB041D4301221B2907DC21
:108740002A002023CA40591A8D406B1E9D412A439E
:108750005244530153D50137FF2F55D001237B4994
:10876000134052080A401A43A5E7002D2CD00123DC
:108770005B429C46E1444B46002B00D1ADE0FF2F0D
:1087800000D06EE7C5E7FE207E1C304260D1002F8E
:1087900000D093E05246002A00D1B6E0002D9CD0D4
:1087A000521B500100D4C3E053460C00EA1A82E782
:1087B000002D09D00139002900D18BE0FF2FBCD159
:1087C000A7E70C0042463700FF2FA2D05202530AFF
:1087D0009C46FBB281E7FE210137394265D1002B6F
:1087E0007ED1002800D1AAE0002D00D175E72A0033
:1087F00052440027530102D5554B01371A40530705
:1088000000D05AE7D208DFE70022FF23944664E74E
:108810000029E0D0F31B002F3ED0FF2E00D177E7D8
:1088200080220100D20411438A4601221B2B08DC5E
:10883000524620215046DA40CB1A9840431E9841B8
:1088400002433700521984E7414A3F1A324032E767
:1088500053465E1B73012DD4002E00D017E7002273
:1088600000240023944638E7FF2E00D14FE78022F2
:108870005046D2041043824601221B2B08DC52468C
:1088800020245046DA40E31A9840431E98410243A0
:108890000C003700AA1AF5E6002893D0013B002B04
:1088A0004FD0FF2EC1D1424633E7FF2FACD0554405
:1088B0006A08A4E753460C00EE1AE8E65346002B7C
:1088C00028D1002D00D022E78023DB039C46002422
:1088D000FF2302E72A0052443BE753465A1BD1E6E6
:1088E000002800D114E7002D00D112E78023DB031C
:1088F0001A4200D10DE74146194200D009E742462D
:1089000007E70C003700AA1ABCE6002D13D00C00B4
:10891000C446E2E6002D00D1FBE68023DB031A42C9
:1089200000D1F6E64046184200D0F2E60C00EFE631
:10893000002A00D063E7002200249446CDE6C44616
:10894000CBE62A003700524403E7C046FFFFFF7D15
:10895000FFFFFFFBF0B54F464646D6464502C0B581
:1089600047000C1C6D0A3F0EC60F002F66D0FF2F6C
:108970006CD00023EA00802599469A46ED04154301
:108980007F3F60026100430A9846090EE40F002908
:1089900048D0FF2910D08022D800D204024390464C
:1089A00000207F394A4633007F1A02436C49920007
:1089B0008A586340DBB29746002B6DD10220FF3FFF
:1089C00033E0002398462600454682465346022B54
:1089D00000D17FE0032B00D194E0012B17D03800A9
:1089E0007F3000285FDD6B0704D00F232B40042B62
:1089F00000D004352B0103D538005A4B80301D4080
:108A0000FE2867DCAD016D0AC0B202E01E00002046
:108A10000025C0052843F60730431CBC9046994604
:108A2000A246F0BD002B2BD101204A4633004E490F
:108A3000024392008A586340DBB29746002D13D15F
:108A400004239946033B00279A469AE7002D05D157
:108A500008239946063BFF279A4692E70C2399463E
:108A6000093BFF279A468CE7280002F099FB7627FE
:108A7000431F9D4000237F4299469A463F1A80E754
:108A8000180002F08DFB4246431F76219A4049426E
:108A9000091A9046002085E7FF21032082E71E0087
:108AA000FF200025B5E701231B1A1B2BAFDC9E37E7
:108AB0002900BD40D9406A1E95410D436B0704D083
:108AC0000F232B40042B00D004356B0144D501202B
:108AD00000259EE7FF2000259BE780250026FF203C
:108AE000ED0396E7002398468020C003054209D095
:108AF0004346034206D1454605436D022600FF204A
:108B00006D0A86E78020C00305436D02FF206D0AD1
:108B10007FE741466A014801824219D21B210025A4
:108B2000013F012614006D005200002C01DB904231
:108B300001D8121A354301390029F3D1501E824160
:108B400038007F301E001543002800DD4BE7AAE700
:108B50001A210125121AE4E7AD0100206D0A58E739
:108B600070BC0000FFFFFFF7B0BC000070B5420012
:108B70004E024C0045026D0A120EC30F760A240EF7
:108B8000C90FFF2A0FD0FF2C11D00120A24200D024
:108B900070BDB542FCD18B420DD0002AF8D128001F
:108BA000451EA841F4E70120002DF1D1EBE701209B
:108BB000002EEDD1E9E70020EAE7C046F0B542001B
:108BC00046024D024C00C30F760A120E6D0A240EA7
:108BD000C80FFF2A1FD0FF2C10D0002A1FD17142CE
:108BE0007141002C01D1002D1ED000290ED18342ED
:108BF0001ED00221581E08400138F0BD002D26D19C
:108C0000002AF4D1714271410029F0D00028F4D13A
:108C100001204042F1E7002E19D1FF2CEED0002CAC
:108C2000E5D1002DE3D1E4E70020002EE5D0E0E718
:108C3000A24205DCEADBAE4202D8E7D30020DCE743
:108C4000414241414842022108400138D5E7022013
:108C50004042D2E7F0B5420046024D024C00C30F3D
:108C6000760A120E6D0A240EC80FFF2A0DD0FF2CB3
:108C70000FD0002A23D171427141002C0FD1002D59
:108C80000DD10020002E14D00DE0002E10D1FF2CAD
:108C900015D1002D0CD1002A03D171427141002958
:108CA00008D1834210D00221581E0840013800E04C
:108CB0000220F0BD0028FCD101204042F9E7002C41
:108CC000EFD1002DEDD1EEE7A24205DCF2DBAE42A2
:108CD00002D8EFD30020ECE7414241414842022153
:108CE00008400138E5E7C046F8B557464E464546C8
:108CF000DE464402E0B545000F1C640A2D0EC60F87
:108D0000002D47D0FF2D4DD0002380209A469B4652
:108D1000E400C00404437F3D7802430A99467A0088
:108D2000FB0F9846120E4B4644D0FF2A11D0D800B4
:108D30008023DB040343994600207F3AAD18474661
:108D400053467740691C0F2B3FD8724A9B00D3587B
:108D50009F46FF35002B00D079E0524602231A438C
:108D600092460220EBE747464C4683465B46022B81
:108D700028D0032B00D1C6E0012B4FD100200024C6
:108D8000C005FF07204338433CBC90469946A246A5
:108D9000AB46F8BD002C71D104239A46033B002555
:108DA0009B46B9E7002C63D108239A46063BFF2572
:108DB0009B46B1E7002B50D1524601331A439246ED
:108DC0000120BCE7FF200024DAE74846260C2404F3
:108DD000220C0404240C4B4620001B0C504374430B
:108DE0005A435E431219030C9B189C4203D98022FC
:108DF00052029446664400041A04000C12189401AE
:108E0000601E84411B0C920E9B1914439B011C4352
:108E10001B0172D50120630804401C4308007F3009
:108E200000283CDD630704D00F232340042B00D02F
:108E30000434230103D580310800374B1C40FE2841
:108E4000C0DCA401640AC0B29AE737008EE752463C
:108E500003231A439246032071E7484602F0A0F923
:108E60004A46431F9A402D1A91460020763D66E7F8
:108E70000C239A46093BFF259B464DE7200002F054
:108E80008FF97625431F9C4000236D429A469B46EE
:108E90002D1A41E780240027FF20E40370E7012317
:108EA0001B1A1B2B00DD69E79E3120008C40D84047
:108EB000631E9C410443630704D00F232340042B0B
:108EC00000D0043463011AD50120002458E7802023
:108ED000C003044209D04B46034206D14C4604432A
:108EE00064024746FF20640A4AE78020C003044327
:108EF00064023700FF20640A42E729008EE7A401DC
:108F00000020640A3CE78020C00304436402FF2081
:108F1000640A35E7F0BC0000FFFFFFF7F0B54646F6
:108F2000D6464F4643025B0ADA0094464A02C0B571
:108F30004400560A051CB046240E4E0092091F003C
:108F400020009246ED0F360EC90FFF2E00D17FE0B4
:108F5000012251408D4251D0A21B9146002A00DCD3
:108F60007EE0002E00D199E0FF2C00D18CE0802320
:108F70005246DB041A4392464A4601231B2A08DC68
:108F800053462021D340891A52468A40511E8A41B5
:108F900013436246D31A5A0100D4F3E09B019E09A1
:108FA000300002F0FDF805388640844200DDF7E02D
:108FB0003200041B20200134E240041BA640330091
:108FC0005E1EB341002413435A0704D00F221A40F7
:108FD000042A00D004335A0100D4D6E0621CFE2CCF
:108FE00000D1DAE09B015F0AD0B2C0053843ED073B
:108FF00028431CBC90469946A246F0BDA21B914650
:10900000002A63DD002E00D199E0FF2C3CD08023A4
:109010005246DB041A4392464A4601231B2A08DCC7
:1090200053462021D340891A52468A40511E8A4114
:10903000134363445A0100D4A4E00134FF2C00D14F
:10904000ABE0012297491A405B080B401343BBE792
:10905000002A32D08D4235D0FF2252429146A1449F
:109060004A46002A51D0301B002C00D09CE06346B9
:10907000002B00D1DFE00138002800D1F7E0FF2EFF
:1090800000D099E00D004346002B00D185E08027F9
:10909000FF031F437F02FF207F0AA6E75246002AF4
:1090A00074D0012252429046C1444A46002A00D15F
:1090B000C8E0FF2C00D05FE7E6E701225140A9425B
:1090C00000D049E7FF2252429146A1444A46002A75
:1090D00043D0311B002C00D18CE0FF2E00D192E058
:1090E00080236246DB041A43944601231B2909DCD2
:1090F000202063466246CB40411A8A401100481E38
:1091000081410B433400534494E7FE22661C3242F3
:1091100064D1002C00D082E06346002B00D1ABE08C
:109120005346002B00D160E7634652469B1A5A0112
:1091300000D4AAE0634652460D00D31A44E75246D3
:10914000002A23D0012252429046C1444A46002AB6
:1091500075D0FF2C00D05FE796E7FE26013426424B
:1091600053D1002872D16346002B00D193E05346BF
:10917000002B00D139E7634400245A0102D54A4A42
:10918000013413405A0700D020E7DB08FF2C00D140
:109190007AE75B025F0AE0B227E7FF20002724E7B7
:1091A000414B241A33400FE7FF2E00D16AE780239A
:1091B0006246DB041A43944601231B2809DC202461
:1091C00063466246C340201A82401000441EA041FC
:1091D000034352460D003400D31ADCE66346524680
:1091E0009E1A730117D4002E00D0D9E60025002066
:1091F0000027FAE66346002B44D0013900294CD001
:10920000FF2E00D071E743463EE7FF2CC5D0524603
:1092100062445308B6E763460D00D61AC0E66246BC
:10922000002A16D15346002B00D02BE780270025BB
:10923000FF20FF03D9E60D0043463400A6E753465E
:109240006344F7E6634652469B1AA4E66246002A48
:10925000D9D05246002A00D116E78022D203134209
:1092600000D111E74046104200D00DE70AE7524610
:109270000D003400D31A8EE65346002B08D00D00A3
:109280004746B2E64346340080E7002B00D079E73A
:1092900000250027A9E64746A7E653463400634465
:1092A000C8E6C046FFFFFF7DFFFFFFFB42024B0207
:1092B00040004900520A5B0A090E000EFF2806D042
:1092C0000020FF2902D11800431E98417047FE3844
:1092D000002AFBD1F4E7C04641024200C30F490A0D
:1092E0000020120E7E2A03D99D2A02D9094A981815
:1092F0007047802000040143952A07DC9620821ADB
:10930000D1404842002BF3D10800F1E7963A914052
:10931000F7E7C046FFFFFF7F70B5002813D0C317E3
:10932000C5185D40C40F280001F03AFF9E230100DC
:109330001B1A962B0FDC082801DD08398D406D02C1
:109340006D0AD8B202E0002400200025C0052843A1
:10935000E407204370BD992B0BDD05222E00121A65
:10936000D64002001B3295402800451EA84135001A
:109370000543052901DD4A1F95402A00084E324069
:10938000680709D00F202840042805D00432500176
:1093900002D59F2332405B1A9201550AD8B2D5E715
:1093A000FFFFFFFB70B5051E0ED001F0F9FE9E23F6
:1093B00004001B1A962B0CDC082801DD083CA54094
:1093C0006D026D0AD8B201E000200025C0052843D7
:1093D00070BD992B09DD020029001B3291404A1E05
:1093E00091410522121AD5400D43052C01DD621F63
:1093F00095402900084E31406A0709D00F202840C7
:10940000042805D004314A0102D59F2331401B1B9B
:1094100089014D0AD8B2D9E7FFFFFFFBF0B54F46EF
:10942000D64646460D0001001800C0B517002B03B4
:109430005A0A4B0F1343CA00914602036E004100C3
:10944000520AEC0F7D0F1543760D490DC00F824671
:10945000AC46FF00721A844200D198E0002A00DC7A
:1094600081E0002900D1B6E0C9498E4200D172E105
:1094700080212800090408438446382A00DD5EE183
:109480001F2A00DDEEE1202039006546801A874062
:10949000D14085400D4339004F1EB9416746D74042
:1094A0002943DB1B4A46551AA945894149425B1AA3
:1094B000984643461B0200D4CCE043465B025B0A5D
:1094C00098464346002B00D12CE1404601F068FE4F
:1094D00001000839202228004346521A8B40D04010
:1094E0008D4003438E4200DD17E18E1B721C1F2A44
:1094F00000DDA7E1202118002E00891A8D40884048
:10950000D640D340691E8D4130439846002605431E
:109510006B0709D00F232B40042B05D02B1DAB422A
:10952000AD416D42A8441D0043461B0200D494E0A7
:10953000974B721C9A4200D19DE04146954BED0835
:1095400019400B00520549075B0229431B0B520DC2
:1095500012051343E4072343080019001CBC90467E
:109560009946A246F0BD002A43D08A1B002E00D0A7
:109570002AE14C461C4300D1D1E1541E012A00D1FE
:109580001FE2834DAA4200D172E2220023E1002AA9
:1095900000DC98E0002942D07D498E4200D1DAE01B
:1095A00080212800090408438446382A00DD29E187
:1095B0001F2A00DC87E1110065462039CD40202AB2
:1095C00004D040206146821A91400F4339004F1E5B
:1095D000B9410D431BE12900394300D1B5E0511ECB
:1095E000012A00D1ABE16A48824200D1B2E10A000F
:1095F00043E76949751C0D4200D0CFE0002E00D032
:1096000093E14946194300D1D1E16146394300D085
:10961000E3E149465807C9080143DB0826E0290071
:10962000394300D191E0511E012A05D058488242A9
:1096300000D18FE10A00B8E73D004D444D45894116
:109640006344984649428844434602261B0200D59B
:10965000EBE0013E6B0700D05CE74346E9085A07A0
:1096600011433200DB084A48824221D01B035205D5
:109670001B0B520D6CE70023002169E72A003A43D7
:1096800069D04A465807D108DA0880231B030843EB
:109690001A4207D02900ED081D4203D12A00FF0815
:1096A00048073843430FC1005B07C908194313003B
:1096B0000A001A4300D113E28022120313431B0352
:1096C000334A1B0B44E7002A4BD08A1B002E00D1E3
:1096D000E7E02F48814200D195E180200004034358
:1096E000382A00DD43E11F2A00DDDBE120201D00D8
:1096F0004E46801A8540D64035434E46864030005F
:10970000D340461EB0419C440543ED19BD429B41E8
:109710005B42634498460E007FE01E4A761A13406F
:109720009846F5E6280001F03BFD010018311F299D
:1097300000DCCFE62B00083883400025D2E66246E5
:109740003A4311004F1EB941ACE649465807C908D3
:109750000143DB0887E749465A07C9081143DB087C
:10976000A6E70D49701C084200D0BBE0002E00D0D7
:1097700014E14946194300D175E12900394300D06D
:109780007EE149465807C9080143DB086EE7C04639
:10979000FF070000FFFF7FFFFE0700004946CD1BCB
:1097A0006146581AA9458941494288460100404608
:1097B000091A8846090200D5A6E04146294300D08F
:1097C0007FE60023002451E7C74CA14200D1C7E047
:1097D000802424042343382A54DC1F2A00DDCCE0F3
:1097E00020244846A41A1D004E46A040D640A5405D
:1097F0000400D34062463543661EB441D31A9C46EA
:10980000254344E062463A4315006F1EBD414D4476
:109810004D45894149428846984443461B0200D43D
:1098200018E7B14B01369E4249D04246AF4B012169
:109830001A4013006A080D401543D9075B08984683
:109840000D4365E618001F3EF040202A03D040215A
:109850008A1A93401D43691E8D41002300269846B5
:109860000543F7E6110065462039CD40202A04D093
:1098700040206146821A91400F4339004F1EB94182
:1098800029430FE64A4613431D006B1E9D417D1B75
:10989000AF429B4162465B42D31A984654460E0043
:1098A00007E64846184300D1B3E0501E012A00D114
:1098B0000DE18D4DAA4200D1A5E0020010E7320073
:1098C0000023002144E620213800891A65468F4094
:1098D0008D40D040791E8F4105433D436746D740B8
:1098E000DB1994E7804A904200D1ECE0390049440A
:1098F00049459241634452429B18DD0749085B0881
:10990000984606000D43A5E64A46BD1AAF42894176
:1099100062464942D31A5B1A98465446D1E56C0711
:10992000F9082143EB0804009DE64A461A4375D125
:109930006146394314D1802300241B03BCE64A4608
:10994000D51BA9458941624649429B1A5B1A984634
:109950000126AEE54A46D1085A071143DB08A7E6BF
:109960006346F9085A0754461143DB08A0E64A4605
:1099700013431D006B1E9D41C7E614001E00203CD2
:10998000E640202A05D04024A21A93404A461A43B2
:1099900091464D466B1E9D41354378E74A461A4332
:1099A00000D06BE66B07F9081943EB0880E66146C7
:1099B000394354D06346F9085C072143DB080400AF
:1099C00054E64A46BD1AAF42894162464942D31A1B
:1099D0005B1A9846040001266BE54A46D51BA9454B
:1099E0008941624649429A1A521A9046120232D569
:1099F0004A46BD1AAF42894162464942D31A5B1AB0
:109A00009846040084E56346F9085A071143DB08C9
:109A10004EE6F90868070143EB0824E662463A433C
:109A200000D198E64A46D1085A071143DA08802344
:109A30001B031A4208D06046C5081D4204D1544693
:109A40002A00F908430719434B0FC9005B07C908EF
:109A5000194313002CE64146294300D0FAE50023C0
:109A60000A00002402E66B07F9081943EB08FDE53C
:109A70006346F9085B07194363460400DB0817E6F1
:109A80003D004D4463444D458941984649428844D0
:109A900043461B0200D4DDE54246144B01261A4022
:109AA0009046D7E510001E002038C640202A05D079
:109AB0004020821A93404A461A4391464D466B1EF7
:109AC0009D41354321E602000023002140E54A463E
:109AD000D519BD4289416344984649428844B3E55B
:109AE0000021014A0B0033E5FF070000FFFF7FFF65
:109AF000F0B557464E464546DE46E0B58146050080
:109B00000C03480092461F0085B0240B400DCE0F79
:109B1000002859D0874B984200D198E06B0FE400A1
:109B20001C4380231B0423439846834BED009B4634
:109B300000239946834400933C037B005046240B4A
:109B40005B0DFF0F002B67D07A4A934218D07A49F9
:109B5000420F8C46E40059461443802263441204A9
:109B6000CB1A14439B46C200002033007B409A4628
:109B70004B460F2B00D9EFE070499B00CB589F4616
:109B80006F4B52469C462243E344002A00D095E0A6
:109B9000494602231943894600240220E5E70023B1
:109BA0000024002552461B052343D20713432800F7
:109BB000190005B03CBC90469946A246AB46F0BDA4
:109BC000002400255B4BEDE74B462343984600D12C
:109BD00089E0002C00D1E0E1200001F0E1FA010071
:109BE00002000B391D235B1A49461000D940083882
:109BF00084400B004D4623439846854051483C0322
:109C0000831A9B460023994600937B005046240B01
:109C10005B0DFF0F002B97D15246224355D0002CED
:109C200000D1CAE1200001F0BBFA02000B3A1D236B
:109C300001009B1A52460839DA408C4014435246C0
:109C40008A40414B58449B46834400208DE74B4655
:109C50002343984640D108239946063B0025834676
:109C6000009369E7B246009B022BA9D0032B00D1D9
:109C700011E2012B93D0354A5A44002A00DC3CE122
:109C80006B0700D0A7E1ED084346DB0106D542464D
:109C90002F4B1A4090468022D2005A442D4B9A42B4
:109CA0008EDC4346520558075C020543240B530DD6
:109CB00078E7BA46A04615000090D4E74A46032349
:109CC0001A439146032052464FE749460123194360
:109CD00089460024012048E70C239946093BA04609
:109CE0008346009328E70423994600239B460133CB
:109CF0000025009320E7002380249A4600250D4B81
:109D000024034FE7802341461B03194208D01C421D
:109D100006D11C432403BA461500064B240B41E729
:109D20008024434624031C432403B246014B240BE6
:109D300038E7C046FF07000001FCFFFF30BD000010
:109D400001F8FFFF0DFCFFFFF3030000FF0300001D
:109D5000FFFFFFFEFE070000444500D216E100D1E0
:109D600011E101235B429C462E0040460025E3445E
:109D70002302140E1C431B0C994623041F0C1202D1
:109D8000494600920197FEF7A1FA02007A430B04BC
:109D9000310C804619438A420BD901235B429C4611
:109DA0000919E0448C4204D88A4202D9831E98469D
:109DB0000919881A4946FEF789FA09048C463104C4
:109DC0006646019A090C4243030031438A4204D992
:109DD0000919013B8C4200D811E1891A4246009EC4
:109DE00012041A43330C1F00100C90460293130404
:109DF0003204160C32001B0C5A4303967B43464335
:109E00007843170CBC469B1963449E4203D98026B5
:109E10007602B44660441E0C301816041B04360C3F
:109E20009E19814200D29CE000D197E0AE1B091A36
:109E3000B54280414042081A844200D111E14946AE
:109E4000FEF744FA019A0B044243310C0500194312
:109E50008A4207D90919013D8C4203D88A4201D9A7
:109E6000851E0919881A4946FEF730FA09048C46FE
:109E700031046646019A090C4243030031438A4289
:109E800007D90919013B8C4203D88A4201D9831EA4
:109E90000919039E891A32002D041D43029F2B04C9
:109EA0001B0C5A437B439C46280C4643130CB4447A
:109EB000634478439E4203D980267602B4466044C8
:109EC0001E0C12041B04120C30189B18814206D37E
:109ED00002D001231D43CEE6002B00D1CBE6611852
:109EE0006E1EA14200D2A4E0814200D2C9E000D19E
:109EF000D9E03500EDE701256D420121891A3829A5
:109F000000DD4CE61F2900DC7FE01F235B429A1A2C
:109F10004346D340202904D04446654A5A449440DD
:109F200025436A1E954107222B43150000241D403E
:109F30001A4200D1A1E00F2200241A40042A00D1C5
:109F400098E01A1D9A429B415B42E41813002202DA
:109F500000D48FE001230024002523E6B54200D37E
:109F600064E743465A1E009B9C4665441F009D4281
:109F70009B415B421B19C9188C423AD2884263D874
:109F800060D0904652E7AA4200D9EAE64346DE078F
:109F900058086B081E43ED07EAE6484601F000F951
:109FA00001000200153120321C2900DC1AE64B4664
:109FB000083883400025984620E601F0F1F80300B8
:109FC0001A00153220301C2A00DC30E65446083BCB
:109FD00000229C4035E60F232B40042B00D152E693
:109FE00005235B42AB429B4104355B42ED0898443C
:109FF0004AE68C42C5D1AF42C0D9904616E78A42A4
:10A0000000D8EAE6831E0919E7E62A4A28005A44DE
:10A01000434695409340C8406A1E954144460343D9
:10A020002B43CC405A0792D00F221A40042A88D1E1
:10A030008DE73500814200D04BE7009A934200D073
:10A0400047E718E6AE429CD902235B429C46009B40
:10A05000E0449C4665449D429B415B421B19C918E4
:10A06000E4E6154A5A44002A00DC44E701230025AF
:10A07000984409E665076402240BDB081D430023AE
:10A0800090E5009E023D7200B242BF417F423C1902
:10A0900009190092CEE78024434624031C4324037D
:10A0A000064B240B7EE5009A9A42EAD33500C4E7BA
:10A0B0003E0400001E040000FF030000FF07000034
:10A0C000F0B54F464646D646944691461A03120BC3
:10A0D000184DC0B54C000F0392465A00060080464A
:10A0E0003F0B0120640DC90F520DDB0FAC420AD0AB
:10A0F000AA4203D0944201D157450DD01CBC9046D2
:10A100009946A246F0BD3D003543F7D1A242F5D1B4
:10A11000524665462A43F1D10120C845EED1994205
:10A1200006D0002CEAD13E433000461EB041E5E7A0
:10A130000020E3E7FF070000F0B54E4645465746CE
:10A14000DE4604001800E0B516001B031B0B324D61
:10A150000F034A0099464300A446B0463F0B520DF8
:10A16000C90F5B0DC00FAA4229D0AB4218D0002AFC
:10A170002AD13C43A34665426541002B02D14C469F
:10A18000264327D0002D15D1814228D00220013945
:10A19000084001383CBC90469946A246AB46F0BD0B
:10A1A0004D462E432FD1002AEED13C4365426541F6
:10A1B000002DE9D00028EDD101204042EAE73D0022
:10A1C000254320D19342EBD0002BDDD14C462643D2
:10A1D000DAD1DBE75B460020002BDBD0D6E79A42E2
:10A1E0000ADCE7DB4F45D1D810D000204F45D1D253
:10A1F0000029E1D00800CDE7434258410223404204
:10A2000018400138C6E702204042C3E7C445BDD824
:10A210000020C445BED2EBE7FF070000F0B54E4674
:10A2200045465746DE4604001800E0B516001B03FD
:10A230001B0B314D0F034A0099464300A446B0461C
:10A240003F0B520DC90F5B0DC00FAA4211D0AB429C
:10A2500014D0002A2FD13C43A34665426541002B10
:10A2600014D14C46264311D15B460020002B17D059
:10A2700010E03D00254312D193421CD14D462E43A0
:10A280000DD1002A04D13C4365426541002D0DD11A
:10A29000814216D0022001390840013800E0022036
:10A2A0003CBC90469946A246AB46F0BD0028F7D18B
:10A2B00001204042F4E7002BEAD14C462643E7D187
:10A2C000E8E79A4206DD43425841022340421840E3
:10A2D0000138E5E79A42E9DB4F45DBD806D000209C
:10A2E0004F45DDD20029E3D00800D9E7C445D1D8D5
:10A2F0000020C445D4D2F5E7FF070000F0B557466B
:10A300004E464546DE46E0B598460C034B00060037
:10A31000924687B0240B5B0DCF0F002B6CD0DD4A2B
:10A32000934200D186E0420FE400144380221204DD
:10A330001443D94AC50094466344009300239946C8
:10A340009B46434642461E03D20F5B005046904652
:10A35000360B5B0D00D178E0CE4A93421DD0CE493A
:10A36000420F8C4600996344F6008C4616438022C7
:10A370009C44120463461643C200002000930099D7
:10A38000434601318C4649467B4001930F2900D951
:10A390007EE0C24B890059588F465246009B32439B
:10A3A00000D056E1BB4900268C46634449460093E1
:10A3B0000223194389460220E1E743460193340012
:10A3C000150083465B46022B5ED0032B00D1F3E1E0
:10A3D000012B00D018E1002200240025019B12056A
:10A3E0002243DB071A432800110007B03CBC90460B
:10A3F0009946A246AB46F0BD2500054300D141E198
:10A40000002C00D1ADE1200000F0CAFE01000200E6
:10A410000B391D2310005B1A3100350008388440C9
:10A42000D94085400C439E48831A009300239946E7
:10A430009B4686E70500254300D01CE108220093D7
:10A440000223002491469B467BE75246324300D1CB
:10A450000AE1002E00D176E1300000F0A1FE0200FA
:10A460000B3A1D2301009B1A52460839DA408E40F0
:10A47000164352468A40009B8949181A03008C46AD
:10A480006344002000937AE700240025814AA5E771
:10A490002F0C2D042D0C2B00110C1204120C534305
:10A4A0009846130028007B43994648434844834616
:10A4B00040460B00000C824658467B4350440293B2
:10A4C000814506D99A4680235B029946CA44534681
:10A4D0000293030C9B4643461B0400041B0C984646
:10A4E000030043440493330C99462B003604360C86
:10A4F0007343984633007B439A464B465D435F4324
:10A5000043465544180C4019824503D980235B0209
:10A510009A465744050CEB19059343461D042D0C30
:10A5200000044019250C2404240C270057436A43D7
:10A5300090462A003B0C9A464A43614341445144A9
:10A540008344884503D980235B02984642443F04F4
:10A550000B0C3F0C0904C919270098464B4677435A
:10A560005C436E435D433B0C9946A4194C44424402
:10A570000395A64204D980235B029846454403957F
:10A58000029B3F045B441E008342804123049846A3
:10A59000059B3F0C4744984676188E4289414744B4
:10A5A00040423D18A846934649428A46C3449F42CA
:10A5B000BF4180458041039BDA4498465346404260
:10A5C0007F420743240C934592418A4589413F19B4
:10A5D000DC0D049B75021D43681E854153465242A3
:10A5E00049420A43BF184744F60D7F0235435A02D9
:10A5F0003C431543FB0100D4C1E001216A080D4032
:10A600001543E2071543640826496144002956DDD5
:10A610006B0709D00F222A40042A05D02A1DAA421E
:10A62000AD416D4264191500E30104D580211E4A35
:10A63000C900144061441D4A914200DD24E76207CD
:10A64000ED08640249051543240B4A0DC6E601973F
:10A65000B8E6104A0320944663444A460093032315
:10A660001A43914652468AE64946012319438946D0
:10A670000026012083E60C22009303230500914667
:10A680009B465EE604239946002300930133002491
:10A690009B4656E6FF07000001FCFFFF70BD00006F
:10A6A0000DFCFFFFFF030000FFFFFFFEFE070000A1
:10A6B000002380240025444A019324038EE60120D0
:10A6C000401A382800DD86E61F285BDD1F222300A4
:10A6D0005242511ACB401900202803D03B4A624411
:10A6E000944025436A1E95412A000A4307210D0024
:10A6F0000024154011425BD00F2100241140042991
:10A7000053D0111D914292415242A4180A002302D3
:10A710004BD501220024002560E680231B031C4248
:10A7200009D01E4207D133431C0343461500240BB6
:10A73000254A019352E68022120314432403224A3D
:10A74000240B01974AE600F02BFD03001A00153296
:10A7500020301C2A00DC84E65646083B00229E403E
:10A7600089E600F01DFD01000200153120321C2990
:10A7700000DC4EE6340008380025844053E6009B98
:10A780009C4641E71249220061442E008D408A40D8
:10A79000C640691E8D4132432A43C4405307B6D098
:10A7A0000F2111400429ACD1B1E765076402240BE5
:10A7B000D2081543002211E6802212031443240319
:10A7C000014A240B0AE6C046FF0700003E040000D1
:10A7D0001E040000F8B557464E464546DE460400C6
:10A7E000E0B51F0010000B03620F4E00CD0F5B0A97
:10A7F00039031343490AE200440F2143C24C9146F6
:10A800009246C0007A008046760D520DFF0FA2429C
:10A8100000D1B4E001246740BB46BD4200D188E0CE
:10A82000B41AA446002C00DCB2E0002A00D1C5E036
:10A83000B54A964200D18BE280221204114362464F
:10A84000382A00DDA1E11F2A00DD16E220270C00D6
:10A85000BF1ABC400200A0466446B840E2404446ED
:10A8600014430200501E82416046C14022435B1ADD
:10A8700049468C1AA145924152429B1A984643463A
:10A880001B0200D417E143465B025B0A984643462D
:10A89000002B00D16CE1404600F082FC0200083A37
:10A8A000202120004346891A9340C8409440034326
:10A8B000964200DD57E1961B711C1F2900DDCBE19C
:10A8C000202218002600521A94409040CE40CB40DF
:10A8D000621E94413043984600260443630709D022
:10A8E0000F232340042B05D0231DA342A44164421F
:10A8F000A0441C0043461B0200D4DFE0824B01361B
:10A900009E4200D1FBE04246804BE4081A4013000F
:10A91000710552075B0222431B0B490D0905ED0728
:10A920001943294310003CBC90469946A246AB46C9
:10A93000F8BDB41AA446002C58DD002A00D19EE0D0
:10A94000714A964200D13BE18022120411436246D3
:10A95000382A00DDC1E01F2A00DCBBE10C00203AF0
:10A96000D44022006446202C04D040273F1BB9402D
:10A97000084380464446611E8C411443B1E00C00FC
:10A9800004432AD0BB46BD422DD0614CA446B444FA
:10A990006446002C5CD0941BA446002E00D015E128
:10A9A0004D461D4300D1C3E1651E012C00D10CE2D0
:10A9B000554EB44200D1F8E1AC460EE10A00024324
:10A9C00000D136E12200013A012C00D1C6E14E4C03
:10A9D000A44500D1F4E0944631E701246740BB462A
:10A9E000BD4200D01CE74A4CA446B4446446002C47
:10A9F00000D1CFE0941BA446002E00D15CE1424E72
:10AA0000B24200D1ECE18026360433436446382C50
:10AA100000DDB3E11F2C00DD38E22026361B1C00D0
:10AA2000B4404F46A0466446E74044463C434F4648
:10AA3000B7403E00771EBE4134436646F340C91816
:10AA4000241884429B415B429846160088444EE09D
:10AA5000304A741C144200D0D6E04A461A43002EF5
:10AA600000D05BE1002A00D1A5E10A00024300D03A
:10AA7000BBE14A465907D2080A43DB0827E00A002F
:10AA8000024300D174E12200013A012C05D01E4C92
:10AA9000A44500D194E0944659E748444845924182
:10AAA0005B189846040052429044434602261B021B
:10AAB00000D5C4E0013E630700D011E74346B44629
:10AAC0005907E2080A43DB080F498C4540D061462C
:10AAD0001B0349051B0B490D20E701430C00611EB8
:10AAE0008C414C444C4592415242904698444346D6
:10AAF0001B02E0D5044B01369E4200D09FE031009E
:10AB0000002300220AE7C046FF070000FFFF7FFF87
:10AB100001F8FFFFFE070000002A00D160E10A00F3
:10AB200002434DD04A465C07D20822438024DB080A
:10AB30002403234207D0CE08264204D15D463300C9
:10AB4000C20849070A43510FD200D20849070A43F5
:10AB50001100194300D1C8E1802109030B431B03F5
:10AB6000D5491B0BDAE6D549B61A0B409846B5E62F
:10AB7000200000F015FB020018321F2A00DC8FE6CF
:10AB8000230008388340002492E608430200501E48
:10AB900082416DE6CA4C721C224200D0ADE04A46AA
:10ABA0001A43002EB8D1002A00D158E10A0002430E
:10ABB00000D059E14A465907D2080A43DB0886E724
:10ABC0004A465907D2080A43DB08C1E7BA4DAA42F0
:10ABD00000D11EE180252D042B436446382C5DDC1A
:10ABE0001F2C00DDD0E0202567462D1B4E461C00A3
:10ABF000FE40AC4034434E46AE403500FB406E1E36
:10AC0000B541C91A2C434EE04A46141AA145924157
:10AC1000524290465F1A3A004746D21B90461202B3
:10AC200000D58BE04246224300D030E600230025C9
:10AC30004DE74A465907D2080A43DB0844E7424633
:10AC40009E4B61081A401300012214400C43DA079E
:10AC50005B089846144341E61A001F3EF240160076
:10AC6000202903D04022511A8B401C43621E94417C
:10AC700000233443984600261DE70C00203AD440B8
:10AC800022006446202C04D040273F1BB9400843D3
:10AC900080464446611E8C412243E9E54C462343ED
:10ACA0001C00631E9C41041BA0429B415B42CB1ACB
:10ACB00098465D461600E2E54E461E4300D1AEE0E2
:10ACC000661E012C00D1FDE07B4FBC4200D107E1A4
:10ACD000B4469BE664462022121B0C0094400700F9
:10ACE0009040A0466446421E90416246E74044467A
:10ACF000D1403C4304435B18F3E66F4CA24200D1C1
:10AD0000D5E048445B184845894149425B18DC0757
:10AD100040085B08984616000443CCE6002A00D0A1
:10AD200082E00A00024340D1802300251B0313E781
:10AD30004B07C2081A435D46CB08C5E64A46841A4B
:10AD4000A0429241CB1A52429B1A98465D469EE51C
:10AD50004A465907D2080A43DB08F9E64A46141A5C
:10AD6000A14592415B1A52429B1A9846012686E5FC
:10AD70004A465907D2080A43DB08A5E64C46234356
:10AD80001C00631E9C415BE665461E00203DEE40B4
:10AD9000202C05D040252D1BAB404C461C43A24621
:10ADA0005446631E9C4134437DE74B07C2081A4357
:10ADB0005D46CB08CCE60A00024300D136E74B07DC
:10ADC000C2081A435D46CB0881E64A46841AA0426F
:10ADD0009241CB1A52429B1A98465D4601264EE597
:10ADE0004B07C2081A43CB08B2E64A46141AA145DB
:10ADF00092415F1A5242BA1A904612026BD54A46E5
:10AE0000841AA0429241CB1A52429B1A98465D4640
:10AE100064E54B07C2081A435D46CB0898E64B072A
:10AE2000C2081A43CB084FE60A00024390D04A46B4
:10AE30005C07D20814438022DB081203134208D0B7
:10AE4000CE08164205D1C0084907084304005D46F4
:10AE50003300610FE2004907D2080A4378E64B0746
:10AE6000C2081A43CB0832E648445B184845924171
:10AE7000984652429044434604001B0200D41AE60E
:10AE800042460E4B01261A40904614E666461F00C5
:10AE9000203EF740202C05D04026361BB3404C46C0
:10AEA0001C43A2465446631E9C413C43C8E5110026
:10AEB0000023002232E5C046FF070000FFFF7FFFAE
:10AEC000FE0700004A461418844292415B189846D7
:10AED00052429044E9E54246224300D1A6E6EAE523
:10AEE0004B07C2081A43CB0832E60022014913007F
:10AEF00014E5C046FF07000070B505000C480C03C0
:10AF0000160049001A035B00240B490D120B5B0D60
:10AF1000814208D0064900208B4203D13243100001
:10AF2000421E904170BD01202C43FBD1F2E7C04688
:10AF3000FF0700000A0030B5134C53000903050059
:10AF4000090B00205B0DD20FA34204DD0F488342A2
:10AF500002DD0F4BD01830BD8020400301430D4867
:10AF6000C01A1F2808DD0C48C31AD9400B005842EC
:10AF7000002AF0D11800EEE7084CC540A44663440F
:10AF800099400B002B43F2E7FE0300001D04000074
:10AF9000FFFFFF7F3304000013040000EDFBFFFF01
:10AFA00070B5002816D0C317C5185D40C40F28001F
:10AFB00000F0F6F8114A121A0A2816DC03002E00D7
:10AFC00015339E400B23181AC54053052D032D0B36
:10AFD0005B0D03E000240023002500261B052B4306
:10AFE000E40723433000190070BD0B38854053053A
:10AFF0002D0300262D0B5B0DF0E7C0461E0400005C
:10B0000070B543004602C40FFE201B0E591C750A82
:10B0100008420CD0E022920094466D07360B634440
:10B020001B053343E40723432800190070BD002BA0
:10B0300014D1002D1BD0280000F0B2F80A281CDC27
:10B040000B232A001B1ADA40030015339D400E4BD8
:10B0500012031B1A5B05160B5B0DE1E7002D09D0EF
:10B06000320B80263603094B6D071643D8E70023C1
:10B070000026D5E70026054BD2E703002A000B3B4C
:10B080009A400025E3E7C04689030000FF0700005F
:10B0900002004B00F0B508035B0D3D4ECC0F400A9B
:10B0A000510F5F1C0843D50037420AD039495E185A
:10B0B000FE2E16DDFF230021DB050B43E0071843BE
:10B0C000F0BD002B06D1284327D005218901490A6C
:10B0D000DBB2F1E70543EDD08021C903FF23014333
:10B0E000EAE7002E1CDD920111004A1E9141C000CA
:10B0F0006D0F014329434B0748D00F230B40042B0E
:10B1000000D004318023DB040B403FD0721CFE2EA4
:10B11000D0D08901490AD3B2CEE700230021CBE782
:10B120003200173222DB80211E2209040843921BC1
:10B130001F2A1DDD022149428E1B0100F1400E0035
:10B14000202A04D0144A94466344984005432900B9
:10B150004D1EA941314300264B07CED180200B0064
:10B16000C004012203400142D3D1AFE70023ACE782
:10B170000A498C4629006344D1409D400A002900B9
:10B1800098404D1EA94101431143E4E733009DE778
:10B19000FE07000080FCFFFFA2FCFFFF82FCFFFF18
:10B1A0001C2101231B04984201D3000C10391B0AF7
:10B1B000984201D3000A08391B09984201D30009BB
:10B1C000043902A2105C40187047C0460403020212
:10B1D00001010101000000000000000010B50400A2
:10B1E00004481300002804D00A000220210000E0D7
:10B1F00000BF10BD00000000014B18687047C0463A
:10B200000001002070B500260C4D0D4C641BA410ED
:10B21000A64209D1002600F053F90A4D0A4C641BDE
:10B22000A410A64205D170BDB300EB589847013673
:10B23000EEE7B300EB5898470136F2E764010020CF
:10B2400064010020640100208001002070477047E5
:10B2500010B5034B0100186800F06AF810BDC04635
:10B260000001002010B5034B0100186800F016F82B
:10B2700010BDC04600010020002310B59A4200D145
:10B2800010BDCC5CC4540133F8E70300821893422C
:10B2900000D1704719700133F9E7000070B505005F
:10B2A000002910D00C1F2368002B00DAE4182800B6
:10B2B00000F0E8F81D4A1368002B05D163601460A4
:10B2C000280000F0E7F870BDA34208D92168601893
:10B2D0008342F3D118685B6841182160EEE71A00D9
:10B2E0005B68002B01D0A342F9D911685018A04225
:10B2F0000BD120680918501811608342E0D11868FA
:10B300005B68411811605360DAE7A04202D90C2350
:10B310002B60D5E721686018834203D118685B6809
:10B320004118216063605460CAE7C046B41700202A
:10B33000F8B50323CD1C9D43083506000C2D1FD204
:10B340000C25A9421ED8300000F09CF825490A6857
:10B350001400002C1AD1244F3B68002B04D121008B
:10B36000300000F075F838602900300000F070F807
:10B37000431C2BD10C233000336000F08BF803E02A
:10B38000002DDEDA0C2333600020F8BD23685B1B40
:10B3900019D40B2B03D92360E418256003E06368FC
:10B3A000A2420ED10B60300000F074F8200007229A
:10B3B0000B30231D9043C21A9842E6D01B1AA350AB
:10B3C000E3E75360EFE722006468C2E70323C41C8D
:10B3D0009C43A042E1D0211A300000F039F8431C10
:10B3E000DBD1C7E7B4170020B8170020124B10B507
:10B3F0001C68A36B002B0FD11820FFF729FF0F4B00
:10B40000A06303600E4B012243600E4B83600B234D
:10B410008381002302614361A46B0B4A2069616947
:10B420000A4BFDF7BBF80122002380185941206127
:10B4300061614800400810BD000100200E33CDAB13
:10B4400034126DE6ECDE05002D7F954C2DF451583D
:10B45000002370B5064D040008002B6000F022F8B0
:10B46000431C03D12B68002B00D0236070BDC04665
:10B47000CC1700200023C25C0133002AFBD1581EE8
:10B480007047000010B50248FFF7E0FE10BDC0464F
:10B49000C417002010B50248FFF7D9FE10BDC04602
:10B4A000C4170020044A03001068002802D0C31803
:10B4B000136070470148FAE7BC170020D01700203E
:10B4C000F8B5C046F8BC08BC9E467047F8B5C04603
:10B4D000F8BC08BC9E467047000000000000000059
:10B4E000013500005F350000000000000000000092
:10B4F000D15000003521000049210000FD2000004E
:10B500000D2100000121000005210000092100009B
:10B51000D1500000000000000000000001350000D4
:10B520005F350000A1210000B521000019210000B5
:10B530003521000049210000FD2000000D21000000
:10B54000012100000521000011210000ED33000061
:10B550000000000000000000013500005F35000021
:10B56000C9210000DD210000192100003521000063
:10B5700049210000FD2000000D21000001210000F4
:10B580000521000011210000ED33000002048206B5
:10B59000086E0A0C5A0E124B141A3C1C262D283821
:10B5A0001E3A500F04047D080A640C0E5510144610
:10B5B000161E37202C282E4019425A0A2C01FA0058
:10B5C0002C012C010E01F000BE00AA0082007800C0
:10B5D000960096009600BE000E017800AA00C800F2
:10B5E000D200DC00DC00DC00C800BE00AA00AA001B
:10B5F00096008C00820078006E006E00640064008B
:10B60000640064006400640064006400640064001A
:10B610006400640064006400640064006900690000
:10B6200069006900690069006900690069006900D2
:10B63000690069006900690069006E0069006900BD
:10B6400069006900690069006900690069006900B2
:10B65000690069006900690069006E00690069009D
:10B660006900690069006900690069006900690092
:10B67000690069006900690069006E00690069007D
:10B680006900690069006900690069006900690072
:10B69000690069006900690069006E00690069005D
:10B6A0006900690069006900690069006900690052
:10B6B000690069006900690069006E00100E0C0ADB
:10B6C000090A0A0A090A0A090809090A07070807EC
:10B6D000080808080708090708090A0A09080808E5
:10B6E00008080807090808080808080808080808DA
:10B6F00008080808080808080809090A08080808C6
:10B7000008080808080808080809090A08080808B5
:10B7100008080808080808080809090A08080808A5
:10B7200008080808080808080809090A0808080895
:10B7300008080808080808080809090A0000004065
:10B740007D6E6D4021806D40344080408B3EB44022
:10B750009F829740C45EB040FABEB240C537E44015
:10B76000516040400000803F0000000000000000E9
:10B770000F3F0000453E0000413E0000693E0000D2
:10B78000853E00005B3F00006B3E000000000000B3
:10B7900000000000D1500000D15000000000000067
:10B7A00000000000D15000003521000049210000B8
:10B7B000FD20000069420000012100000521000079
:10B7C0000921000000000000040000000300000048
:10B7D0001C000000FF00000000000400000000004A
:10B7E0000200000001000000020000000000FFFF56
:10B7F000FFFF020000000000050000000300000041
:10B800001C000000FF000100010005000000000016
:10B810000000000008000000000000000400FFFF1E
:10B82000FFFF000000000000010000000800000011
:10B83000000000000500FFFFFFFF01000000000006
:10B840001C0000000600000000000000FF00FFFFD9
:10B85000FFFFFF00000000001800000006000000CD
:10B8600000000000FF00FFFFFFFFFF0000000000DE
:10B87000190000000600000000000000FF00FFFFAC
:10B88000FFFFFF00000000000200000001000000B8
:10B89000020000000000FFFFFFFF020000000000A8
:10B8A00005000000010000001E000000050001006E
:10B8B000010005000000000004000000010000007D
:10B8C0001E00000004000000000004000000000052
:10B8D0001E0000000400000000000000FF00FFFF49
:10B8E000FFFFFF00000000001F0000000400000038
:10B8F00000000000FF00FFFFFFFFFF00000000004E
:10B90000170000000400000004000000FF00FFFF1B
:10B91000FFFF0700000000000A0000000800000010
:10B9200004000000FF00FFFFFFFF0A00000000000E
:10B930000B0000000800000004000000FF00FFFFF3
:10B94000FFFF0B00000000000600000003000000E5
:10B950001C000000FF0000010001060000000000C4
:10B960000E0000000800000004000000FF00FFFFC0
:10B97000FFFF0E00000000000F00000008000000A4
:10B980001C000000FF00010301030F000000000085
:10B9900010000000040000001C000000FF00000276
:10B9A0000002000000000000110000000400000080
:10B9B0001C000000FF00010201020100000800421B
:10B9C00014090000000C0042150A0000001000429B
:10B9D000160B000000140042170C000000000000CD
:10B9E00000000000914F00003D580000A94E0000EB
:10B9F000634E00007D4E000055500000554C000085
:10BA0000454C0000CD4C00006F4C0000414C000044
:10BA1000000000000000000000000000035C0000C7
:10BA2000E95A0000355A0000E158000009590000A9
:10BA30001D59000047656D6D61204D300000040305
:10BA4000090441646166727569740012010002EFB5
:10BA50000201409A231E8000010102030100000040
:10BA60000000000000000000116800003D680000B8
:10BA70000D6800003168000025680000856800003E
:10BA80006968000073717274000000007371727451
:10BA900066000000FB21F93FFB2109407CD91240E0
:10BAA000FB2119407A6A1F407CD92240BBFD25400A
:10BAB000FB2129403A462C407A6A2F405C473140AE
:10BAC0007CD932409C6B3440BBFD3540DB8F374026
:10BAD000FB2139401BB43A403A463C405AD83D40DD
:10BAE0007A6A3F404C7E40405C4741406C10424087
:10BAF0007CD942408CA243409C6B4440AC344540CE
:10BB0000BBFD4540CBC64640DB8F4740EB58484025
:10BB1000FB21494083F9A200444E6E00FC29150028
:10BB2000D1572700DD34F50062DBC0003C99950059
:10BB3000419043006351FE00BBDEAB00B761C5001E
:10BB40003A6E2400D24D42004906E00009EA2E0078
:10BB50001C92D100EB1DFE0029B11C00E83EA7009D
:10BB6000F535820044BB2E009CE98400B4267000A9
:10BB7000417E5F00D6913900538339009CF439002F
:10BB80008B5F840028F9BD00F81F3B00DEFF9700A3
:10BB90000F980500112FEF000A5A8B006D1F6D00E2
:10BBA000CF7E360009CB2700464FB7009E663F0088
:10BBB0002DEA5F00BA277500E5EBC7003D7BF10079
:10BBC000F739070092528A00FB6BEA001FB15F0051
:10BBD000085D8D00300356007BFC4600F0AB6B0027
:10BBE00020BCCF0036F49A00E3A91D005E619100ED
:10BBF000081BE60085996500A0145F008D40680071
:10BC000080D8FF0027734D0006063100CA56150084
:10BC1000C9A873007BE260006B8CC00000000000CC
:10BC200000000040FB21F93F000000002D44743E5D
:10BC3000000000809846F83C0000006051CC783B42
:10BC400000000080831BF0390000004020257A3876
:10BC5000000000802282E336000000001DF36935F9
:10BC600002000000030000000400000006000000C5
:10BC7000128B00009E8A00000C8A0000C68900001A
:10BC80000C8A0000DA8A00000C8A0000C6890000D5
:10BC90009E8A00009E8A0000DA8A0000C6890000A1
:10BCA000CC890000CC890000CC890000E88A000023
:10BCB0009E8A00009E8A00000C8A0000C289000053
:10BCC0000C8A0000DA8A00000C8A0000C289000099
:10BCD0009E8A00009E8A0000DA8A0000C289000065
:10BCE000CC890000CC890000CC890000E48A0000E7
:10BCF000CA8D0000688D0000688D0000668D000010
:10BD00006C8D00006C8D0000948E0000668D00002C
:10BD10006C8D0000948E00006C8D0000668D00001C
:10BD20004A8E00004A8E00004A8E0000CE8E00002F
:10BD3000589D0000C09B00009E9B0000B29C00002C
:10BD40009E9B0000F69C00009E9B0000B29C0000A1
:10BD5000C09B0000C09B0000F69C0000B29C00004D
:10BD6000649C0000649C0000649C0000049D000032
:10BD700090A40000BEA30000BEA30000BAA3000070
:10BD8000C4A30000C4A30000B0A60000BAA3000032
:10BD9000C4A30000B0A60000C4A30000BAA3000022
:10BDA0004EA600004EA600004EA600001AA70000F6
:10BDB0000000000000000000000000000000000083
:10BDC0000000000000000000000000000000000073
:10BDD0000000000000000000000000000000000063
:10BDE0000000000000000000000000000000000053
:10BDF0000000000000000000000000000000000043
:10BE00000000000000000000000000000000000032
:04BE1000000000002E
:10BE140000000000000000450201FF0000FF450093
:10BE2400FF8C00FFFF0000FF000000FF4B00829426
:10BE340000D30000D0070000C8F000000000C03F9D
:10BE44000000C03FCDCCCC3F0000C03F6666E63F5B
:10BE54000000C03F0000C03F0000C03F400102009E
:10BE64002C01000000030407080C0D111216171B07
:10BE74001C1F2023030000009A99993F020100002F
:10BE840040420F000A0000000A000000FFFFFFFF0D
:10BE94000000000083000000020000008200000097
:10BEA400000000000000000000000000000000008E
:10BEB4000000000000000000FFFFFFFF00C20100BF
:10BEC40000000800080B0002020200000904000040
:10BED40001020200000524001001042402060524C6
:10BEE4000600010524010101070581031000100962
:10BEF400040100020A0000000705020240000007D6
:10BF04000583024000000000FFFFFFFF0100000066
:10BF14000401002000000000D0BD0000F0BD0000BE
:10BF2400B0BD0000000000000000000000000000A0
:10BF340000000000000000000000000000000000FD
:10BF440000000000000000000000000000000000ED
:10BF540000000000000000000000000000000000DD
:10BF640000000000000000000000000000000000CD
:10BF740000000000DD200000CD35000091400000ED
:10BF840059420000C9480000FD67000041690000F3
:04BF9400B5200000D4
:04000003000050E9C0
:00000001FF
