:1020000000400020E5500000CF500000CF500000FD
:1020100000000000000000000000000000000000C0
:10202000000000000000000000000000CF50000091
:102030000000000000000000CF50000039510000F7
:10204000CF500000CF500000CF500000CF50000014
:10205000CF500000CF500000CF500000D150000002
:10206000CF500000B1480000CF500000CF5000001A
:10207000CF500000CF500000CF500000CF500000E4
:10208000CF500000CF500000CF500000CF500000D4
:1020900000000000CF500000CF500000CF500000E3
:1020A000CF500000CF500000CF500000CF500000B4
:1020B0000000000010B5064C2378002B07D1054B1B
:1020C000002B02D0044800E000BF0123237010BDA4
:1020D000840100200000000008BE0000044B10B581
:1020E000002B03D00349044800E000BF10BDC046E8
:1020F000000000008801002008BE00004069704711
:10210000807C7047817470470020704701207047C1
:10211000C82040007047000010B5012104000020D5
:1021200003F0B8FA1023E361014B236210BDC046EF
:102130001000006010B5040002F0BCF82368002114
:1021400020009B69984710BDF8B5036804005B6ADE
:102150000E0041699847E37C0500002B06D02368F8
:1021600020005F68626933006168B847236829000E
:1021700020009B6A9847F8BD10B50400024B03602D
:1021800002F072F8200010BDDCB4000010B50400AD
:10219000FFF7F2FF200003F061F8200010BD0000FF
:1021A00010B50400024B0360FFF7E6FF200010BDEE
:1021B00018B5000010B50400FFF7F2FF200003F08F
:1021C0004DF8200010BD000010B50400024B036064
:1021D000FFF7E6FF200010BD54B5000010B5040065
:1021E000FFF7F2FF200003F039F8200010BD10B512
:1021F000017801F0B9FF10BDF7B50024FF270C4EA0
:102200002D21200006F064F801AD3100287028006F
:102210006F70AF7002F0B9FA0648FFF7E8FF0A20C6
:1022200002F0CEFF044BFF3403369C42E8D1F7BDE9
:102230003C020020140D0020D32C0000F7B5FF272E
:10224000104C114D2D21280006F042F801AE21005E
:10225000307077703000B77002F097FA0B4EFF3D88
:102260003000FFF7C4FF0A2002F0AAFF002330006D
:1022700023706370A370FFF7BAFF2B00033CFF339A
:10228000E0D1F7BDC0020020D42B0000140D0020C7
:1022900010B5002003F04AF90C2003F021F90820C2
:1022A00003F088F90A2002F08BFF10BDF8B51A4E32
:1022B00001253368194C1F002F402B420BD1200001
:1022C00001F0D4FF164B2000164A1749A78423605B
:1022D000356004F0D5FB00232D222000134901F0C6
:1022E000F1FE134B02211860124B1A78124B1A7030
:1022F000124B187803F0CEF9FFF7CAFF80210023B4
:1023000000220F4C0F48C900E250C25004338B42E8
:10231000FAD1FFF771FFF8BDA4010020A801002049
:1023200054B5000000000020C92100003C0200203C
:10233000240200204C000020140D00200800002082
:10234000E0060020E0020020F0B5002487B002F093
:1023500007FF3B4D2B68C01A5228F8D902F000FF46
:102360002860082003F026F980B206F0D3FF354D2F
:10237000061C3549286806F0B5FC3449071C301C9A
:1023800006F0B0FC011C381C06F046F92860011C60
:10239000301C06F0C1FD002380222D4DD2006719AC
:1023A00038602C4F05933B5104349442CFD1002424
:1023B0008022294E0123290030005200029401940A
:1023C000009401F049F980233A00290030005B00B5
:1023D000009401F021FD80233A00290030005B00C9
:1023E00001F01BF92F00002C07D1059B2B60013455
:1023F0000437802CF7D107B0F0BD184B185D06F0FC
:1024000089FF174906F06EFC011C386806F084FD50
:102410000021061C06F0ACF8002800D10026114A65
:102420006300D05A3E600028E1D006F073FF011C23
:10243000301C06F08DFA0C4906F054FC3860D6E7E3
:10244000F001002004000020A4707D3F0AD7233C47
:10245000E0060020E0020020D0010020B8B6000015
:102460009A991940B8B5000000002A43F7B502F068
:1024700071FE012406000025012D23D802F06AFE1A
:102480000700831B772BF7D90F48104E01AA002CA9
:102490000CD000232D211380937002F045F93000F9
:1024A000FFF7A5FE01233E005C40E5E7FF232D2159
:1024B0001380947002F038F901353000FFF797FE71
:1024C000EDB2EFE7F7BDC0463C020020140D00203E
:1024D000F7B502F03FFE012406000025012D23D8A8
:1024E00002F038FE0700831B772BF7D90F48104EF8
:1024F00001AA002C0CD000232D211380937002F030
:1025000013F93000FFF773FE01233E005C40E5E75E
:10251000084B2D211380947002F006F9013530002C
:10252000FFF765FEEDB2EFE7F7BDC0463C020020C5
:10253000140D00200080FFFF074B10B51A78002A09
:1025400004D101321A70FFF791FF10BD00221A70FA
:10255000FFF7BEFFF9E7C046C302002010B5FFF742
:102560006DFEFFF749FE044C05212078013005F08F
:1025700095FF217010BDC0464E000020F8B5234BDA
:10258000187803F0E3F8C5B202F0E4FD204E040031
:102590003278204BAA4202D018603570F8BD1B6813
:1025A000C31A322BF9D91C4F3B78AB4226D01B4BB8
:1025B0003D70002D10D101221A70194B1860184B74
:1025C0001868FA23241A9B009C42E6D30022134B7E
:1025D0001A70FFF7B1FFE0E71A78002ADDD0002279
:1025E0001A70FA220E4B92001B68C31A9342D4D27F
:1025F0000C4B1B78002BD0D1FFF7B0FF3B78002BA2
:10260000CBD1064B1B78002BC7D0D8E708000020A1
:102610004D000020340200200900002000020020AC
:10262000FC010020C3020020F0B585B002F092FD4D
:10263000FA213E4A89001368C31A8B4251D33C4F9A
:102640003C4B3E681C681060002E52DD200006F0F6
:1026500061FE051C300006F05DFE011C281C06F022
:1026600077F9354906F03EFB3449051C05F080FF3B
:10267000002838D0324E3349306806F033FB3249F7
:10268000051C05F075FF002800D02F4D356007238D
:10269000E01703401B19DB1002930F2318400019A9
:1026A000031103930023294E294C01933368029AA6
:1026B00093422BDD2749206806F014FB2249051CB4
:1026C00005F056FF002800D01F4D25600023019A19
:1026D00008C6013201920434082AE7D1154A3B604A
:1026E000136005B0F0BD1849281C05F02DFF002827
:1026F000CDD0134E1849306806F0F4FA1749051C7E
:1027000005F022FF0028C1D0144DBFE7039A934281
:10271000DCDA1349206806F0E5FA1049051C05F0DB
:1027200013FF0028D1D00D4DCFE7C046380200205E
:10273000DC020020F40100200000C8420000A0419B
:1027400068000020CDCC8C3F000020410402002016
:102750002C0000206666863F6666663FCDCCCC3D89
:102760003333733FF7B52D21002002F0A5FC104A4A
:10277000C3B214780322C0B250430E4962434018DA
:102780000D490E4D0978AC185918C9B2019101993B
:102790008B420BD02C2B09D86778A678515D01337A
:1027A000017047708670DBB20330F0E7F7BDC046BA
:1027B000010200203C020020640000200A000020EA
:1027C000F7B5104B104A197803254800835C12189E
:1027D0005278694394460D4C66189C4510D32800E6
:1027E000727858430092B2780F5D0192084A013323
:1027F000875412180098DBB2507001989070ECE783
:10280000F7BDC04601020020540000200A0000204D
:102810003C020020F7B5124B124A197803254800F4
:10282000835C12185278104C9446247869431B1923
:102830000E4CDBB266189C4510D3280072785843C2
:102840000092B2780F5D0192094A01338754121841
:102850000098DBB2507001989070ECE7F7BDC0466D
:1028600001020020540000206C0000200A0000201B
:102870003C0200200023F0B589B006AA6F4893807F
:1028800093712D2107AA01F04FFF6D48FFF7AFFCB0
:10289000FFF774FEFFF758FD6A4B00271E006A4DD4
:1028A000019302972B786C7805937F2C00DD7F24B1
:1028B000059BA34247DA039300230493039BA3429F
:1028C0000ADC624A9B00D158049805F0A5FE039BE0
:1028D000049001330393F1E7059BE01A013006F001
:1028E00019FD011C049806F033F8041CA87806F0C2
:1028F00011FD011C201C06F02BF8554A55491368A0
:10290000041C01331360544B186806F0EBF9534B69
:10291000BA00D15806F0E6F9011C201C05F032FE81
:10292000002810D04E4B4F4A19784F4B1F70136838
:1029300001331360336801333360002927D1FFF777
:1029400011FF01230293013703350436082FA9D163
:10295000434B1B78012B5AD10025444E33787478B1
:1029600004937F2C00DD7F24049BA34248DA0027D8
:102970000393039BA3420DDC344A9B00D158381CBF
:1029800005F04AFE039B071C01330393F1E7FFF7B1
:1029900017FFD6E7049BE01A013006F0BBFC011CD0
:1029A000381C05F0D5FF041CB07806F0B3FC011C00
:1029B000201C05F0CDFF264A2D491368041C013365
:1029C0001360254B186806F08DF9244BAA00D158E6
:1029D00006F088F9011C201C05F0D4FD00280FD05A
:1029E000204A214B1D70136801331360019B019A2B
:1029F0001B68029301331360FFF70CFF012302935E
:102A0000019B0135043303360193082DA6D10C48F0
:102A1000FFF7EDFB029B0948002B0DD0154B1A78F0
:102A20002D2101F0D2FCFFF7FFFD0D4B1B78012B90
:102A300000D82DE709B0F0BD0F4BF0E73C020020B5
:102A4000140D00200402002088B50000E0060020DC
:102A5000DC02002000004842680000202C0000201A
:102A60004E000020F401002001020020A0B500006B
:102A700000008242280000202900002070B50500D7
:102A80000C001000002D07D0290005F007FD0029DB
:102A900002D1002D08DD01340020002C03DB2000D2
:102AA000FF2C00DDFF2070BD013CF5E7F0B587B0DD
:102AB00002F056FB384B394A197803234B43D1189F
:102AC0009A5C374B4C781B688F780090D61A9A42E4
:102AD00005D0FF203100800005F0FAFB0600314BE5
:102AE0001B68E51A9C4205D0FF202900800005F0F4
:102AF000EFFB05002C4B1B68FA1A01929F4205D090
:102B0000FF201100800005F0E3FB0190274A009BA5
:102B100011685B1A264909688B4238D3009B254F00
:102B2000254C13603B6821681A0030000093FFF7C2
:102B3000A5FF224E009A3168029020602800FFF71E
:102B40009DFF1F4D009A2968039030600198FFF7A0
:102B500095FF029B05AA1370039B907053702D2163
:102B60002860184801F0E0FD1748FFF740FBFF22FE
:102B70003B68920001333B60934208DB2268084BBC
:102B80001A603268074B1A602A68074B1A60FFF711
:102B9000F5FC07B0F0BDC046010200200A0000208D
:102BA000CC020020C8020020C4020020D002002075
:102BB000240000202C020020D80200203002002037
:102BC000F80100203C020020140D002073B50026FF
:102BD0006B462D219E809E71114801AA01F0A4FD33
:102BE0001048FFF704FB104C104D26702E60FF2696
:102BF000B6000F4B1B78022B11D1FFF757FF2B6844
:102C0000B34207DB002223782A600133DBB2072BB3
:102C100003D82370FFF7B2FCEBE72270FAE773BD2D
:102C20003C020020140D0020010200202C02002094
:102C30004E000020F7B500276B461C4D9F809F710A
:102C40002D21280001AA01F06FFD194E3000FFF779
:102C5000CEFA184C27700C37174B1B78032B24D156
:102C600002F078FA154A164913680968C31A8B42AC
:102C700018D310602078381A06F04CFB114906F082
:102C800031F805F0B1FC0523C2B22D21280001F076
:102C90005EFD3000FFF7ABFA20780C21013005F023
:102CA000FDFB2170FFF76AFCD6E7F7BD3C02002070
:102CB000140D00202B0200204E000020D402002022
:102CC000500000200000AA41F0B5354F85B03B7898
:102CD00003900291002B06D000230721314A3B705C
:102CE0001370314A117002F035FA304A30491368D6
:102CF0000968C31A8B4251D32A4B1B780093072BC8
:102D00004CD80325284B10601B780193019A294B5E
:102D10005200D45C009A5200D65C274B7543ED18E4
:102D2000009B244A5B00D3185B78B34215D203257D
:102D30006543214BED18019B5E00961901363378EF
:102D4000A34215D32C2C13D828000322013402A946
:102D500008F090FAE4B20335F1E72C2EE7D828000A
:102D60000322013603A908F085FAF6B20335D7E746
:102D70001248FFF73CFA80222D210F4801F025FB75
:102D8000084B084A1B7808490133DBB213700A78F4
:102D9000013A0A70072B01D901233B7005B0F0BD41
:102DA0006D000020290200202A020020D402002009
:102DB00050000020540000203C020020140D002090
:102DC000F7B5002601AC22002D2126482680A670EA
:102DD00001F0AAFC2448FFF70AFA01238227234DB9
:102DE0002E70234E3370234B1B78042B39D1287857
:102DF00003280FD805F0CEF90219252DFF236946C7
:102E0000238000231C4AA3700A808B7000992068DD
:102E1000FFF75AFF3378002B04D003222B780133BD
:102E200013402B70FFF7AAFBDDE76A46134B1380B4
:102E300000239370012252422280A37021680098DF
:102E4000E6E76A460E4B1380002393702380FF331E
:102E5000F3E76B464B229F701A80942323803F3305
:102E6000EBE7F7BD3C020020140D002028020020F3
:102E70006D0000204E000020FF450000FF8CFFFF8A
:102E80000080FFFF10B5FFF779FB0A4B1878042884
:102E900006D805F07FF9030306090C00FFF7EAFCEA
:102EA00010BDFFF793FEFBE7FFF7C4FEF8E7FFF75F
:102EB00087FFF5E74E000020F0B585B002910A9932
:102EC00003938B68019001338B60CB680133CB6037
:102ED0000B6901330B6100269446039B35003400D7
:102EE0003000019A029F664674784D782D062406BC
:102EF00001D16D40C046641900D3E44300D32406D9
:102F0000CE68240E74434D780E79751B4D702004E5
:102F1000624600969446009E019A029F9760C046C2
:102F2000C0460326013EFDD1400000D25760C04696
:102F3000C046C0460826013EFDD15760C046C04687
:102F40000526013EFDD19760C046C0460326013EDE
:102F5000FDD1400000D25760C04666463478C04676
:102F6000C0460726013EFDD15760C046C046052633
:102F7000013EFDD19760C046C0460326013EFDD10B
:102F8000400000D25760C0460D782D06240601D1BE
:102F90006D40C046C0460626013EFDD15760C04682
:102FA000C0460526013EFDD19760C046C0460326B7
:102FB000013EFDD1400000D25760C046641900D3E5
:102FC000E44300D324060726013EFDD15760C046E6
:102FD000C0460526013EFDD19760C046C046032687
:102FE000013EFDD1400000D25760C0468E68240EDD
:102FF0007443C0460726013EFDD15760C046C04617
:103000000526013EFDD19760C046C0460326013E1D
:10301000FDD1400000D25760C0460D78CE78751BB8
:103020000D70C0460626013EFDD15760C046C04621
:103030000526013EFDD19760C046C0460326013EED
:10304000FDD1400000D25760C046C046C0460826A9
:10305000013EFDD15760C046C0460526013EFDD168
:103060009760C046C0460326013EFDD1400000D215
:103070005760C0462004C0460826013EFDD1576077
:10308000C046C0460526013EFDD19760C046C046F9
:103090000326013EFDD1400000D25760C046C04625
:1030A000C0460826013EFDD15760C046C0460526F1
:1030B000013EFDD19760C046C0460326013EFDD1CA
:1030C000400000D25760C0466646B478C046C0464D
:1030D0000726013EFDD15760C046C0460526013E89
:1030E000FDD19760C046C0460326013EFDD1400099
:1030F00000D25760C0468D782D06240601D16D4060
:10310000C046C0460626013EFDD15760C046C046B7
:103110000526013EFDD19760C046C0460326013E0C
:10312000FDD1400000D25760C046641900D3E4438B
:1031300000D324060726013EFDD15760C046C04695
:103140000526013EFDD19760C046C0460326013EDC
:10315000FDD1400000D25760C0460E69240E744372
:10316000C0460726013EFDD15760C046C046052631
:10317000013EFDD19760C046C0460326013EFDD109
:10318000400000D25760C0468D784E79751B8D7017
:10319000C0460626013EFDD15760C046C046052602
:1031A000013EFDD19760C046C0460326013EFDD1D9
:1031B000400000D25760C0468E79B444C046C04635
:1031C0000726013EFDD15760C046C0460526013E98
:1031D000FDD19760C046C0460326013EFDD14000A8
:1031E00000D25760C0462004C0460826013EFDD1EB
:1031F0005760C046C0460526013EFDD19760C046D7
:10320000C0460326013EFDD1400000D25760C046B3
:10321000C046C0460826013EFDD15760C046C046A4
:103220000526013EFDD19760C046C0460326013EFB
:10323000FDD1400000D25760C04666467478C04653
:10324000C0460726013EFDD15760C046C046052650
:10325000013EFDD19760C046C0460326013EFDD128
:10326000400000D25760C0464D782D06240601D19B
:103270006D40C046C0460626013EFDD15760C0469F
:10328000C0460526013EFDD19760C046C0460326D4
:10329000013EFDD1400000D25760C046641900D302
:1032A000E44300D324060726013EFDD15760C04603
:1032B000C0460526013EFDD19760C046C0460326A4
:1032C000013EFDD1400000D25760C046CE68240EBA
:1032D0007443C0460726013EFDD15760C046C04634
:1032E0000526013EFDD19760C046C0460326013E3B
:1032F000FDD1400000D25760C0464D780E79751B55
:103300004D70C0460626013EFDD15760C046C046FE
:103310000526013EFDD19760C046C0460326013E0A
:10332000FDD1400000D25760C046C046C0460826C6
:10333000013EFDD15760C046C0460526013EFDD185
:103340009760C046C0460326013EFDD1400000D232
:103350005760C0462004C0460826013EFDD1576094
:10336000C046C046C0460326013EFDD10D4F009623
:103370006246BE6862B6013B72B6BF68BC46BE42DA
:1033800001D2094FF6196746F61B87273F01BE4257
:1033900005D8002B00D0BDE5039805B0F0BD002096
:1033A000FBE7C04610E000E080BB000000B54368CA
:1033B000020089B00120002B12D0107E03A90590D5
:1033C000507E0690907E0790D0680390108A888087
:1033D000907C88710091126810210248FFF76CFD03
:1033E00009B000BD10000060F0B505000C008BB006
:1033F00001F0B6FEAB8CC31A9BB2312BF8D972B672
:10340000236808AE0293A36927000893A38BE268A0
:10341000B380A37F02A9B3711223E3560592228AD7
:103420008B7463680A8203930493636908001837F6
:103430000793FFF7BBFF00281ED162B6C8239B008D
:10344000013BFDD172B62368E2680293A36902A929
:103450000893BB880800B380BB79B3711223E3568D
:103460000592228A8B7463680A82039304936369CA
:1034700001930793FFF79AFF62B601F071FEA884EB
:103480000BB0F0BD0721F8B51B4A060013780133D5
:103490000B401C00137001221440134200D0802402
:1034A0009A0701D5402214430422134201D020235D
:1034B0001C43350080271034E4B20C350F367F00F2
:1034C000297B002904D0380004F002FF0130C1B28A
:1034D0004B1C63431B12E970DAB2002B08D12B702E
:1034E000002901D00139E9700135AE42E8D1F8BDBB
:1034F000013A2A70F4E7C046A0010020F0B50400AC
:1035000015000E008DB01A000100684600F0E5FEBF
:1035100007226946A77C02A807F0ACFE072202A991
:103520000AA804960595069507F0A4FE012F0FD171
:1035300004A8FFF7A7FF6A46222100235218137040
:103540000993236820001B6B04A998470DB0F0BDB8
:1035500000236A4607931384EDE7F0B517000500D2
:103560008FB01A000191010002A800F0B6FEFB170F
:10357000FE185E40AB7C072202A904A8009307F066
:1035800079FE019B072204A90CA8069307960896CA
:1035900007F070FE009B06AC012B11D12000FFF755
:1035A00071FF0323A374002363619F4201DAFD339B
:1035B000A3742B68210028001B6B98470FB0F0BD47
:1035C000002309932382ECE70022802313B5084CE3
:1035D0000192084A5B0000922000074A074900F068
:1035E000E3FA2000064A074903F04AFA13BDC04631
:1035F000D001002000803B46E0020020E0060020D1
:10360000000000200936000010B504008068002882
:1036100001D001F027FE200010BDF7B50D000024F9
:103620005B0801339B00019200932959019B081C00
:103630001F5905F057FB391C061C381C05F052FBBE
:10364000011C301C04F0E8FF03F06AFB009B2851CA
:103650000434A342E9D1F7BDF0B58DB0049314ABA7
:103660001B7814000A9353080593139B0091002BB9
:1036700029D0049B0A2B26D10025059B013CA400E0
:103680000C199E00AE4200D183E2009B5859139B57
:103690005959129B002B0CD105F024FB009B58516B
:1036A000139B2068595905F01DFB20600435043C2C
:1036B000E8E705F04DF9009B5851139B20685959D4
:1036C00005F046F9F1E7200005F06AFEFE218905C4
:1036D00005F022FC0A9B0390002B04D0049B9A0067
:1036E000E74BD3580B93009B013CA4001B1901939B
:1036F00000230293029B059A934200D149E21800ED
:1037000005F04EFE0399041C05F022F9049A031CEF
:10371000501E082800D92EE204F046FD09001D00C5
:103720005B008F00D7000901490189011402181CB0
:1037300007F064FCD34AD44B06F0DEFD03F0A8F991
:10374000D24AD34B06F0D8FD02000B00D148D24933
:1037500007F03EF812E0181C07F050FCC94ACA4BAB
:1037600006F0CAFD03F094F902000B000020CB49DB
:1037700007F02EF8C74AC84B06F0BEFD07F086FCDE
:10378000041C0A9B002B04D0201C0B9905F0AAFAFC
:10379000041C029B9D00139B002B00D05C51009BDE
:1037A0005859129B002B00D0E8E1011C201C05F0A9
:1037B00099FA009B211C5851019B186805F092FA58
:1037C000019B1860029B01330293019B043B019310
:1037D00090E7039807F012FC0600201C0F0007F08A
:1037E0000DFC002204000D00AD4B3000390006F046
:1037F00083FD02000B002000290006F0E9FF0022F3
:10380000002304000D00069104F078FE002805D185
:10381000802212069446069B63441D0022002B0062
:103820002000290005F0F8FD32003B0006F05EF9AB
:1038300002000B00002099498AE7181C07F0DEFB04
:10384000904A914B04000D0006F056FD03F020F95C
:10385000944A954B06000F002000290006F04CFD0D
:1038600003F016F9914A06900791914B2000290028
:1038700006F042FD03F00CF98E4A089009918E4B38
:103880003000390006F038FD02000B008B488C49EF
:1038900006F09EFF8B4A04000D00069807998A4B9C
:1038A00006F02AFD02000B002000290005F0B4FDFF
:1038B00004000D00854A864B0898099906F01CFD06
:1038C00002000B002000290042E7181C07F096FBBD
:1038D0006C4A6D4B04000D0006F00EFD03F0D8F8A5
:1038E000704A714B06000F002000290006F004FD0D
:1038F00003F0CEF8774A06900791774B30003900F5
:1039000006F0FAFC02000B007448754906F060FFEF
:1039100004000D00734A744B0698079906F0ECFCFE
:1039200002000B002000290005F076FD26E7181C98
:1039300007F064FB534A544B04000D0006F0DCFC16
:1039400003F0A6F8574A584B06000F002000290044
:1039500006F0D2FC03F09CF8544A06900791544BB1
:103960002000290006F0C8FC03F092F85F4A089096
:1039700009915F4B3000390006F0BEFC02000B00DD
:103980005C485D4906F024FF5C4A04000D0006987F
:1039900007995B4B06F0B0FC02000B0020002900E9
:1039A00005F03AFD574A04000D00574B84E7181CF8
:1039B00007F024FB334A344B04000D0006F09CFC56
:1039C00003F066F8374A384B06000F002000290044
:1039D00006F092FC03F05CF8344A06900791344BF1
:1039E0002000290006F088FC03F052F8474A0890AE
:1039F0000991474B3000390006F07EFC02000B00B5
:103A00004448454906F0E4FE444A04000D00069887
:103A10000799434B06F070FC02000B0020002900C0
:103A200005F0FAFC3F4A04000D003F4B44E7181C28
:103A300007F0E4FA134A144B04000D0006F05CFC96
:103A400003F026F8174A184B06000F002000290043
:103A500006F052FC03F01CF8344A06900791344BF0
:103A60003000390006F048FC02000B0031483249B2
:103A700006F0AEFE314A04000D00314B4CE7C04663
:103A800038B7000068A17454FB211940713D0AD772
:103A9000A370DD3F48E17A14AE47E13F0000F03FFC
:103AA0000000E03F2CBB1E54FB2129400E79577FBC
:103AB0007CD93240B9E00CFE7E31DF3F2AA73D259C
:103AC000E7C4D63FABB184B53176C23FDEE8633E92
:103AD00020D0893FB9FC87F4DBD7DF3FBCE82B4817
:103AE0003316DB3F2B6A300DC347B43F3B191C250F
:103AF000AF4EDF3F04B97A04ED44D73FA13193A81C
:103B0000177CC13F189EF24300CB853F8EAF3DB37B
:103B10002440DF3FF6285C8FC2F5D63FBD18CA8926
:103B20007615C23FB2632310AFEB873FBD7ED29ABA
:103B300030ABE03F8984A570F3FCD13F52CCE61650
:103B40005F59C93F039807F059FA0022124B06F05B
:103B5000D3FB06000F00201C07F050FA32003B0098
:103B600006F036FE32003B0005F0C0FF02000B00FD
:103B700006F0C2FB5CE6FE24A40502E6211C04F06C
:103B8000E7FE009B211C5851019B186804F0E0FEE1
:103B900016E60DB0F0BDC0460000E03F0020490829
:103BA00001D00130FBE7704770B51D0004AB40CB7E
:103BB000040018780023E56023806360A360266119
:103BC0006261A161984207D0084B9D420BD86808FA
:103BD000800001F03FFBA06029002000FFF7DEFF1E
:103BE0006060200070BD01204042F2E7FDFFFF3F12
:103BF0000B6810680860136070470000F0B500257E
:103C0000060017002C0091B007935B080191029306
:103C1000079B013BAB421ED9AC4213D9A3000393CF
:103C2000019BA200A9009A1859183000FFF7E0FF85
:103C3000179B012B06D1A300FA18AB003000F9182E
:103C4000FFF7D6FF029B9C4202D3E41A5B08FAE717
:103C5000E4180135DCE700230993013305930023C1
:103C600004936B4B0893099B169A934200D1B3E0DF
:103C7000059B00255B000D93059B9B000B93059B0B
:103C8000DB000E93FE239B05069300230393039B07
:103C9000059A934272D09C000B9B0293039B0A935C
:103CA0000A9B079A934246D2029A019B06999B5817
:103CB000BE580C930C9805F015F8291C0F90301C79
:103CC00005F010F8011C0F9805F026F906990F90E1
:103CD000301C05F007F8291C061C0C9805F002F8AA
:103CE000011C301C04F098FC019B0F99061C18590C
:103CF00005F012F9029A019B311C9850385905F0D1
:103D00000BF9029B0F99F850019B185904F084FCA1
:103D1000019B311C1851385904F07EFC38510A9B24
:103D20000D9A94460E9A634494460A93029BA418F3
:103D300063440293B4E70699089804F0D3FF291C62
:103D4000041C049804F0CEFF011C201C05F0E4F8CC
:103D5000291C041C089804F0C5FF0699051C04984A
:103D600004F0C0FF291C04F057FC039B051C013321
:103D700003930B9B069404330B9388E7FC2108986C
:103D8000890504F0AFFF07F039F902000B000400C9
:103D90000D0000201F4906F01BFD02F05DFF07F03B
:103DA00075F91C4B002204902900200005F034FB1B
:103DB00002F052FF07F06AF9179B0890002B05D11B
:103DC000802212069446049B63440493099B0133AA
:103DD00009930D9B059346E7179B012B16D10024F1
:103DE000079B9E00B44211D0079805F0D9FA019BB9
:103DF000011C051C185904F0ABFD019B291C18512E
:103E0000385904F0A5FD38510434EBE711B0F0BD8A
:103E1000000080BF0000E03FF7B50E0019001D0054
:103E200017000400FFF7BAFE089B3A003100019327
:103E300000902B002000FFF7E1FEF7BD0020704747
:103E4000F8B505000E0017000024BC4208D02B680E
:103E50002800315D1B689847002801D00134F4E741
:103E60002000F8BD70470300FC33196ADA699142FB
:103E700003D01B6AC018007E704701204042FBE758
:103E80000300FC33D8691B6AC01A01D50130FF302A
:103E900070470000F7B50193FA238027002504003E
:103EA0009B008360114B7F0008330E0045602900A2
:103EB000009203603A00183007F0E5F92300200073
:103EC000FC332130DD613A001D622900FF3007F02C
:103ED000DAF987239B00E3185D609D60009B20005A
:103EE0002375019B2661A5756375FEBD64B700004F
:103EF0000200FC32536810B501339468DBB29C4277
:103F000002D054680155536010BD10B50300827D86
:103F1000002082420ED0872292009C186268A4681A
:103F20000132D2B2A24205D02133FF331800FFF78D
:103F3000DFFF012010BD0300FC3399685A689142ED
:103F400006D09A68805C9A680132D2B29A60704753
:103F500001204042FBE710B51830FFF7ECFF10BD21
:103F600070B50400006900F09CFD002814D02069A1
:103F700000F0A5FD002810D0206900F063FD0321AA
:103F8000206900F069FD8C239B00E558002D39D194
:103F90000023FC34E361236270BD206900F099FDC9
:103FA000002809D0206900F08FFD002804D0206986
:103FB00000F094FD0028DFD0206900F08AFD002881
:103FC00026D1206900F076FD0028E5D0206900F0B8
:103FD00085FD002837D087239B00E218536892683C
:103FE0009B1A01D50133FF33FF21002B05D02000A0
:103FF0002130FF30FFF79FFFC1B2206900F042FD82
:10400000A075C9E7236820001B699847A847BFE748
:10401000206900F017FD2069032100F01DFD2069D3
:1040200000F05CFD0028B7D0872300229B00E31836
:104030005A609A600123A3758B239B00E358934237
:10404000AAD09847A8E72200FC32D369126A01334C
:10405000DBB22069934206D100F0EBFC032120691A
:1040600000F0FAFC98E700F03EFD01002000183057
:10407000FFF73EFF206900F0E5FCEFE710B50248CE
:10408000FFF76EFF10BDC046E00A002010B5022306
:10409000002202490248FFF7FDFE10BDD0110020AA
:1040A000E00A002010B500F0EBF900F0FFFA10BDB7
:1040B000FF2301220370002352424380C3608260C9
:1040C00043607047F7B5040015001E00170001910A
:1040D000002B01DC16000027236820001B6998478D
:1040E00003217943019B2000591823686160DB6A32
:1040F00066619847011E08D0084804F0E9F8084EA8
:104100007368834200D20300736000F0B9F9EA1BC0
:10411000210000F0E8FA2000FEBDC04640420F003A
:10412000140D0020F8B50E4C050023685A1C2260BF
:104130008B4214DB01F00EF80700FA20094E2368C9
:10414000326880005843B91A974200D1012104F027
:1041500035F800236880236000F0FCFF3060F8BD74
:10416000300E0020340E0020F7B50400009100F05E
:1041700087F900F061FA6368324D002B06D000F039
:10418000EFFF2B68C01A63689842F4D300F0E8FF91
:10419000E3682860002B03D0A1680098984700903E
:1041A000294F2A4E3D68002D1AD0294BB34217D013
:1041B000EB7C002B12D02B6828005A6ADB69019235
:1041C0009847019B01002800984730606388632B63
:1041D00001D80023AB74AD680436E4E73360F5E73B
:1041E00040263D68002D0DD0EB7C002B06D02B68BF
:1041F00028005F686A69009B6968B847013EAD683E
:10420000002EEFD10026104B1D68002D0ED0402E41
:104210000CD0EB7C002B06D02A680C49B300280098
:10422000926AC9589047AD680136EEE7192120001F
:10423000FFF778FFFFF736FF00F022F900F019FAD8
:10424000F7BDC046240E0020280E0020240D0020BB
:10425000240E002010B50248FFF72AFF10BDC0460B
:10426000140D002001207047704700000C4B012204
:10427000083303600023436083604361094B52426B
:10428000C2608361084A094B02611A68002A00D1A2
:104290001860074B1A68002A00D0906018607047B9
:1042A00088B7000070170300FFFF0101280E0020EF
:1042B0002C0E0020030040680A0010B500280BD027
:1042C0005B69002900DA1A009A4200DD1A00032116
:1042D0004A43002106F0D7FF10BDF0B50D000F00D6
:1042E00087B001920C370F3506002A00390001987B
:1042F00000F02AF8020405AB120E18705A70000282
:1043000004AC1B88000E2100A07003223000238023
:1043100006F0B0FF2A003900FF2000F015F8030472
:104320001B0E207063702388000202AA000EA0708A
:1043300003A9938090710322F01C06F09BFF3000CC
:10434000019BB37107B0F0BD37B500236C462380E5
:10435000A37098420FD0CC5C002C09D0D55C002D06
:1043600006D0013501346C436D464443240CEC54B3
:104370000133032BEFD16B461A8899781000FF2385
:10438000120A184012020B401B04104318433EBD92
:10439000037801314B431B12037043784B431B12CC
:1043A00043708378594309128170704770B50325B3
:1043B000160004004D434519AC4205D020003100E1
:1043C000FFF7E6FF0334F7E770BDD24310B5D2B272
:1043D000FFF7ECFF10BD70B5051E09D0C40020002A
:1043E00006F034FF051E03D02200002106F04BFF2B
:1043F000280070BDF7B5002704000D00019207608A
:1044000041608160B9420BD00800FFF7E4FF2060F3
:10441000FA00019B8218013742CB42C2BD42F7D15C
:104420002000FEBDF7B5104F01263B680F4D1C0064
:104430003440334215D1802221000D482C7006F003
:1044400022FF2B0008336A4621000A48DC670094EB
:104450000194FFF7CFFF2800074A08493E6002F0A9
:104460000FFB2800FEBDC046380E00203C0E002089
:10447000400E0020C40E002000000020E344000095
:1044800010B5FFF7CFFF10BD0322031DDB6F024005
:104490009200DB009B18C0187047037810B5002B02
:1044A00005D0883083680068DA00801810BD0430B9
:1044B000FFF7EAFFFAE70430C36F002B02D0013B9D
:1044C000C367F9E770470300883310B50400186824
:1044D000002801D006F0C4FE201DFFF7ECFF2000ED
:1044E00010BD10B50400FFF7EEFF200010BD30B581
:1044F000041DE26F0F2A09D803230340D5009B0057
:104500005B19C018013228C928C0E26730BD426873
:10451000F8B505000C008A421BD2032353435B0805
:10452000994200D21C002000FFF755FF0022060030
:10453000AB682868934206D9D300F118C31881CB21
:1045400081C10132F4E7002801D006F089FE2E6017
:104550006C60F8BD436810B58B4201D2FFF7D7FFFE
:1045600010BD70B5040083680D00591CFFF7CFFF24
:10457000A26863689A4206D22168D300CB18013240
:1045800003CD03C3A26070BDF0B50025040087B061
:10459000061D8022019105702900300006F073FE8F
:1045A0002700230088370833DD672900380004AA74
:1045B00004950595FFF71EFF019B1B780293AB4204
:1045C0001DD0019988318F4214D00E688968380057
:1045D000C90073180193230090331D60C910FFF7C1
:1045E000B9FF019BB34205D031003800FFF7B9FF96
:1045F0000836F6E701232000237007B0F0BD019BC9
:104600001D1DAE4216D00833DB6F30000393FFF759
:1046100052FF03210D40019B0135AD00029F5D1942
:10462000039BBB4206D029003000FFF760FF013733
:104630000835F5E70023DEE730B5A7B0010068468E
:10464000FFF7A2FF6B461B7801AC002B00D0229C29
:104650006846FFF722FF0500A54205D02068083410
:1046600003689B689847F7E76846FFF72CFF27B079
:1046700030BD30B5A7B001006846FFF785FF6B4637
:104680001B7801AC002B00D0229C6846FFF705FF89
:104690000500A54205D0206808340368DB68984708
:1046A000F7E76846FFF70FFF27B030BD30B5A7B07A
:1046B00001006846FFF768FF6B461B7801AC002BD2
:1046C00000D0229C6846FFF7E8FE0500A54205D011
:1046D0002068083403681B699847F7E76846FFF7C6
:1046E000F2FE27B030BDF0B5A7B00D00010068465E
:1046F0001600FFF749FF6B461B7801AC002B00D07A
:10470000229C6846FFF7C9FE0700A74207D0206831
:104710003200036829005B6998470834F5E768466A
:10472000FFF7D1FE27B0F0BDF7B50E00150000244D
:1047300003270190B44209DA38006043019B032249
:104740002900181806F096FD0134F3E7F7BDF0B51F
:1047500085B00193FF230E000025032703ACA3704F
:104760000F3B009022706370B5420CDA3900694348
:10477000009B2000591800F008F82378019A0135B1
:10478000D3182370F0E705B0F0BDF0B50778447892
:10479000FE00F3B29C4656236246857853432020A0
:1047A000402238403A407FB21B0A002F55DB002AD6
:1047B00041D1002804D1DE43F6B21A00330004E0F0
:1047C0005533DBB210001A00AB23FF2C19D0002C9C
:1047D00067D0E443E4B2644324120134E4B2E64314
:1047E000F6B2013673431B12DFB272431212D2B219
:1047F00046433612F0B23F1912190019FBB2D2B279
:10480000C0B21600FF2D12D02C006C436E1EB541B5
:1048100024122D19EEB2002E47D0741C63431B12D4
:10482000DBB262431212D6B260430012C0B24E70C5
:104830000B708870F0BD00280AD16246AB26564343
:10484000552236125242961B563BF6B2DAB2B5E703
:104850000026DA431800D2B2B0E7002A0FD10028B0
:104860000AD1AB2663465E43553A360A921B55364B
:104870000300D2B2F0B2A8E7D843C0B2A5E71E0049
:10488000002807D15536F6B255225242D31A0200FB
:10489000D8B293E7563E0022F6B25520C01AC0B2F5
:1048A0008CE7FF2002000300ABE730003300BEE7D7
:1048B00010B5034800F0FCFAFFF7E0FB10BDC0465E
:1048C000D40E002013B50D4C0D49200000F028F83F
:1048D0000C490D4800F024F80C490D4800F020F870
:1048E0000C490D4800F01CF8002301222100009221
:1048F00001939218094800F071FA13BDD0110020FD
:1049000000080042000C0042D411002000100042B8
:10491000D811002000140042DC110020D40E002029
:10492000016070479446F0B505AC25789C1E621E68
:104930009441624606689207376824063A43224348
:104940000724326000682140AD01002442682943F9
:10495000022B00D05C030A4322434260F0BD30B515
:10496000C0250368AD031C6812052A402243C024F9
:104970000904A40221400A431A6003685A681443D8
:104980005C6030BD0123026811680B43136003684B
:104990001A68D207FCD4DA69D207F9D47047022327
:1049A000026811680B4313600268D3699B07FCD44B
:1049B000704703681A7ED20702D41A7E9207FCD58C
:1049C0007047002203685A8370470368187E4007C7
:1049D000C00F70470368187EC009704780230268C3
:1049E0005B42117E0B43137670470368588B800738
:1049F000C00F704702230268518B0B4353837047EB
:104A00000368187EC007C00F70470368188DC0B2D6
:104A1000704703681A7ED207FCD589B20120198538
:104A20007047012203689A757047012203681A755E
:104A3000704780230268DB02116851680B435360A2
:104A400070470000036803491A685A680A405A60B0
:104A50007047C046FFFFFBFF032230B503681140DB
:104A60001C68074D5A6809042A40E4061143640F84
:104A70005960052C03D10268D3695B07FCD430BDB3
:104A8000FFFFFCFF0368283319700268137E5B0781
:104A9000D80F002B04DA0123508B4007C00F584079
:104AA000704703681868C006400F043843425841F5
:104AB000C0B270470368187E4007C00F7047036894
:104AC000187EC007C00F70470368588BC006C00F20
:104AD00070470368187E8007C00F70470368588BC3
:104AE0000007C00F704703681A68D206520F052AE4
:104AF00002D11A7E9207FCD528331878C0B27047CD
:104B000003680B4A93420DD00A4A93420CD00A4ADA
:104B100093420BD00120094A4042934201D1043014
:104B200040B270470020FBE70120F9E70220F7E7D9
:104B300000080042000C0042001000420014004235
:104B4000F8B5FFF7DDFF00282CDB1D4BC00018185F
:104B500005230479C3560320FF221840C000824079
:104B6000C021D2438140002B1DDB1F2501201D40A9
:104B7000C026A840134D7600A851C0269B089B0074
:104B80005B19B6009F593A401143995128603F2361
:104B900023408024E4011C430B4B5C805A7852B2C2
:104BA000002AFBDBF8BD0F200340083B07489B08A9
:104BB0009B001B18D86902401143D961E7E7C04642
:104BC000B8B9000000E100E0000C004000ED00E09A
:104BD000F8B504000F0016001D00FFF7B1FF20001C
:104BE000FFF7D0FE1C21BB000B4071072268090CA7
:104BF0000B431360842322689375012F1AD110216F
:104C0000012E00D008390C4B69431868C00003F02E
:104C1000D5FA0722216802408B895203DB04DB0CA2
:104C200013438B81226803049089DB0C400B400303
:104C300018439081F8BDC0467000002001207047E5
:104C400010B50368014A1B6A984710BD13040000A1
:104C50000300FC33D96F9A6F914203D0DB6FC01809
:104C6000007D704701204042FBE710B50400006959
:104C7000FFF788FE22000023FC329367D3679E2251
:104C80009200A4186366A36610BDF0231B011940AF
:104C9000802306209B0099420AD00133FF33013064
:104CA000994205D0802300205B00994200D1053055
:104CB00070470F2001400020012903D00239481E0F
:104CC0008141481C70470000B923F0B5182785B012
:104CD00002919B000400C05C3B0008214343324E1C
:104CE0001500F318595600F049FD304B0821E05CDF
:104CF0003B004343F318595600F040FD2C4BE25C57
:104D00000393022A09D11133E05CFF2805D0082162
:104D10004743F719795600F031FDBA27BF00E05D2F
:104D2000FF2819D0012100F0B5FC1822E35D2149CC
:104D30005A43B356B618DB015818BB21890060509E
:104D40001D4901225B18BC218900635071688A40AB
:104D5000BD21890062501A600122029B1100206966
:104D6000FFF736FF29002000FFF78FFF290006001C
:104D70002000FFF79EFFF0221540303D6A4255416A
:104D800003003100206901220095FFF7CBFD0B4B9A
:104D90002069E25C039BE15CFFF7E1FD2069FFF71E
:104DA000FEFD05B0F0BDC046C0B70000E502000042
:104DB000E70200001844004114440041E6020000EC
:104DC000AF2210B504000021520006F05CFA230067
:104DD0000022FC3320005A669A6610BDF7B51D000C
:104DE00008AB1B780400009309AB1B7816000193F5
:104DF00000234360FA239B008360104B0F000833AD
:104E000003601430FFF7DCFF20007D30FF30FFF738
:104E1000D7FFB9239B002761E654094B009AE5545C
:104E2000084B2000E254019A074BE254BA22E93BB6
:104E3000FF3B9200A3541032A354FEBDD8B900002A
:104E4000E5020000E6020000E70200000300FC3378
:104E5000586E9B6EC01A01D55F30FF30704710B599
:104E6000040020007D30FF30FFF7F0FF0028F8D16C
:104E70002069FFF79EFD10BD10B51430FFF7E6FF67
:104E800010BD0300FC33596E9A6E914205DB5A6ED9
:104E9000986E801A5E30FF307047986E5B6EC01A55
:104EA0000138F9E710B57D30FF30FFF7EAFF10BD9C
:104EB00070B504000069FFF798FD002805D020694F
:104EC000FFF7A3FD2069FFF795FD2069FFF77DFD42
:104ED000002824D025002069FFF797FDAF21FC357D
:104EE0000600A86F4900013003F0EEF9EB6F99421C
:104EF00003D0AB6FE3181E75A967BA239B00E35C70
:104F0000FF2B0CD020001430FFF7BBFF092806DC74
:104F1000BB23BD229B009200E358A2581A6020696F
:104F2000FFF76EFD00281DD020007D30FF30FFF719
:104F30008DFF002825D09E239B00E618B26E736E6D
:104F40009A421BD0BE22AF21B36EB06EE31852005E
:104F5000013049009D5C03F0B7F9B1662069E9B200
:104F6000FFF757FD2069FFF735FD002805D02069C0
:104F7000FFF734FD2069FFF724FD70BD01256D4268
:104F8000ECE72069FFF751FDECE70000F7B50400FE
:104F900000690E00FFF734FD002847D1AF277F00DE
:104FA0009E239B00E518686EAB6E390001300193BB
:104FB00003F08AF9019B994224D1EFF31083DB07B8
:104FC0000ED4204B5B68DB05DA0D002BE8D0103ADD
:104FD00053B212060DD49B081B4AC0339B009B584A
:104FE0002069FFF70DFD0028DAD02000FFF760FFF1
:104FF000D6E70F221340083B144A9B089B009B18DE
:105000001B68EDE7AF21686E4900013003F05CF9E1
:10501000AB6E994205D0BE226B6E5200E3189E54CF
:1050200069662069FFF7FDFC0120FEBD20007D3090
:10503000FF30FFF70BFF0028B0D131002069FFF7E8
:10504000E8FCF1E700ED00E000E100E01CED00E02D
:1050500070B50500FC35EA6FAB6F04009A421DD0B5
:10506000AF21EB6F4900C318E86F1E7D013003F0DC
:105070002BF9E967BA239B00E35CFF2B0CD02000DF
:105080001430FFF7FEFE0A2806DDBC23BD229B007C
:105090009200E358A2581A60300070BD0126764293
:1050A000E8E710B5041E05D006F09EF9210003F0D4
:1050B000F5F90C00200010BD10B50400884203DA99
:1050C000081AFFF7EEFF2418200010BDFEE7FEE7E8
:1050D000034B10B51B68002B00D0984710BDC0468D
:1050E000E01100200F4A1048110010B50F4B82420A
:1050F00002D0934209D11300824209D100F0B6F8E0
:1051000000F082F8FEE710CB10C18142FBD3F3E739
:10511000074A8B42F2D00021064B9A42EED202C2DD
:10512000FBE7C04600000020840100200CBE000008
:1051300084010020E817002010B500F062F8002874
:1051400001D100F053F810BD014B18607047C04604
:10515000E0110020014B18687047C046E4110020A0
:10516000F7B51348012284461249134C8E686368D0
:1051700005689B0E1340019288686268019F920E39
:105180003A4067463F6893420ED1BD420CD18642F9
:105190000AD35B19FA254868AD00861B07486B43A4
:1051A0007043000DC018FEBD3D0013000600E3E78C
:1051B000E411002010E000E000ED00E05555000093
:1051C00070B5041E11D0FFF7CBFFFA260500B6001C
:1051D00000F016F8FFF7C4FF401BB042F8D3FA23E3
:1051E000013C9B00ED18002CF4D170BD10B5034AB2
:1051F00013680133136000F03FFB10BDE411002081
:10520000704700207047704710B500F0F9F805F0BE
:10521000F7FFFFF7F8FF0120FFF7D2FF094C20004E
:1052200000F088FD200000F0FDFDFDF73FF8FDF7E0
:1052300029FEFFF7E5FF044B002BF8D000E000BF8C
:10524000F5E7C046E81100200000000010B505F0A9
:10525000FDFF10BD10B505F0F9FF10BD10B505F04C
:10526000FFFF10BD10B505F0FBFF10BD1E22F0B50D
:10527000504851494368514D93431A000223134348
:10528000436008238A691343FE228B612B68D20393
:105290009B0213404A4A13434A4A93611300042273
:1052A000DC681442FCD00124474A14701678264268
:1052B00003D0567876B2002EF8DB0124946054783F
:1052C00064B2002CFBDB414C5460547864B2002C77
:1052D000FBDB8224E4015480547864B2002CFBDBB5
:1052E00002249C840E34DE682642FCD0384CDC62FA
:1052F0001024DE682642FCD02C68A40E3F2C00D17E
:10530000203C9E6A334FA4023E4034439C629C6A18
:10531000314EA40AA40234439C62304CDC62002467
:105320009C841034DE682642FCD02D4C9C841024D2
:10533000DE682642FCD002249E8C34439C841024D8
:10534000DE682642FCD000249460547864B2002CBD
:10535000FBDB244C5460547864B2002CFBDB1C6AE9
:10536000214E344080261C621C6AB4431C62032315
:1053700093601E4B536053785BB2002BFBDB002322
:10538000FF240B721A4A4B728B72CB72194B1A6044
:10539000194A2B6811689A065B01C90E2340520F07
:1053A00012020B431343154A1385802342681343AB
:1053B0004360F0BD004000410004004024608000D4
:1053C0000606000000080040000C00400104010037
:1053D000B905FF7DFF03FFFFFF01000080BB0A1C32
:1053E0002405000000070300FFFCFFFF0306010087
:1053F000006CDC0270000020206080000040004251
:10540000FA212E4B10B51868890002F0D7FE8023D0
:1054100001385B0498424FD229492A4A4860C0208B
:10542000136A00061B021B0A0343136200238B60EE
:1054300007330B608021136A09061B021B0A0B430A
:105440001362FC22204B196A0A431A62FF22196A6E
:1054500012020A431A62A022196AD2020A431A628D
:105460001A4B1C005A7852B2002AFBDB184A5A80A9
:10547000184B1A00597EC9090129FBD0C82189009F
:1054800099800521D970537EDB09012BFBD0C02305
:1054900000205B011361907000F048F863785BB204
:1054A000002BFBDB0C4B0D4A6380D379DB09012B0E
:1054B000FBD04123537010BDFEE7C04670000020B2
:1054C00010E000E000ED00E000040040000C0040AF
:1054D0001E40000000400042214000000048004201
:1054E0000F4B302218600F490F4B0A2809DD9888AE
:1054F00090439880243A0A605A7ED209012AFBD050
:105500007047082806DD98889043202202439A803D
:105510000A22F0E7988802439A800822EBE7C04607
:105520007800002074000020004000421F4900B5B0
:105530000B004A7ED209012AFBD001380A282FD855
:1055400002F028FE1B2E2E2E2E2E062E2E241100AB
:105550001A6917490A400F211A615A788A431100C3
:1055600001220A4310E01A6911490A400F211A6109
:105570005A788A4311000322F3E71A690C490A405A
:105580000F211A615A788A435A7000BD1A69084976
:105590000A400F211A615A788A4311000222E0E77B
:1055A000F022196912050A43F3E7C04600400042A1
:1055B000FFFFFFF010B50400052800D808340121D2
:1055C000200000F0DBF8082C0DD12D4B1900DA7902
:1055D000D209012AFBD002201A7882431A70CB79B3
:1055E000DB09012BFBD027490B004A7ED209012A97
:1055F000FBD018206043244C0A692418207C1F2407
:105600002040A24302430A615A7ED209012AFBD0FC
:10561000022219780A431A705A7ED209012AFBD055
:105620000222197B0A431A731A7ED207FCD5012283
:105630001A765A7ED209012AFBD00222197B0A432C
:105640001A731A7ED207FCD5588B80B25A7ED209C3
:10565000012AFBD002211A788A431A705A7ED20995
:10566000012AFBD0094B1A68094B1B689A4202D0E9
:1056700002D9D31AD84010BD9B1A9840FBE7C04608
:105680000048004200400042C0B700007400002003
:1056900078000020182310B508245843134A131823
:1056A0001C57013412D001245B6882569C400329A8
:1056B0000CD808000E49D2015218D318403302F01A
:1056C00069FD0210060B02211970546010BD0621FD
:1056D000197054609461F9E706211970546054619F
:1056E000F4E7422119709460F0E7C046C0B70000AB
:1056F000004400411823F0B508245843114A1318F8
:105700001C5701341BD0012635005F688356BD400D
:105710000D4ADB019A18906805420BD10C00601EFF
:105720008441D2194032107834400336A400B0438B
:1057300020431070044A9B18002901D15D61F0BD1F
:105740009D61FCE7C0B7000000440041182310B57C
:105750000824434307490020CA181457013408D0CD
:105760005B560549DB015B18186A5368D840012372
:10577000184010BDC0B7000000440041182370B5A8
:10578000082643432A4AD518AE573400013607D0BD
:10579000072907DC00291DDA01314C424C416442E3
:1057A000200070BD0B00083BDBB20024032BF7D8B0
:1057B000092903D12100FFF76DFFF1E70A2904D180
:1057C0000839FFF767FF0024EAE700240B29E7D137
:1057D0000A39F0E76C68012520009B56C9B26208BF
:1057E0002840DB012C4211D012480E351B189A18A4
:1057F00030321078090128400143C9B211704122AA
:105800001B19403319780A431A70DCE70F26094D3B
:105810005B199A18303215781B19B543294311705A
:1058200041224033197804000A431A70B8E7C04691
:10583000C0B7000000440041F8B505000E00170095
:105840000024BC4208D02B682800315D1B689847B3
:10585000002801D00134F4E72000F8BD014B1860A6
:105860007047C0467C0000200122024B52421A6061
:105870007047C0467C000020124A1368591C20D093
:10588000013B1360002B1CD172B60F4B0122190093
:10589000187D1042FCD02022188BFF3202431A835D
:1058A0000A4ADA610A4A1A8001230A7D1A42FCD0A8
:1058B000BFF34F8F074B084ADA60BFF34F8FC046E4
:1058C000FDE770477C00002000400041021000000E
:1058D00002A5FFFF00ED00E00400FA05704770B577
:1058E0000F26CB1D02003240D5B22C000009303407
:1058F000092A00DD07341C705A1E994200D170BD80
:105900001300EFE710B50400806905F0A9FCA06A58
:1059100005F0A6FC200010BD10B50400FFF7F2FF53
:105920002000FFF79BFC200010BD000070B503298C
:1059300008D1324B8000C058002802D00368DB68D1
:10594000984770BD82291FD1C3B22D4D5A01AA18A4
:1059500091692C4C80010C40C02189052143916143
:10596000294908334018802150612A685B01D0180A
:1059700004794942214301717020995C81430800F8
:10598000302101439954DCE70029DAD1C024C1B2A7
:105990001B4E4A01B21893681A4DA4052B402343AD
:1059A00093601A4B8001C0180B00506030680726C6
:1059B00008335B01195CB1430E00012131431954D6
:1059C00091690D402C43946170240F495161195C19
:1059D000A1430C0010212143195491680C4CC318A9
:1059E0000C4080214903214391609168890B890310
:1059F0009160402259790A435A71A2E7EC110020C4
:105A0000A0160020FFFFFF8F14120020D4130020E7
:105A1000FF3F00F0EFF3108303600123436072B691
:105A200070470368002B02D162B6BFF36F8F7047D7
:105A300037B5056904006846002D14D1FFF7EAFF69
:105A4000019B621D013B02D3D57FEDB2FAE76846A8
:105A50000193FFF7E6FF002D01D100203EBD206A33
:105A6000E369C01AFAE7FFF7D5FF22000025019B82
:105A70003432013B02D31578EDB2FAE76846019360
:105A8000FFF7CFFF002DE8D0206BE36AE9E70000C5
:105A9000F0B5FF2501264268836811682B405B0141
:105AA000CC186419A77AD3183E43A672C6689C68BE
:105AB0000B4FB60436093C4034439C6083682B404E
:105AC0005B01D2189468A40BA403946040228368FD
:105AD0002B4008335B01CB1819790A431A71F0BDCA
:105AE000FF3F00F0F7B5056904000E001700684697
:105AF000002D43D1FFF78EFF019B601D013B5A1C17
:105B00000BD0C27F591E002A05D168460193FFF7CA
:105B100088FF2800FEBD0B00F1E768460193FFF700
:105B200080FFE369AF420AD0226A9A4207D95A1C21
:105B3000E261A269D3181B7873550135F1E7226A37
:105B40009A42E6D10023E361013368462361FFF7FF
:105B500061FF22000021019B671D013B3532581C6B
:105B6000D3D0F97710785E1E002805D02000117080
:105B70000193FFF78DFFECE73300F0E7FFF74AFFF3
:105B80002000019B3430013B5A1C06D00278591E7C
:105B9000D5B2002AB9D00B00F6E76846019300257C
:105BA000FFF73FFFE36ABD4202D0226B9A421CD846
:105BB000226B9A42ADD100236846E3622361FFF76E
:105BC00029FF270022000021019B3437013B353299
:105BD000581C9AD0397010785E1E00280DD0200015
:105BE00011700193FFF754FFEBE75A1CE262A26ABF
:105BF000D3181B7873550135D4E73300E8E7F7B5C0
:105C000082684368D2B21100040008311868490163
:105C10004118C879C00729D501255201CD719B18BB
:105C20009A6861699204920C002923D12262226A47
:105C3000002A41D0A26A656168465A60FFF7EAFE11
:105C4000342294462200019B671D013BA444353257
:105C5000591C2DD06146FD770978581ECEB2002917
:105C600005D0019368461570FFF7DBFEF7BD030012
:105C70001670EDE72263226B002A1DD00022270058
:105C80006261A26968465A60FFF7C4FE019B621D0B
:105C90009446013B34373032591C09D061463D707F
:105CA000C97F581ECEB20029DBD103001670F3E77E
:105CB00068460193FFF7B5FE2000FFF7E9FED5E740
:105CC00013B56A4600230C00D01DD37100F0EAFD25
:105CD00023681818206000F079FE6B46D91D00F08B
:105CE00041FE236818186B462060D87916BD000065
:105CF00003290ED180220E4B62311B68FF31585CA4
:105D0000524202435A5468226339FF32FF39995490
:105D100070470129FCD18022054B24311B68FF31DB
:105D2000585C524202435A5428222339FF32EDE78D
:105D3000A016002070B500252F4B012104000F2074
:105D40001D70FFF7A7FC01210F20FFF7D3FC2B4BA1
:105D500001210E201D70FFF79DFC01210E20FFF791
:105D6000C9FC2023264A0F20D1690B43D3610122AD
:105D700024490B7813430B70234B19788143197016
:105D800006211D782943197020490D782A430A708D
:105D90001A7802401A70602219780A431A701C4B54
:105DA0001C4A5A805A78D209FCD11B48FFF7CCF91B
:105DB0001A4D280000F01EFE280000F031FE7F2161
:105DC0002B68C1201A7880000A401A7004221978C2
:105DD0000A430C211A701A898A4311491A810A58F8
:105DE0001202120A0A5080220A6019787E3A0A4387
:105DF0001A700123237070BD0912002008120020C0
:105E000000040040584400413C44004159440041D2
:105E1000000C004006400000E9670000A0160020CA
:105E200000E100E00078002810D00121084B1B6839
:105E30001A898A431A810822198B0A431A83042279
:105E4000198B0A431A830022024B1A607047C0461E
:105E5000A0160020981600200A000E498B699B0BA3
:105E60009B038B610B680221FF3319729879823989
:105E700001439971197A8907FCD57F20064B0240AE
:105E8000997A8143114380229972997A52420A4346
:105E90009A727047A01600200050004110B50B798F
:105EA0000C00002B0CD1080000F00AFD002801D0E6
:105EB000012010BD094A93699B0B9B039361F7E78F
:105EC00000F084FD210000F071FD0028F0D1034AAC
:105ED00093699B0B9B039361EBE7C046A0160020E0
:105EE000F7B50D001100832A19D1EBB2324C5A01DB
:105EF000A21891693148AD010840C02189050143CC
:105F000091612F4920686D187021083355615B013C
:105F10001A5C8A43110040220A431A54F7BD022A30
:105F200045D1284AAB009858002802D003685B6925
:105F300098473820FFF78AF9234B80270360002316
:105F40001D4E7F00421D036203614361C3614660D1
:105F50008560C760D3772F32C36203630400137078
:105F60003800537005F072F90190A061380005F017
:105F70006DF9EBB25A01A062B21891680F4808336C
:105F80000840C021890501439160316807265B0103
:105F9000585CAD00B0430600032030435854019BC9
:105FA00020005360FFF774FD064B5C51B6E72800F4
:105FB000FFF7BCFCB2E7C046A0160020FFFFFF8F32
:105FC00014120020EC11002018BA000070B5050072
:105FD0000124064BA200D258002A05D02100280037
:105FE000FFF77EFF0134F4E770BDC046800000205B
:105FF000084B8A00D05810B5002803D003689B686E
:10600000984710BD044BC9B24901591888688004EB
:10601000800CF6E7EC110020A016002010B50C0053
:10602000FFF7E6FF00280CD0064BE4B21968802386
:10603000083464010C1962795B42134363710223D3
:10604000E37110BDA016002070B5CBB2124A134800
:106050005C0189018918021951609168104D08335B
:106060000D40802189022943402591609168890B68
:106070008903916001685A018A18167935431571B0
:1060800095796D06FCD55B01C918CB79DB07FCD58A
:1060900000198068C0B270BDD4130020A016002083
:1060A000FF3F00F070B5140040220B4B0D001B6841
:1060B000FF3359790A435A710021FFF7C5FFA04207
:1060C00000D9200000230549A34203D0CA5CEA544A
:1060D0000133F9E770BDC046A0160020D41300209C
:1060E00010B50C48C9B24901421893689B049B0C37
:1060F0003F2B0BD99468403B9B04A40B9B0CA4033F
:106100002343936041188868C0B210BD93689B0B0D
:106110009B03F6E7A0160020F0B51C002F4B85B0BE
:106120001B6806000D000192002B54D02C4F3B78C9
:10613000D9B2002B02D10E20FFF7DCFA64233B70AA
:10614000284BAA00D058002808D0036822005B68BA
:10615000019998470400200005B0F0BD29003000E7
:10616000FFF746FF844204D929003000FFF740FFC3
:10617000040029003000FFF7B3FF0121EBB21A4FF2
:1061800003935B010293029A3B6801989B18FF33CB
:106190005A7A0A435A72154BA9012200C91805F010
:1061A00069F8002CD7D029003000FFF721FF002824
:1061B000D1D14021039B3A6808335B01D318187989
:1061C000014319710121D971029BD318FF339A7AC7
:1061D0000A439A72BFE701246442BCE79816002084
:1061E00008120020EC110020A0160020D41300207B
:1061F00013B56B46DC1D22000123FFF78DFF01283C
:1062000001D1207816BD01204042FBE7F0B51C000B
:106210003A4B85B01B680E000192002B3FD08023C3
:10622000DB019C423BD8364D2B78D9B2002B02D1F2
:106230000F20FFF75FFA642300272B70314BB20168
:10624000D3180293002C2CD02F4B1B680393FF23F1
:1062500033401D0000930835039B6D015D19AB7938
:10626000DB0921D0294B2A49186801F0A7FF294BE7
:106270001721584301F0A2FF274BEA79920713D464
:106280009A5D002A01D10138F7D201229A55009B6C
:106290005A011D4B9B189A69920B92039A61012730
:1062A0007F42380005B0F0BD00221B4B25009A55F7
:1062B000402C00D940252A000199029804F0DAFF09
:1062C000009BA9045A01104B890C9B18029A7F1954
:1062D0005A619A69641B920B92030A439A61009B6C
:1062E000039A08335B01D3180222DA715979823A92
:1062F0000A435A71019B5B190193A3E7981600208A
:106300000912002014120020A016002070000020A6
:1063100040420F00701101000B12002070B50C00FC
:106320001D000D4BA601F618110030002A0004F0E4
:10633000A1FFE4B2094A640114196661A36908491E
:1063400028000B40A361A169AB04890B9B0C890356
:106350001943A16170BDC04614120020A016002090
:10636000FF3F00F0F7B5104B0F001B7814000190B1
:10637000002B0CD10D4B16001D78002D09D00C4EB2
:106380000C48358828182D1904F074FF358020003A
:10639000FEBD002EFBD033007A1900210198FFF7D3
:1063A000BDFF2D18361AF4E794150020951600202D
:1063B0009616002095150020F8B50F001600002451
:1063C000012A26D9100004F041FF0500380005F02D
:1063D0004FF8032302220130400028706B70964270
:1063E0000DD9397800290AD0531CDBB20137A954E2
:1063F0009E4203D00232EC54D2B2F0E732002900C0
:106400000548FFF7AFFF441EA041C4B2280004F0C6
:1064100027FF2000F8BDC046E8110020F0B5002598
:10642000012785B0184B0E0069461F7004000095C7
:10643000FFF746FC154B01A90B806A3BFF3BCB7174
:106440006E3B0B72009B320009334B800E4B8D71FB
:106450004F7108711D70092E0FD00D4E0922377033
:106460000C4F200000953D80FFF77CFF694620001F
:10647000FFF726FC3A88084935702000FFF772FFC5
:10648000012005B0F0BDC0469415002009020000AF
:10649000951600209616002095150020F0B5CF78AF
:1064A00005000E0093B0022F09D1C9882B48FFF7D1
:1064B000B5FF441EA041C4B2200013B0F0BD00F0EF
:1064C00085FA310000F062FA002803D0C417241ABC
:1064D000E40FF1E7012F0BD1F2882149112A11D8DD
:1064E000D2B2002A0ED02800FFF73CFF0124E3E7D8
:1064F0000400032FE0D1B378002B05D1F2881949AD
:10650000032AEDD90A78EEE7022B06D1F288164964
:106510002800FFF751FF0400CEE7012B02D1F288DB
:106520001249F5E7032BC7D1114B01A91868FFF7F2
:10653000D6F9104B03A91868FFF7D1F90E4B05A93E
:106540001868FFF7CCF90D4B07A91868FFF7C7F9D2
:106550006B460533DC77F28801A9D9E7E811002002
:1065600047BA00003ABA000030BA00003EBA000054
:106570000CA0800040A0800044A0800048A08000C3
:1065800037B5050048780C000B2810D801F002FE42
:10659000061B0F310F484D7551546E71097801AAD1
:1065A000002906D1022311802800FFF7B7FE012041
:1065B0003EBD00231380324B1B78012B00D113709A
:1065C00002230021F0E78A780023012A09D16A46D4
:1065D00093802C4B1B78012B00D11371022301AA4D
:1065E000EFE7274A1370284A93699B0B9B0393613B
:1065F000DDE78C78012C07D1224B01AA1C70234BBC
:106600001B7813702300DCE700208442D0D11C4BA0
:1066100001301D4A187093699B0B9B039361C7E778
:1066200028008978FFF718FCC1E72800FFF736FF3C
:10663000BEE70123164AC4E70B780020DB06B7D17A
:106640002800FFF7C3FC2A200221A278104BFF305C
:106650001A600D4A13681C5C21434A241954FF3404
:10666000195D2938FF3801431955D4E70123094A38
:10667000A7E78A78074B1A60B5E7002098E7C0467D
:106680000A12002012120020A01600200CBA0000EE
:10669000981600209C1600204B4BF7B51C7807007D
:1066A000002C00D083E0494E33689B8B1B070ED52E
:1066B00021002000FFF73AF9326810231100FF3162
:1066C000887A03438B72424B1C60082393833368A0
:1066D0009A8B52071FD504229A833E4A1378002BC7
:1066E0000AD01378013BDBB213701378002B03D16F
:1066F00001210F20FEF7FEFF374A1378002B0AD046
:106700001378013BDBB213701378002B03D1012106
:106710000E20FEF7EFFF3368FF331A7AD2061ED53C
:1067200010221A72597930320A435A7160232B4968
:1067300038000A781A423BD1FFF722FF3368FF3353
:10674000002838D08022997952420A439A711A7AE5
:10675000520604D540221A72597A0A435A72336893
:1067600000241D8C01239D43EDB20193E1B2002D65
:106770001DD02B002341019A134215D0230032680B
:1067800008335B01D318DA79D20702D4DB799B078F
:1067900007D5134BA200D058002810D003681B68FF
:1067A0009847019BA3409D430134092CDED1F7BDDE
:1067B000FFF774FBC2E720210A4A9171C7E738004E
:1067C000FFF796FAEDE7C04695160020A0160020C8
:1067D000981600200912002008120020D41300206F
:1067E000EC110020FF50004110B50248FFF754FFA4
:1067F00010BDC046E8110020014B024A1A607047E4
:10680000A0160020005000413F20704713B56B4692
:106810000268D9710733546819000122A04716BDD8
:1068200010B502210069FFF7E3FB10BD10B503218D
:106830000069FFF7F3FB10BD10B51300084A040010
:10684000D279002A03D101230020636010BD0A0021
:1068500000690321FFF7DAFC0028F4D0F6E7C04610
:10686000AC00002010B5054C03002068421C04D188
:106870001A68180052699047206010BDF800002087
:10688000074A0300106810B5411C03D001235B4286
:10689000136010BD02211869FFF7AAFCF9E7C04692
:1068A000F800002010B50378422202330370024939
:1068B0000248FFF757FD10BDB4000020E81100208A
:1068C00010B50178030042780020A12908D1212ABF
:1068D00005D1174917481A3AFFF744FD012010BDAA
:1068E0002129FCD1202A13D111491248193AFFF766
:1068F000D9FB96220E4BD200196891420ED1DA795B
:1069000001231A420AD1FA20FEF7A8FF0020E6E789
:10691000222A06D19A78064BDA71EAE7FEF7A4FF3D
:10692000F4E7232ADBD15A88034B1A60D7E7C04625
:10693000AC000020E8110020A8000020FA2200216D
:10694000054B92009A60054A08321A60044A596061
:106950001A6119767047C046A41700205CBA00007F
:10696000E811002070B50E0000254468002C0BD003
:106970002368310020005B689847002802DBE46848
:106980002D18F3E701256D42280070BD70B50D008C
:106990004468002C08D02368290020009B68984791
:1069A000002802D1E468F4E7200070BD70B50D0046
:1069B0004468002C08D02368290020001B689847F1
:1069C000002802D1E468F4E7200070BD064A0123E4
:1069D000116810B50C0005481C40194203D1044948
:1069E00044600180136010BDC0170020C417002050
:1069F0000204000070B50400012320CC00212A7895
:106A00002000134380222B70520004F03CFCAB7832
:106A1000DB07FCD4AB789B07F9D46C6270BD000037
:106A20001F22144B70B51B68590B9C0C9B01114025
:106A30005B0F22401F2900D11A391F2A00D1023AC8
:106A4000072B00D1043B1F2500688E01048D0A49E5
:106A50002A40214031430185018D14000A00AA43D8
:106A600022430285028D1903044B13400B43038517
:106A700070BDC046246080003FF8FFFFFF8FFFFF1E
:106A8000030010B50800190004F0A6FB10BD0000BB
:106A9000D0B5254A4B0086B05B08934222DD234ADD
:106AA000934209DD02000B0003F092FE02000B008E
:106AB0001000190006B0D0BD02AA00F087F9032328
:106AC0001840049A059B012813D0022822D00028E0
:106AD00019D0029803990124009401F021FA0200D0
:106AE0000B00E5E70022002300F0A0FC02000B00F1
:106AF000DEE700900298039901F012FA80231B064A
:106B00000200CB18D4E70298039900F08FFC020032
:106B10000B00CDE70298039900F088FC80231B0648
:106B20000200CB18C4E7C046FB21E93FFFFFEF7F1F
:106B3000434AF8B5474690464B005B0D9844CE4615
:106B4000424680B505000C000E000700132A25DC24
:106B5000002A4CDB3B4B134199460B40034317D0B3
:106B6000394A3A4B2800210002F056FC002200234B
:106B700001F0C4FC002809D0002C04DA802643462A
:106B800076031E4136194B4600279E433D003400D4
:106B9000280021000CBC90469946F8BD332A0CDD34
:106BA0008023DB009845F3D102000B002800210070
:106BB00002F032FC05000C00EAE7254A9446012267
:106BC00063445242DA4091460242E1D01E4A1F4BD2
:106BD0002800210002F020FC0022002301F08EFC9E
:106BE0000028D3D0002C1ADB4B469F43CEE7164A31
:106BF000164B2800210002F00FFC0022002301F0B8
:106C00007DFC0028C2D0002C02DB00270026BDE757
:106C10006400640800272543B8D00E4EB6E743460B
:106C2000142B09D03422D21A012393405D19BD429E
:106C300004D22F00661CD7E7661CD5E72F00D3E7E8
:106C400001FCFFFFFFFF0F009C7500883CE4377ECE
:106C5000EDFBFFFF0000F0BFF0B5CE46474680B524
:106C60008DB004000D0000F0B1FA2B4B06001B782C
:106C70000F005BB29946013310D022002B00200098
:106C8000290004F037F98046002807D100220023AC
:106C90002000290001F01EFC002806D13000390038
:106CA0000DB00CBC90469946F0BD012302931B4BDE
:106CB00006940795039343460A934B46049405951F
:106CC000002B15D0002300221900100002F00EFF47
:106CD0004B4608900991022B0ED104F08BFA212328
:106CE00003600A9B0193002B0FD1089E099FD5E7F3
:106CF000002300240893099402A801F0CDF900288C
:106D0000EBD00A9B0193002BEFD004F073FA0A9B9F
:106D100001930360E9E7C046FC00002080BA000050
:106D2000F0B500278DB0041C00F028FB254B051C96
:106D3000DF577B1C0BD0211C201C02F0B5FA061E6D
:106D400005D10021201C01F0FFFB002802D1281CE6
:106D50000DB0F0BD012302931B4B201C03930A9638
:106D600004F04CF90022002306900791049005914D
:106D7000002F15D01000190002F0B8FE08900991FC
:106D8000022F0FD104F036FA212303600A9B0193EE
:106D9000002B10D10898099904F078F9051CD6E762
:106DA0000892099302A801F077F90028EAD00A9B1B
:106DB0000193002BEED004F01DFA0A9B01930360AF
:106DC000E8E7C046FC00002088BA0000F0B54E4657
:106DD0005746DE464546E0B5DB4B4E001700894678
:106DE0008FB076089E4200DC84E0D84B9E4228DCBF
:106DF000D74A002900DC89E1D64B03F0E9FCD54BEA
:106E000004000D009E4200D18AE0D34AD34B03F028
:106E1000DFFC02000B0020003A607B60290003F0D9
:106E2000D7FCCE4BCC4A03F0D3FC01239846B86084
:106E3000F96040460FB03CBC90469946A246AB462E
:106E4000F0BDC74B9E4200DC86E0C64B9E425CDC38
:106E5000C54932158846904443461B05F51A29005A
:106E6000040004F065F804F099F802000B0020001B
:106E700029000892099303F0ABFC0022BB4B03F0FE
:106E80003BFA0D00040004F053F8060004F086F805
:106E900002000B00200029000A920B9303F098FCDB
:106EA0000022B24B03F028FA002200230C900D912F
:106EB00001F00AFB002800D1FCE033005E1EB34164
:106EC0000133AB4A39000192022208A800924246DF
:106ED00000F0C4FB4B468046002BAADA8022120643
:106EE00094467B6863447B60FB686344FB60434279
:106EF00098469EE702000B003A607B600023002268
:106F0000BA60FB600023984693E70B00020003F091
:106F10005FFC0023B860F96098463860796088E7C4
:106F2000D3228E4B520503F053FC924A924B04003D
:106F30000D0003F04DFC02000B0020003A607B6066
:106F4000290003F045FC8C4B8A4A03F041FC0123E5
:106F5000B860F96098466CE701F09AF8874A884B68
:106F600004000D0003F0C8F90022864B02F054FA29
:106F700003F0DEFF804604F011F8754A754B04906B
:106F8000059103F0B9F902000B002000290003F07D
:106F90001FFC724B02900391049805996E4A03F00E
:106FA000ABF9434604000D001F2B36DC764A013B4B
:106FB0009B009B58B34230D00298039922002B00CB
:106FC00003F006FC82468B4652465B463A607B6085
:106FD0000298039952465B4603F0FAFB22002B000D
:106FE00003F0F6FB030008001A0019000300BA6062
:106FF000FB604B46002B00DB1BE7802380241B0635
:107000009C464346554624065C4460445B42984691
:107010003D607C60B960F8600BE72B000298039933
:10702000220003F0D5FB4B0036155B0D82468B46E4
:10703000F31A102BC8DD04980599D322474B52054B
:1070400003F05AF904000D0002000B0002980399A6
:1070500003F0BEFB02000B0002980399069207930F
:1070600003F0B6FB22002B0003F0B2FB04000D007E
:10707000049805993F4A404B03F03EF922002B004B
:1070800003F0A6FB0B00020004000D000698079910
:1070900003F09EFB4B005B0D82468B46F61A312EA9
:1070A0000ADC02000B003A607B60069A079B0292A2
:1070B00003938DE7032304E7B822049805992E4B28
:1070C000920503F019F904000D0002000B00069868
:1070D000079903F07DFB02000B00069807990292C6
:1070E000039303F075FB22002B0003F071FB0400F7
:1070F0000D0004980599254A254B03F0FDF8220060
:107100002B0003F065FB04000D0055E7114B02F066
:1071100083F9104B04000D009E423BD00E4A0F4BEA
:1071200002F07AF902000B0020003A607B6029002F
:1071300003F04EFB084A094B02F06EF901235B4253
:107140009846B860F96074E6FB21E93F7BD90240BC
:1071500000004054FB21F93F3163621A61B4D03D15
:10716000FB213941FFFFEF7FEAFBFFFF0000704189
:1071700010BB00007370032E8A19A33B83C8C96D2E
:10718000305FE43F0000E03F90BA0000C149202595
:107190009A837B39D3220A4B520502F03DF9094A02
:1071A000094B04000D0002F037F902000B0020002B
:1071B0003A607B60290003F00BFB024A024BBBE7FD
:1071C00061B4D03D7370032E8A19A33BF8B5684BA8
:1071D000CE4647460500020018000C0080B5084066
:1071E000984200D1A0E0002969DD081500D177E0C0
:1071F000604B0903C4188023090B5B030B43C107D1
:1072000003D4D00F5B00C3185200611088465B00A6
:10721000D10F5B180021802016248C465200800379
:107220000D189D4202DC29185B1B8444D50F5B00BE
:10723000013CEB1852004008002CF1D1002081469F
:1072400080202026000609E08B425ED0D50F5B002F
:10725000013E5B1952004008002E16D005198B42E2
:10726000F2DD0F002C18002D4BDB5B1AAA4289417E
:1072700049425B1A521BD50F5B00013E8144390025
:107280005B1952004008002EE8D1134345D14B460C
:107290005E0863465910384B994663464944DB07FC
:1072A00002D580231B061E434346180543183500AC
:1072B0001C00280021000CBC90469946F8BD4B00EC
:1072C0005B082B43F5D0002000293AD1D30A1900DE
:1072D00015385205002BF9D080246403234241D194
:1072E000802300245B034900250001341942FAD0B1
:1072F00020260B001100A240361BF140401B194311
:1073000076E7E743FF0FCF19AFE795429ED82C18D9
:10731000002DF6DB1F000023ACE74B4601331DD0E8
:107320004E4601367608B4E72A000B0028002100FB
:1073300002F0E2FF2A00230002F06EF805000C00C4
:10734000B7E72A000B002800210003F041FA0200F1
:107350000B0002F0CBFB05000C00AAE701239946C5
:10736000CC4496E70125110020266D42C5E7C046B2
:107370000000F07F01FCFFFF0000E03FFF21420022
:1073800070B50300041C5208C9058A423AD2002A8B
:1073900037D000283FDBC51501420BD180210904FD
:1073A0000A00024001423DD15B00100001320B4255
:1073B000FAD02D1A5B025A0A802328001B047F385A
:1073C0001343EA0725D58022192100260025401005
:1073D0005B005204AC189C4202DCA5181B1BB618BB
:1073E00001395B0052080029F4D1002B02D001239F
:1073F00001369E43FC239B059C4676106644C005DF
:10740000801970BD011C01F06DFC211C01F004F914
:10741000F7E75B00D7E7011C01F07EFD011C01F0DE
:1074200097FAEEE7012040422D1AC3E7F0B5474630
:10743000CE4680B587B000920193F9234F00814674
:1074400088467F089B059F4263DA03F071FD0028A0
:1074500000D1DAE04A4643464846414602F04CFF36
:1074600004000D006A4A6B4B02F046FF6A4A6B4B00
:1074700001F0D2FF22002B0002F03EFF684A694B68
:1074800003F0A6F922002B0002F036FF664A674B94
:1074900001F0C2FF22002B0002F02EFF644A654B70
:1074A00003F096F922002B0002F026FF624A634B9C
:1074B00001F0B2FF22002B0002F01EFF02900391A8
:1074C0000022200029005E4B02F016FF029A039B67
:1074D00006000F002000290002F00EFF009A019B19
:1074E00004000D004846414602F006FF02000B0072
:1074F0002000290003F06CF902000B003000390075
:1075000003F066F902000B0000204E4903F060F919
:1075100070E002000B0002F0EFFE04000D003C4A98
:107520003C4B02F0E9FE3C4A3C4B01F075FF220067
:107530002B0002F0E1FE3A4A3A4B03F049F92200EF
:107540002B0002F0D9FE384A384B01F065FF2200CB
:107550002B0002F0D1FE364A364B03F039F92200F7
:107560002B0002F0C9FE344A344B01F055FF2B00CA
:10757000220002F0C1FE344B029003919F429FDD36
:10758000324B00229F423ADC314900207B182D49C2
:1075900016001F0003F01CF9049005910022200042
:1075A0002900274B02F0A8FE32003B0003F010F93F
:1075B000029A039B06000F002000290002F09CFEA7
:1075C000009A019B04000D004846414602F094FEDB
:1075D00002000B002000290003F0FAF802000B0063
:1075E0003000390003F0F4F802000B00049805990C
:1075F00003F0EEF807B00CBC90469946F0BD154B71
:10760000002604920593144FC8E700200D49F1E7C6
:10761000D43888BEE9FAA8BDC4B1B4BD9EEE213EFF
:10762000AD529C804F7E923E9015CB19A001FA3E40
:107630007751C1166CC1563F4C5555555555A53F10
:107640000000E03F0000F03F3233D33F0000E93F4D
:107650000000E0FF0000E73F0000D23FF0B5DE464B
:1076600057464E464546E0B5DD4CA5440D91190000
:107670001400A49A0A93DB4B9200D2580B00013BF2
:107680000493230006900892143300DAA1E3182132
:10769000E01E00F01DFE030001339A009B1A0590C6
:1076A000DB00E318059A0793049BD41A089AD618AE
:1076B00014D40136A59F22AD361907E0A300F8586F
:1076C00003F06CFC013403C5B44207D0002CF5DA9A
:1076D00000200021013403C5B442F7D1089B002BE0
:1076E00001DA00F0FDFB0A9922AA8C469346089A1B
:1076F00072AB62440392069A994690460093049BAB
:107700009A46DB009B4408339844049B00240025E0
:10771000002B13DB5F4600240025069E3A687B6839
:1077200003CE02F0E9FD02000B002000290001F069
:1077300073FE083F04000D004645EFD14B4630C3B1
:10774000994608239C46073BE3449C46039BE2443E
:107750009A45DAD10EA804228446524262449446E5
:1077600008998B009C4462468446083B63440B9313
:10777000059B0C92A59A98009446030063440593D8
:107780000A9B8846DA00069B083B9B469344DA46F0
:1077900043460099DA0094460B0063441E685F6814
:1077A00043460992002B32DD89468F4B4344DB0070
:1077B00099440EAB9B4600228C4B3000390002F0FE
:1077C0009BFD03F0B5FB03F0E9FB0022884B0400AE
:1077D0000D0002F091FD02000B003000390002F0B4
:1077E000F7FF03F0A5FB5B4601C39B464B46200019
:1077F0001A685B68290001F00FFE08225242944685
:107800004B46009A06000F00E1449A42D3D1079BF1
:1078100030001A0039009B4600F040FCFF23002294
:107820009B0504000D0002F067FDFFF781F90022BF
:10783000704B02F061FD02000B002000290002F0F5
:10784000C7FF04000D0003F073FB814603F0A6FBA5
:1078500002000B002000290002F0BAFF5C4606007F
:107860000F00002C00DC86E04346591E89000EAB59
:107870005B5818201A00001B0241914482409D1A57
:107880000EAB5D5017231B1B1D41002D00DD7FE05B
:10789000002200233000390000F016FE002800D13D
:1078A000EAE04346591E089B8B420FDC0EAA944621
:1078B0000022514B0C9843449B0063441C68043BDA
:1078C00022438342FAD1002A00D024E1089B0EAA69
:1078D000013B9B00D15801220B9B002900D015E1F0
:1078E0001968043B01320029FAD0012343449B4626
:1078F0001300434403930A9B22AA43449046009AF0
:10790000DB0094469844099B634499465B46059A7C
:107910009B00D05803F042FB434618605960049B1B
:10792000002B25DB474600240025069E02E0083692
:10793000386879683268736802F0DEFC02000B0078
:107940002000290001F068FD083F04000D005645A5
:10795000EDD14B469C60DD6001239C460733E34438
:107960009C46039BE044E1449B45CFDD98460FE7EE
:1079700000240025EDE7079B002B00D0BDE0434627
:10798000013B9B000EAAD558ED15002D00DC7FE7CA
:1079900001239C464346E144002B00DC2FE20E9C71
:1079A000002C00D09FE04346012B2FD001224146FE
:1079B0000FAB1C68002C00D198E08846531C802136
:1079C00049040C1B92000EA98C5098451DDD9B00AC
:1079D0008C46CA584146890008486344614410E017
:1079E00094FDFFFF58BC0000FFFFFF1F0000703E2A
:1079F0000000704100002040FFFFFF3FFFFFFF003D
:107A00001A68821A04C38B42FAD10124079B002B07
:107A10000EDD012B00D1D1E1022B09D143465A1EC4
:107A200092000EAB9B580EA903939B029B0A8B50AE
:107A3000022D00D02CE732003B000020934902F0D9
:107A4000C7FE06000F00002C00D121E7079A002096
:107A50008E4900F023FB02000B003000390002F0D9
:107A6000B7FE06000F00002200233000390000F0AE
:107A70002BFD002800D014E74B460693079B3000EF
:107A80005A423900049500F009FB0022804B0400A3
:107A90000D0000F03DFD002800D1EFE17D4B0022FC
:107AA0002000290002F028FC03F042FA42460600BA
:107AB000970003F073FA0022754B02F01DFC0200E0
:107AC0000B002000290002F083FE03F031FA0EAA19
:107AD000D0514246079B013218330392079393001B
:107AE0000EAAD65032E00123002268E701320433A7
:107AF0008A4200D05DE7884688E70022664B00F0A6
:107B000007FD002800D069E10025C1E601234344B8
:107B10009B460393EFE64B460A000693079B0391AF
:107B2000183B190007930EA89300C3580495002B27
:107B30000CD18446594B43449B0063441868043B72
:107B4000013A18390028F9D0039207910020079ACA
:107B50004E4900F0A3FA039B04000D00002B00DA4D
:107B6000C1E10EAA9446009A9E00DB001100664413
:107B70009C4661440F008B4690460593306803F0A5
:107B80000DFA22002B0002F0B7FB424B38607960FF
:107B900000222000290002F0AFFB043E3B0004005D
:107BA0000D00083F9845E9D1002399464AAB009360
:107BB000089B9A46534600240025002B21DB802099
:107BC000374B5F4698460024002500263549C005FE
:107BD00008E008239C460837E044B14511DB4346E2
:107BE000186859683A687B6802F086FB02000B004F
:107BF0002000290001F010FC013604000D00B24500
:107C0000E7DA009A4B4694460822DB00634452426E
:107C100094461C605D604B46039A0133E3449145F2
:107C200001D09946C6E7009B9A46A49B022B3BDCF9
:107C3000002B00DDE5E01DD1059B002553441E000F
:107C400000245746326873682800210001F0E4FBE5
:107C5000330005000C00083E9F42F3D1049B002B2B
:107C600003D080231B069C4664442A0023000D9900
:107C70000A604B600720069B18409B239B009D4495
:107C80003CBC90469946A246AB46F0BD0000F03F92
:107C9000000070410000703E0000E03FFEFFFF3F2B
:107CA00018BC0000FB21F93FA49B032BE2D1039BEE
:107CB000002B00D12DE1984A059B944653441C6843
:107CC0005D68039B63449B46DB00534498464346F0
:107CD00020001E685F68290032003B000094019577
:107CE00001F09AFB02000B0004000D003000390087
:107CF00002F06EFD009A019B01F08EFB43469860F6
:107D0000D9601C605D6008235B42C1469C46E0442C
:107D1000CA45DCD1039B012B00DCFAE0059BD14670
:107D200053441E685F685B46DB009846C1444B467F
:107D300030001C685D68390022002B000096019716
:107D400001F06AFB02000B0006000F002000290072
:107D500002F03EFD009A019B01F05EFB4B469860ED
:107D6000D9601E605F6008235B424C469946A1447F
:107D7000CA45DCD145460027002608355544380061
:107D80002A686B68310001F047FB083D07000E00D0
:107D9000AC42F4D1049B002B7BD14A9B4B9C0D99A8
:107DA0003A000B604C605346DC689B68009301947A
:107DB0008B60CC6033000A614B615BE743465A1E1F
:107DC00092000EAB9B580EA903935B025B0A8B508B
:107DD0002EE6182300225B42059262E401239C46B2
:107DE00043460225E144002B00DDD8E532003B008C
:107DF00000204A4902F0ECFC06000F0048E5002490
:107E000004E6059B002553441E00002457463268B3
:107E100073682800210001F0FFFA330005000C0010
:107E2000083E9F42F3D1049B002B47D123002A0038
:107E30000D990A604B604A984B9902F0C9FC039B6C
:107E400007000E00002B13DD01244CAD38000CCDD3
:107E5000310001F0E1FA039B013407000E00A34258
:107E6000F4DA049B002B03D080231B069C46664457
:107E70003A0033000D998A60CB60FBE64346200050
:107E800029009E0003F054F80EAB9851434603932B
:107E90005CE680210D9A4A9B0906136053468C4686
:107EA0005B6866446344536053469B681761936004
:107EB0005346DB6856616344D360DBE680234A980F
:107EC0004B990D9A1B06E3185360156023002A0096
:107ED00002F07EFC039B07000E00002BB4DCC3E71E
:107EE00072AB009336E4A49B022B06DC002B0DDC66
:107EF00000D0BFE600250024B0E6A49B032B00D0F1
:107F0000B8E64AAB002700269A4643E7002500243E
:107F100089E700273E003DE7FFFFFF1F0000F03F1D
:107F2000F0B5CE46474680B587B000920193F9225E
:107F30004B00814688465B089205934206DA484624
:107F4000414602F0F5FF002800D184E04A4643464E
:107F50004846414602F0D0F904000D0002000B0033
:107F60004846414602F0C8F93C4A3D4B06000F0026
:107F70002000290002F0C0F93A4A3B4B02F028FCED
:107F800022002B0002F0B8F9384A394B01F044FACC
:107F900022002B0002F0B0F9364A374B02F018FCF1
:107FA00022002B0002F0A8F9344B354A01F034FAD4
:107FB0000E9B02900391002B38D00098019900226B
:107FC000304B02F099F9029A039B0490059130001E
:107FD000390002F091F902000B000498059902F0B3
:107FE000F7FB22002B0002F087F9009A019B02F0B8
:107FF000EFFB254A04000D00244B3000390002F04D
:108000007BF902000B002000290001F005FA0200B4
:108010000B004846414602F0DBFB02000B0010005B
:10802000190007B00CBC90469946F0BD02000B0049
:108030002000290002F060F9134A144B02F0C8FB3B
:1080400032003B0002F058F94A46434601F0E4F999
:1080500002000B00E3E74A464346E0E77CD5CF5AEF
:108060003AD9E53DEB9C2B8AE6E55A3E7DFEB157B9
:10807000E31DC73ED561C119A0012A3F1111813FFF
:10808000A6F810110000E03F495555555555C53F1C
:108090004B0059087047C046002070474B0070B530
:1080A0005B0D14000A00002B25D14B005B08034335
:1080B00020D02B4B002202F01FF92A4B9C4247DBB9
:1080C0000A004B005B0D363B274DE318AB421ADC30
:1080D000002B37DC1D00353529DA244B9C4212DC9D
:1080E000234C244D002938DB20002900204A214B55
:1080F00002F002F970BD204DAB42E5D102000B0049
:1081000001F08AF9F6E71D4C1D4D002906DB200021
:1081100029001A4A1A4B02F0EFF8EBE7174C194DF9
:1081200020002900154A164B02F0E6F8E2E7164C4B
:10813000363322401B05134319000022134B02F073
:10814000DBF8D7E7104C1B0522401A431100D1E79A
:10815000074A084B02F0D0F8CCE7054C0C4DC3E7BA
:1081600000005043B03CFFFFFE07000050C300007A
:1081700059F3F8C21F6EA501FF0700009C75008827
:108180003CE4377E3CE437FEFFFF0F800000903C6C
:108190001F6EA58102B4714649084900095C490077
:1081A0008E4402BC7047C04603B471464908400083
:1081B0004900095A49008E4403BC70470022430815
:1081C0008B4274D303098B425FD3030A8B4244D39F
:1081D000030B8B4228D3030C8B420DD3FF220902E1
:1081E00012BA030C8B4202D31212090265D0030BA0
:1081F0008B4219D300E0090AC30B8B4201D3CB0396
:10820000C01A5241830B8B4201D38B03C01A5241D7
:10821000430B8B4201D34B03C01A5241030B8B42D9
:1082200001D30B03C01A5241C30A8B4201D3CB02C4
:10823000C01A5241830A8B4201D38B02C01A5241A9
:10824000430A8B4201D34B02C01A5241030A8B42AC
:1082500001D30B02C01A5241CDD2C3098B4201D3C4
:10826000CB01C01A524183098B4201D38B01C01A42
:10827000524143098B4201D34B01C01A52410309B9
:108280008B4201D30B01C01A5241C3088B4201D368
:10829000CB00C01A524183088B4201D38B00C01A15
:1082A000524143088B4201D34B00C01A5241411A3C
:1082B00000D20146524110467047FFE701B5002049
:1082C00000F0F0F802BDC0460029F7D076E770470D
:1082D00003460B437FD4002243088B4274D3030927
:1082E0008B425FD3030A8B4244D3030B8B4228D3C8
:1082F000030C8B420DD3FF22090212BA030C8B42EE
:1083000002D31212090265D0030B8B4219D300E08D
:10831000090AC30B8B4201D3CB03C01A5241830B12
:108320008B4201D38B03C01A5241430B8B4201D3C2
:108330004B03C01A5241030B8B4201D30B03C01AEB
:108340005241C30A8B4201D3CB02C01A5241830A65
:108350008B4201D38B02C01A5241430A8B4201D394
:108360004B02C01A5241030A8B4201D30B02C01ABE
:108370005241CDD2C3098B4201D3CB01C01A524125
:1083800083098B4201D38B01C01A524143098B42AE
:1083900001D34B01C01A524103098B4201D30B0197
:1083A000C01A5241C3088B4201D3CB00C01A5241BC
:1083B00083088B4201D38B00C01A524143088B4281
:1083C00001D34B00C01A5241411A00D2014652411A
:1083D000104670475DE0CA0F00D04942031000D339
:1083E0004042534000229C4603098B422DD3030A8E
:1083F0008B4212D3FC22890112BA030A8B420CD39E
:10840000890192118B4208D3890192118B4204D3C6
:1084100089013AD0921100E08909C3098B4201D346
:10842000CB01C01A524183098B4201D38B01C01A80
:10843000524143098B4201D34B01C01A52410309F7
:108440008B4201D30B01C01A5241C3088B4201D3A6
:10845000CB00C01A524183088B4201D38B00C01A53
:108460005241D9D243088B4201D34B00C01A52412A
:10847000411A00D20146634652415B10104601D3B7
:108480004042002B00D54942704763465B1000D341
:10849000404201B5002000F005F802BD0029F8D0E7
:1084A00016E770477047C0468446101C62468C46EB
:1084B000191C634600E0C0461FB501F0ADFE002860
:1084C00001D40021C8421FBD10B501F0F7FD4042A4
:1084D000013010BD10B501F09FFE002801DB002027
:1084E00010BD012010BDC04610B501F095FE00285A
:1084F00001DD002010BD012010BDC04610B501F007
:1085000019FE002801DC002010BD012010BDC0466E
:1085100010B501F00FFE002801DA002010BD012087
:1085200010BDC0468446081C6146FFE71FB500F039
:108530008FFB002801D40021C8421FBD10B500F0F8
:1085400013FB4042013010BD10B500F081FB002844
:1085500001DB002010BD012010BDC04610B500F0A9
:1085600077FB002801DD002010BD012010BDC046B2
:1085700010B500F021FB002801DC002010BD012017
:1085800010BDC04610B500F017FB002801DA00202E
:1085900010BD012010BDC046F0B515042D0C0F0014
:1085A00001002E00C64684460004140C000C090C81
:1085B00046434D43604361434019340C241800B5D1
:1085C000A54203D98020400280464144250C6D1805
:1085D000614659437A43300449192404000C201899
:1085E000891804BC9046F0BD9E2110B5C905041C35
:1085F000FFF7C8FF002803D1201C00F06BFE10BD60
:108600009E21201CC90500F087FC00F063FE80233A
:108610001B069C466044F2E7F0B54646D6464F46F8
:108620004D024202C0B5520A6E0A4700B0463F0EE4
:108630004E00C40FD00094463B008246360EC90F50
:10864000AD098C426DD0B81B814600284DDD002E4F
:1086500000D188E0FF2F5AD08023DB041D434B4616
:1086600001221B2B0ADC2B004A464946D34020221C
:10867000521A95402A00551EAA411A4353469A1A87
:10868000530100D4B9E092019609300002F086FD52
:1086900005388640874200DDD4E03300C71B202028
:1086A0000137FB40C71BBE403200561EB2410027B7
:1086B0001A43530704D00F231340042B00D0043275
:1086C000530100D49CE07B1CFE2F00D19AE0920164
:1086D000520A9446DBB2D8056346E40718432043A8
:1086E0001CBC90469946A246F0BD002849D0F31B19
:1086F000002F00D0B6E05246002A60D0013B002B8C
:1087000000D1FCE0FF2E00D0B4E00C004246002A6D
:1087100078D08020C00310434202530A9C46FF23B6
:10872000D9E7B91B002971DD002E3FD0FF2FEED015
:108730008023DB041D4301221B2907DC2A002023A0
:10874000CA40591A8D406B1E9D412A435244530121
:1087500053D50137FF2F55D001237B4913405208D1
:108760000A401A43A5E7002D2CD001235B429C460A
:10877000E1444B46002B00D1ADE0FF2F00D06EE767
:10878000C5E7FE207E1C304260D1002F00D093E070
:108790005246002A00D1B6E0002D9CD0521B500159
:1087A00000D4C3E053460C00EA1A82E7002D09D03A
:1087B0000139002900D18BE0FF2FBCD1A7E70C00C5
:1087C00042463700FF2FA2D05202530A9C46FBB20A
:1087D00081E7FE210137394265D1002B7ED1002887
:1087E00000D1AAE0002D00D175E72A0052440027ED
:1087F000530102D5554B01371A40530700D05AE7B1
:10880000D208DFE70022FF23944664E70029E0D086
:10881000F31B002F3ED0FF2E00D177E7802201000E
:10882000D20411438A4601221B2B08DC5246202128
:108830005046DA40CB1A9840431E98410243370015
:10884000521984E7414A3F1A324032E753465E1BD1
:1088500073012DD4002E00D017E70022002400233E
:10886000944638E7FF2E00D14FE780225046D204CD
:108870001043824601221B2B08DC5246202450461E
:10888000DA40E31A9840431E984102430C00370037
:10889000AA1AF5E6002893D0013B002B4FD0FF2EFB
:1088A000C1D1424633E7FF2FACD055446A08A4E754
:1088B00053460C00EE1AE8E65346002B28D1002D53
:1088C00000D022E78023DB039C460024FF2302E73D
:1088D0002A0052443BE753465A1BD1E6002800D1F8
:1088E00014E7002D00D112E78023DB031A4200D1E8
:1088F0000DE74146194200D009E7424607E70C0060
:108900003700AA1ABCE6002D13D00C00C446E2E6DC
:10891000002D00D1FBE68023DB031A4200D1F6E6EE
:108920004046184200D0F2E60C00EFE6002A00D0E4
:1089300063E7002200249446CDE6C446CBE62A0035
:108940003700524403E7C046FFFFFF7DFFFFFFFBF8
:10895000F0B54F464646D6464502C0B547000C1C0A
:108960006D0A3F0EC60F002F66D0FF2F6CD000237C
:10897000EA00802599469A46ED0415437F3F600240
:108980006100430A9846090EE40F002948D0FF29E8
:1089900010D08022D800D2040243904600207F39B4
:1089A0004A4633007F1A02436C4992008A5863405A
:1089B000DBB29746002B6DD10220FF3F33E000234E
:1089C00098462600454682465346022B00D17FE05A
:1089D000032B00D194E0012B17D038007F30002802
:1089E0005FDD6B0704D00F232B40042B00D0043530
:1089F0002B0103D538005A4B80301D40FE2867DC20
:108A0000AD016D0AC0B202E01E0000200025C005C5
:108A10002843F60730431CBC90469946A246F0BD59
:108A2000002B2BD101204A4633004E4902439200CD
:108A30008A586340DBB29746002D13D10423994630
:108A4000033B00279A469AE7002D05D10823994653
:108A5000063BFF279A4692E70C239946093BFF27DE
:108A60009A468CE7280002F099FB7627431F9D4029
:108A700000237F4299469A463F1A80E7180002F089
:108A80008DFB4246431F76219A404942091A90467F
:108A9000002085E7FF21032082E71E00FF2000253C
:108AA000B5E701231B1A1B2BAFDC9E372900BD4005
:108AB000D9406A1E95410D436B0704D00F232B400C
:108AC000042B00D004356B0144D5012000259EE71E
:108AD000FF2000259BE780250026FF20ED0396E779
:108AE000002398468020C003054209D04346034234
:108AF00006D1454605436D022600FF206D0A86E734
:108B00008020C00305436D02FF206D0A7FE74146C8
:108B10006A014801824219D21B210025013F01262A
:108B200014006D005200002C01DB904201D8121A93
:108B3000354301390029F3D1501E824138007F307E
:108B40001E001543002800DD4BE7AAE71A21012586
:108B5000121AE4E7AD0100206D0A58E768BC000076
:108B6000FFFFFFF7A8BC000070B542004E024C00AA
:108B700045026D0A120EC30F760A240EC90FFF2A92
:108B80000FD0FF2C11D00120A24200D070BDB54201
:108B9000FCD18B420DD0002AF8D12800451EA841F7
:108BA000F4E70120002DF1D1EBE70120002EEDD1FB
:108BB000E9E70020EAE7C046F0B5420046024D0270
:108BC0004C00C30F760A120E6D0A240EC80FFF2A3E
:108BD0001FD0FF2C10D0002A1FD171427141002CF0
:108BE00001D1002D1ED000290ED183421ED00221BA
:108BF000581E08400138F0BD002D26D1002AF4D1BE
:108C0000714271410029F0D00028F4D10120404286
:108C1000F1E7002E19D1FF2CEED0002CE5D1002D6C
:108C2000E3D1E4E70020002EE5D0E0E7A24205DC36
:108C3000EADBAE4202D8E7D30020DCE74142414103
:108C40004842022108400138D5E702204042D2E7DD
:108C5000F0B5420046024D024C00C30F760A120ED8
:108C60006D0A240EC80FFF2A0DD0FF2C0FD0002A4A
:108C700023D171427141002C0FD1002D0DD1002064
:108C8000002E14D00DE0002E10D1FF2C15D1002D98
:108C90000CD1002A03D171427141002908D18342CD
:108CA00010D00221581E0840013800E00220F0BD1B
:108CB0000028FCD101204042F9E7002CEFD1002D23
:108CC000EDD1EEE7A24205DCF2DBAE4202D8EFD3F3
:108CD0000020ECE74142414148420221084001386E
:108CE000E5E7C046F8B557464E464546DE464402DF
:108CF000E0B545000F1C640A2D0EC60F002D47D0AD
:108D0000FF2D4DD0002380209A469B46E400C004EE
:108D100004437F3D7802430A99467A00FB0F984648
:108D2000120E4B4644D0FF2A11D0D8008023DB041A
:108D30000343994600207F3AAD1847465346774093
:108D4000691C0F2B3FD8724A9B00D3589F46FF35B2
:108D5000002B00D079E0524602231A4392460220AB
:108D6000EBE747464C4683465B46022B28D0032B55
:108D700000D1C6E0012B4FD100200024C005FF0721
:108D8000204338433CBC90469946A246AB46F8BDCA
:108D9000002C71D104239A46033B00259B46B9E77A
:108DA000002C63D108239A46063BFF259B46B1E77A
:108DB000002B50D1524601331A4392460120BCE7A2
:108DC000FF200024DAE74846260C2404220C040481
:108DD000240C4B4620001B0C504374435A435E4303
:108DE0001219030C9B189C4203D98022520294460C
:108DF000664400041A04000C12189401601E844199
:108E00001B0C920E9B1914439B011C431B0172D532
:108E10000120630804401C4308007F3000283CDD2B
:108E2000630704D00F232340042B00D00434230114
:108E300003D580310800374B1C40FE28C0DCA4015C
:108E4000640AC0B29AE737008EE7524603231A43FA
:108E50009246032071E7484602F0A0F94A46431FB4
:108E60009A402D1A91460020763D66E70C239A46DB
:108E7000093BFF259B464DE7200002F08FF9762540
:108E8000431F9C4000236D429A469B462D1A41E7A2
:108E900080240027FF20E40370E701231B1A1B2B0B
:108EA00000DD69E79E3120008C40D840631E9C4164
:108EB0000443630704D00F232340042B00D0043461
:108EC00063011AD50120002458E78020C003044222
:108ED00009D04B46034206D14C4604436402474640
:108EE000FF20640A4AE78020C0030443640237007D
:108EF000FF20640A42E729008EE7A4010020640AEB
:108F00003CE78020C00304436402FF20640A35E785
:108F1000E8BC0000FFFFFFF7F0B54646D6464F46D7
:108F200043025B0ADA0094464A02C0B54400560A7E
:108F3000051CB046240E4E0092091F0020009246E8
:108F4000ED0F360EC90FFF2E00D17FE001225140F8
:108F50008D4251D0A21B9146002A00DC7EE0002EFB
:108F600000D199E0FF2C00D18CE080235246DB0435
:108F70001A4392464A4601231B2A08DC5346202105
:108F8000D340891A52468A40511E8A411343624691
:108F9000D31A5A0100D4F3E09B019E09300002F07D
:108FA000FDF805388640844200DDF7E03200041BFE
:108FB00020200134E240041BA64033005E1EB34172
:108FC000002413435A0704D00F221A40042A00D069
:108FD00004335A0100D4D6E0621CFE2C00D1DAE042
:108FE0009B015F0AD0B2C0053843ED0728431CBC83
:108FF00090469946A246F0BDA21B9146002A63DD29
:10900000002E00D199E0FF2C3CD080235246DB0497
:109010001A4392464A4601231B2A08DC5346202164
:10902000D340891A52468A40511E8A4113436344F1
:109030005A0100D4A4E00134FF2C00D1ABE001229E
:1090400097491A405B080B401343BBE7002A32D014
:109050008D4235D0FF2252429146A1444A46002A11
:1090600051D0301B002C00D09CE06346002B00D177
:10907000DFE00138002800D1F7E0FF2E00D099E0B2
:109080000D004346002B00D185E08027FF031F43DE
:109090007F02FF207F0AA6E75246002A74D00122F1
:1090A00052429046C1444A46002A00D1C8E0FF2CF3
:1090B00000D05FE7E6E701225140A94200D049E72E
:1090C000FF2252429146A1444A46002A43D0311B16
:1090D000002C00D18CE0FF2E00D192E0802362466C
:1090E000DB041A43944601231B2909DC2020634634
:1090F0006246CB40411A8A401100481E81410B4311
:109100003400534494E7FE22661C324264D1002CA2
:1091100000D082E06346002B00D1ABE05346002B29
:1091200000D160E7634652469B1A5A0100D4AAE078
:10913000634652460D00D31A44E75246002A23D014
:10914000012252429046C1444A46002A75D0FF2C63
:1091500000D05FE796E7FE260134264253D100286F
:1091600072D16346002B00D193E05346002B00D10F
:1091700039E7634400245A0102D54A4A01341340B6
:109180005A0700D020E7DB08FF2C00D17AE75B020A
:109190005F0AE0B227E7FF20002724E7414B241AAB
:1091A00033400FE7FF2E00D16AE780236246DB04DD
:1091B0001A43944601231B2809DC20246346624697
:1091C000C340201A82401000441EA041034352466F
:1091D0000D003400D31ADCE6634652469E1A730132
:1091E00017D4002E00D0D9E6002500200027FAE68B
:1091F0006346002B44D0013900294CD0FF2E00D00B
:1092000071E743463EE7FF2CC5D0524662445308FF
:10921000B6E763460D00D61AC0E66246002A16D1AC
:109220005346002B00D02BE780270025FF20FF03AB
:10923000D9E60D0043463400A6E753466344F7E6FB
:10924000634652469B1AA4E66246002AD9D052468B
:10925000002A00D116E78022D203134200D111E781
:109260004046104200D00DE70AE752460D00340098
:10927000D31A8EE65346002B08D00D004746B2E6BF
:109280004346340080E7002B00D079E70025002713
:10929000A9E64746A7E6534634006344C8E6C046FD
:1092A000FFFFFF7DFFFFFFFB42024B024000490032
:1092B000520A5B0A090E000EFF2806D00020FF2983
:1092C00002D11800431E98417047FE38002AFBD196
:1092D000F4E7C04641024200C30F490A0020120EC3
:1092E0007E2A03D99D2A02D9094A981870478020FE
:1092F00000040143952A07DC9620821AD140484297
:10930000002BF3D10800F1E7963A9140F7E7C04609
:10931000FFFFFF7F70B5002813D0C317C5185D404D
:10932000C40F280001F03AFF9E2301001B1A962B60
:109330000FDC082801DD08398D406D026D0AD8B2B6
:1093400002E0002400200025C0052843E407204354
:1093500070BD992B0BDD05222E00121AD64002009B
:109360001B3295402800451EA841350005430529BC
:1093700001DD4A1F95402A00084E3240680709D097
:109380000F202840042805D00432500102D59F2325
:1093900032405B1A9201550AD8B2D5E7FFFFFFFBB6
:1093A00070B5051E0ED001F0F9FE9E2304001B1AB5
:1093B000962B0CDC082801DD083CA5406D026D0AE7
:1093C000D8B201E000200025C005284370BD992BCC
:1093D00009DD020029001B3291404A1E91410522FD
:1093E000121AD5400D43052C01DD621F954029005E
:1093F000084E31406A0709D00F202840042805D0C4
:1094000004314A0102D59F2331401B1B89014D0ABB
:10941000D8B2D9E7FFFFFFFBF0B54F46D646464628
:109420000D0001001800C0B517002B035A0A4B0F9E
:109430001343CA00914602036E004100520AEC0F2A
:109440007D0F1543760D490DC00F8246AC46FF00D7
:10945000721A844200D198E0002A00DC81E00029E1
:1094600000D1B6E0C9498E4200D172E180212800C6
:10947000090408438446382A00DD5EE11F2A00DD26
:10948000EEE1202039006546801A8740D1408540B2
:109490000D4339004F1EB9416746D7402943DB1BB6
:1094A0004A46551AA945894149425B1A984643469E
:1094B0001B0200D4CCE043465B025B0A984643465D
:1094C000002B00D12CE1404601F068FE0100083974
:1094D000202228004346521A8B40D0408D4003433F
:1094E0008E4200DD17E18E1B721C1F2A00DDA7E1F2
:1094F000202118002E00891A8D408840D640D34084
:10950000691E8D4130439846002605436B0709D0FC
:109510000F232B40042B05D02B1DAB42AD416D42D8
:10952000A8441D0043461B0200D494E0974B721CD4
:109530009A4200D19DE04146954BED0819400B0041
:10954000520549075B0229431B0B520D12051343B9
:10955000E4072343080019001CBC90469946A24624
:10956000F0BD002A43D08A1B002E00D02AE14C46D1
:109570001C4300D1D1E1541E012A00D11FE2834DCA
:10958000AA4200D172E2220023E1002A00DC98E026
:10959000002942D07D498E4200D1DAE080212800A6
:1095A000090408438446382A00DD29E11F2A00DC2B
:1095B00087E1110065462039CD40202A04D04020A3
:1095C0006146821A91400F4339004F1EB9410D4345
:1095D0001BE12900394300D1B5E0511E012A00D119
:1095E000ABE16A48824200D1B2E10A0043E769492F
:1095F000751C0D4200D0CFE0002E00D093E149460B
:10960000194300D1D1E16146394300D0E3E1494635
:109610005807C9080143DB0826E02900394300D177
:1096200091E0511E012A05D05848824200D18FE1B5
:109630000A00B8E73D004D444D45894163449846D2
:1096400049428844434602261B0200D5EBE0013E16
:109650006B0700D05CE74346E9085A071143320024
:10966000DB084A48824221D01B0352051B0B520DD6
:109670006CE70023002169E72A003A4369D04A4693
:109680005807D108DA0880231B0308431A4207D081
:109690002900ED081D4203D12A00FF08480738437E
:1096A000430FC1005B07C908194313000A001A439E
:1096B00000D113E28022120313431B03334A1B0B16
:1096C00044E7002A4BD08A1B002E00D1E7E02F4848
:1096D000814200D195E1802000040343382A00DD57
:1096E00043E11F2A00DDDBE120201D004E46801AE9
:1096F0008540D64035434E4686403000D340461E16
:10970000B0419C440543ED19BD429B415B4263441B
:1097100098460E007FE01E4A761A13409846F5E6FA
:10972000280001F03BFD010018311F2900DCCFE6C5
:109730002B00083883400025D2E662463A431100E8
:109740004F1EB941ACE649465807C9080143DB083A
:1097500087E749465A07C9081143DB08A6E70D49C0
:10976000701C084200D0BBE0002E00D014E1494636
:10977000194300D175E12900394300D07EE1494603
:109780005807C9080143DB086EE7C046FF07000021
:10979000FFFF7FFFFE0700004946CD1B6146581AB8
:1097A000A94589414942884601004046091A884630
:1097B000090200D5A6E04146294300D07FE60023F8
:1097C000002451E7C74CA14200D1C7E08024240403
:1097D0002343382A54DC1F2A00DDCCE020244846ED
:1097E000A41A1D004E46A040D640A5400400D34018
:1097F00062463543661EB441D31A9C46254344E075
:1098000062463A4315006F1EBD414D444D458941A6
:1098100049428846984443461B0200D418E7B14B9E
:1098200001369E4249D04246AF4B01211A401300F7
:109830006A080D401543D9075B0898460D4365E655
:1098400018001F3EF040202A03D040218A1A93407E
:109850001D43691E8D410023002698460543F7E607
:10986000110065462039CD40202A04D040206146B1
:10987000821A91400F4339004F1EB94129430FE628
:109880004A4613431D006B1E9D417D1BAF429B4109
:1098900062465B42D31A984654460E0007E6484695
:1098A000184300D1B3E0501E012A00D10DE18D4DC7
:1098B000AA4200D1A5E0020010E7320000230021F7
:1098C00044E620213800891A65468F408D40D040FB
:1098D000791E8F4105433D436746D740DB1994E726
:1098E000804A904200D1ECE0390049444945924118
:1098F000634452429B18DD0749085B0898460600FE
:109900000D43A5E64A46BD1AAF4289416246494227
:10991000D31A5B1A98465446D1E56C07F9082143DF
:10992000EB0804009DE64A461A4375D16146394367
:1099300014D1802300241B03BCE64A46D51BA9454D
:109940008941624649429B1A5B1A98460126AEE558
:109950004A46D1085A071143DB08A7E66346F908CF
:109960005A0754461143DB08A0E64A4613431D003C
:109970006B1E9D41C7E614001E00203CE640202AD5
:1099800005D04024A21A93404A461A4391464D46B8
:109990006B1E9D41354378E74A461A4300D06BE67B
:1099A0006B07F9081943EB0880E66146394354D048
:1099B0006346F9085C072143DB08040054E64A4685
:1099C000BD1AAF42894162464942D31A5B1A984692
:1099D000040001266BE54A46D51BA945894162462C
:1099E00049429A1A521A9046120232D54A46BD1A74
:1099F000AF42894162464942D31A5B1A9846040035
:109A000084E56346F9085A071143DB084EE6F90876
:109A100068070143EB0824E662463A4300D198E622
:109A20004A46D1085A071143DA0880231B031A4219
:109A300008D06046C5081D4204D154462A00F908E2
:109A4000430719434B0FC9005B07C90819431300AB
:109A50002CE64146294300D0FAE500230A00002401
:109A600002E66B07F9081943EB08FDE56346F908C0
:109A70005B07194363460400DB0817E63D004D44CD
:109A800063444D45894198464942884443461B02F8
:109A900000D4DDE54246144B01261A409046D7E536
:109AA00010001E002038C640202A05D04020821A0F
:109AB00093404A461A4391464D466B1E9D4135439D
:109AC00021E602000023002140E54A46D519BD42A7
:109AD00089416344984649428844B3E50021014ADC
:109AE0000B0033E5FF070000FFFF7FFFF0B557468F
:109AF0004E464546DE46E0B5814605000C0348006B
:109B000092461F0085B0240B400DCE0F002859D07F
:109B1000874B984200D198E06B0FE4001C438023F0
:109B20001B0423439846834BED009B460023994634
:109B3000834400933C037B005046240B5B0DFF0FD6
:109B4000002B67D07A4A934218D07A49420F8C464C
:109B5000E40059461443802263441204CB1A144390
:109B60009B46C200002033007B409A464B460F2B99
:109B700000D9EFE070499B00CB589F466F4B52468F
:109B80009C462243E344002A00D095E04946022344
:109B90001943894600240220E5E70023002400251C
:109BA00052461B052343D20713432800190005B072
:109BB0003CBC90469946A246AB46F0BD0024002529
:109BC0005B4BEDE74B462343984600D189E0002CE0
:109BD00000D1E0E1200001F0E1FA010002000B39C0
:109BE0001D235B1A49461000D940083884400B00F9
:109BF0004D4623439846854051483C03831A9B4673
:109C00000023994600937B005046240B5B0DFF0F09
:109C1000002B97D15246224355D0002C00D1CAE1E7
:109C2000200001F0BBFA02000B3A1D2301009B1A31
:109C300052460839DA408C40144352468A40414B20
:109C400058449B46834400208DE74B462343984667
:109C500040D108239946063B00258346009369E7D7
:109C6000B246009B022BA9D0032B00D111E2012B9D
:109C700093D0354A5A44002A00DC3CE16B0700D0FF
:109C8000A7E1ED084346DB0106D542462F4B1A40BB
:109C900090468022D2005A442D4B9A428EDC434695
:109CA000520558075C020543240B530D78E7BA466A
:109CB000A04615000090D4E74A4603231A43914674
:109CC000032052464FE749460123194389460024A1
:109CD000012048E70C239946093BA04683460093A0
:109CE00028E70423994600239B460133002500936F
:109CF00020E7002380249A4600250D4B24034FE7DC
:109D0000802341461B03194208D01C4206D11C4344
:109D10002403BA461500064B240B41E78024434632
:109D200024031C432403B246014B240B38E7C046EE
:109D3000FF07000001FCFFFF28BD000001F8FFFF46
:109D40000DFCFFFFF3030000FF030000FFFFFFFE19
:109D5000FE070000444500D216E100D111E10123C5
:109D60005B429C462E0040460025E3442302140E2D
:109D70001C431B0C994623041F0C120249460092F7
:109D80000197FEF7A1FA02007A430B04310C8046DA
:109D900019438A420BD901235B429C460919E044CE
:109DA0008C4204D88A4202D9831E98460919881A1F
:109DB0004946FEF789FA09048C4631046646019A41
:109DC000090C4243030031438A4204D90919013B7B
:109DD0008C4200D811E1891A4246009E12041A43AF
:109DE000330C1F00100C9046029313043204160C1F
:109DF00032001B0C5A4303967B4346437843170CAF
:109E0000BC469B1963449E4203D980267602B44621
:109E100060441E0C301816041B04360C9E19814237
:109E200000D29CE000D197E0AE1B091AB5428041F8
:109E30004042081A844200D111E14946FEF744FA33
:109E4000019A0B044243310C050019438A4207D999
:109E50000919013D8C4203D88A4201D9851E09198E
:109E6000881A4946FEF730FA09048C4631046646E2
:109E7000019A090C4243030031438A4207D9091968
:109E8000013B8C4203D88A4201D9831E0919039EE3
:109E9000891A32002D041D43029F2B041B0C5A43C8
:109EA0007B439C46280C4643130CB44463447843DC
:109EB0009E4203D980267602B44660441E0C1204EA
:109EC0001B04120C30189B18814206D302D00123C8
:109ED0001D43CEE6002B00D1CBE661186E1EA142D9
:109EE00000D2A4E0814200D2C9E000D1D9E035001F
:109EF000EDE701256D420121891A382900DD4CE684
:109F00001F2900DC7FE01F235B429A1A4346D3409F
:109F1000202904D04446654A5A44944025436A1E89
:109F2000954107222B43150000241D401A4200D101
:109F3000A1E00F2200241A40042A00D198E01A1D43
:109F40009A429B415B42E4181300220200D48FE046
:109F500001230024002523E6B54200D364E74346ED
:109F60005A1E009B9C4665441F009D429B415B42DC
:109F70001B19C9188C423AD2884263D860D09046E7
:109F800052E7AA4200D9EAE64346DE0758086B08C2
:109F90001E43ED07EAE6484601F000F90100020021
:109FA000153120321C2900DC1AE64B460838834064
:109FB0000025984620E601F0F1F803001A0015325A
:109FC00020301C2A00DC30E65446083B00229C402E
:109FD00035E60F232B40042B00D152E605235B42CC
:109FE000AB429B4104355B42ED0898444AE68C4203
:109FF000C5D1AF42C0D9904616E78A4200D8EAE6FA
:10A00000831E0919E7E62A4A28005A444346954028
:10A010009340C8406A1E9541444603432B43CC40BD
:10A020005A0792D00F221A40042A88D18DE73500B2
:10A03000814200D04BE7009A934200D047E718E6F0
:10A04000AE429CD902235B429C46009BE0449C4666
:10A0500065449D429B415B421B19C918E4E6154AC1
:10A060005A44002A00DC44E701230025984409E60D
:10A0700065076402240BDB081D43002390E5009E66
:10A08000023D7200B242BF417F423C190919009261
:10A09000CEE78024434624031C432403064B240BB1
:10A0A0007EE5009A9A42EAD33500C4E73E040000F8
:10A0B0001E040000FF030000FF070000F0B54F463C
:10A0C0004646D646944691461A03120B184DC0B523
:10A0D0004C000F0392465A00060080463F0B0120B9
:10A0E000640DC90F520DDB0FAC420AD0AA4203D057
:10A0F000944201D157450DD01CBC90469946A246CA
:10A10000F0BD3D003543F7D1A242F5D15246654638
:10A110002A43F1D10120C845EED1994206D0002C46
:10A12000EAD13E433000461EB041E5E70020E3E7B8
:10A13000FF070000F0B54E4645465746DE46040090
:10A140001800E0B516001B031B0B324D0F034A002D
:10A1500099464300A446B0463F0B520DC90F5B0D14
:10A16000C00FAA4229D0AB4218D0002A2AD13C43C2
:10A17000A34665426541002B02D14C46264327D0B9
:10A18000002D15D1814228D0022001390840013824
:10A190003CBC90469946A246AB46F0BD4D462E4388
:10A1A0002FD1002AEED13C4365426541002DE9D014
:10A1B0000028EDD101204042EAE73D00254320D1AF
:10A1C0009342EBD0002BDDD14C462643DAD1DBE7BE
:10A1D0005B460020002BDBD0D6E79A420ADCE7DBA7
:10A1E0004F45D1D810D000204F45D1D20029E1D021
:10A1F0000800CDE74342584102234042184001384D
:10A20000C6E702204042C3E7C445BDD80020C4458C
:10A21000BED2EBE7FF070000F0B54E464546574675
:10A22000DE4604001800E0B516001B031B0B314D81
:10A230000F034A0099464300A446B0463F0B520D17
:10A24000C90F5B0DC00FAA4211D0AB4214D0002A37
:10A250002FD13C43A34665426541002B14D14C46A7
:10A26000264311D15B460020002B17D010E03D00A3
:10A27000254312D193421CD14D462E430DD1002AC5
:10A2800004D13C4365426541002D0DD1814216D079
:10A29000022001390840013800E002203CBC904611
:10A2A0009946A246AB46F0BD0028F7D101204042B6
:10A2B000F4E7002BEAD14C462643E7D1E8E79A427F
:10A2C00006DD434258410223404218400138E5E789
:10A2D0009A42E9DB4F45DBD806D000204F45DDD25E
:10A2E0000029E3D00800D9E7C445D1D80020C445EF
:10A2F000D4D2F5E7FF070000F0B557464E46454675
:10A30000DE46E0B598460C034B000600924687B047
:10A31000240B5B0DCF0F002B6CD0DD4A934200D194
:10A3200086E0420FE4001443802212041443D94A09
:10A33000C500944663440093002399469B464346D8
:10A3400042461E03D20F5B0050469046360B5B0D13
:10A3500000D178E0CE4A93421DD0CE49420F8C46C0
:10A3600000996344F6008C46164380229C441204F4
:10A3700063461643C2000020009300994346013112
:10A380008C4649467B4001930F2900D97EE0C24BA1
:10A39000890059588F465246009B324300D056E1FF
:10A3A000BB4900268C466344494600930223194367
:10A3B00089460220E1E743460193340015008346B5
:10A3C0005B46022B5ED0032B00D1F3E1012B00D0C2
:10A3D00018E1002200240025019B12052243DB071F
:10A3E0001A432800110007B03CBC90469946A2468B
:10A3F000AB46F0BD2500054300D141E1002C00D162
:10A40000ADE1200000F0CAFE010002000B391D235F
:10A4100010005B1A3100350008388440D94085406F
:10A420000C439E48831A0093002399469B4686E777
:10A430000500254300D01CE10822009302230024DC
:10A4400091469B467BE75246324300D10AE1002EFB
:10A4500000D176E1300000F0A1FE02000B3A1D238E
:10A4600001009B1A52460839DA408E401643524684
:10A470008A40009B8949181A03008C4663440020D7
:10A4800000937AE700240025814AA5E72F0C2D04CC
:10A490002D0C2B00110C1204120C53439846130080
:10A4A00028007B43994648434844834640460B0076
:10A4B000000C824658467B4350440293814506D99E
:10A4C0009A4680235B029946CA4453460293030C82
:10A4D0009B4643461B0400041B0C98460300434460
:10A4E0000493330C99462B003604360C734398467C
:10A4F00033007B439A464B465D435F434346554496
:10A50000180C4019824503D980235B029A465744B0
:10A51000050CEB19059343461D042D0C000440194E
:10A52000250C2404240C270057436A4390462A0034
:10A530003B0C9A464A436143414451448344884515
:10A5400003D980235B02984642443F040B0C3F0C26
:10A550000904C919270098464B4677435C436E436C
:10A560005D433B0C9946A4194C4442440395A642D2
:10A5700004D980235B02984645440395029B3F041F
:10A580005B441E008342804123049846059B3F0C98
:10A590004744984676188E428941474440423D18C8
:10A5A000A846934649428A46C3449F42BF418045DC
:10A5B0008041039BDA449846534640427F4207431A
:10A5C000240C934592418A4589413F19DC0D049B37
:10A5D00075021D43681E85415346524249420A4353
:10A5E000BF184744F60D7F0235435A023C431543DA
:10A5F000FB0100D4C1E001216A080D401543E207C8
:10A600001543640826496144002956DD6B0709D0CB
:10A610000F222A40042A05D02A1DAA42AD416D42CC
:10A6200064191500E30104D580211E4AC9001440B5
:10A6300061441D4A914200DD24E76207ED0864028F
:10A6400049051543240B4A0DC6E60197B8E6104AA2
:10A650000320944663444A46009303231A439146D9
:10A6600052468AE6494601231943894600260120BD
:10A6700083E60C2200930323050091469B465EE689
:10A680000423994600230093013300249B4656E699
:10A69000FF07000001FCFFFF68BD00000DFCFFFF8D
:10A6A000FF030000FFFFFFFEFE07000000238024E1
:10A6B0000025444A019324038EE60120401A3828DD
:10A6C00000DD86E61F285BDD1F2223005242511A5F
:10A6D000CB401900202803D03B4A624494402543D4
:10A6E0006A1E95412A000A4307210D0000241540E7
:10A6F00011425BD00F2100241140042953D0111DB9
:10A70000914292415242A4180A0023024BD50122E1
:10A710000024002560E680231B031C4209D01E4252
:10A7200007D133431C0343461500240B254A0193EC
:10A7300052E68022120314432403224A240B019779
:10A740004AE600F02BFD03001A00153220301C2AC7
:10A7500000DC84E65646083B00229E4089E600F075
:10A760001DFD01000200153120321C2900DC4EE6DF
:10A77000340008380025844053E6009B9C4641E79E
:10A780001249220061442E008D408A40C640691E55
:10A790008D4132432A43C4405307B6D00F211140A4
:10A7A0000429ACD1B1E765076402240BD208154334
:10A7B000002211E68022120314432403014A240BD1
:10A7C0000AE6C046FF0700003E0400001E04000029
:10A7D000F8B557464E464546DE460400E0B51F0034
:10A7E00010000B03620F4E00CD0F5B0A39031343B9
:10A7F000490AE200440F2143C24C91469246C000F0
:10A800007A008046760D520DFF0FA24200D1B4E0CF
:10A8100001246740BB46BD4200D188E0B41AA4467B
:10A82000002C00DCB2E0002A00D1C5E0B54A964217
:10A8300000D18BE28022120411436246382A00DDE7
:10A84000A1E11F2A00DD16E220270C00BF1ABC4040
:10A850000200A0466446B840E24044461443020069
:10A86000501E82416046C14022435B1A49468C1A01
:10A87000A145924152429B1A984643461B0200D47E
:10A8800017E143465B025B0A98464346002B00D122
:10A890006CE1404600F082FC0200083A20212000D2
:10A8A0004346891A9340C84094400343964200DDD2
:10A8B00057E1961B711C1F2900DDCBE120221800F7
:10A8C0002600521A94409040CE40CB40621E9441E4
:10A8D0003043984600260443630709D00F232340E2
:10A8E000042B05D0231DA342A4416442A0441C00B4
:10A8F00043461B0200D4DFE0824B01369E4200D16A
:10A90000FBE04246804BE4081A40130071055207F1
:10A910005B0222431B0B490D0905ED07194329432F
:10A9200010003CBC90469946A246AB46F8BDB41A0E
:10A93000A446002C58DD002A00D19EE0714A9642C0
:10A9400000D13BE18022120411436246382A00DD27
:10A95000C1E01F2A00DCBBE10C00203AD4402200F9
:10A960006446202C04D040273F1BB9400843804652
:10A970004446611E8C411443B1E00C0004432AD0CC
:10A98000BB46BD422DD0614CA446B4446446002C65
:10A990005CD0941BA446002E00D015E14D461D430B
:10A9A00000D1C3E1651E012C00D10CE2554EB4422A
:10A9B00000D1F8E1AC460EE10A00024300D136E1D5
:10A9C0002200013A012C00D1C6E14E4CA44500D131
:10A9D000F4E0944631E701246740BB46BD4200D015
:10A9E0001CE74A4CA446B4446446002C00D1CFE096
:10A9F000941BA446002E00D15CE1424EB24200D12D
:10AA0000ECE18026360433436446382C00DDB3E1A4
:10AA10001F2C00DD38E22026361B1C00B4404F46B8
:10AA2000A0466446E74044463C434F46B7403E009C
:10AA3000771EBE4134436646F340C9182418844249
:10AA40009B415B429846160088444EE0304A741C95
:10AA5000144200D0D6E04A461A43002E00D05BE1F3
:10AA6000002A00D1A5E10A00024300D0BBE14A461A
:10AA70005907D2080A43DB0827E00A00024300D145
:10AA800074E12200013A012C05D01E4CA44500D1EE
:10AA900094E0944659E74844484592415B189846EB
:10AAA000040052429044434602261B0200D5C4E0F3
:10AAB000013E630700D011E74346B4465907E20858
:10AAC0000A43DB080F498C4540D061461B0349050A
:10AAD0001B0B490D20E701430C00611E8C414C44C7
:10AAE0004C45924152429046984443461B02E0D561
:10AAF000044B01369E4200D09FE03100002300222B
:10AB00000AE7C046FF070000FFFF7FFF01F8FFFFD5
:10AB1000FE070000002A00D160E10A0002434DD088
:10AB20004A465C07D20822438024DB0824032342E0
:10AB300007D0CE08264204D15D463300C20849073B
:10AB40000A43510FD200D20849070A4311001943A2
:10AB500000D1C8E1802109030B431B03D5491B0B1E
:10AB6000DAE6D549B61A0B409846B5E6200000F063
:10AB700015FB020018321F2A00DC8FE6230008387C
:10AB80008340002492E608430200501E82416DE695
:10AB9000CA4C721C224200D0ADE04A461A43002E35
:10ABA000B8D1002A00D158E10A00024300D059E18F
:10ABB0004A465907D2080A43DB0886E74A4659073E
:10ABC000D2080A43DB08C1E7BA4DAA4200D11EE110
:10ABD00080252D042B436446382C5DDC1F2C00DDC2
:10ABE000D0E0202567462D1B4E461C00FE40AC40A1
:10ABF00034434E46AE403500FB406E1EB541C91A87
:10AC00002C434EE04A46141AA145924152429046C6
:10AC10005F1A3A004746D21B9046120200D58BE0DD
:10AC20004246224300D030E6002300254DE74A4645
:10AC30005907D2080A43DB0844E742469E4B6108A5
:10AC40001A401300012214400C43DA075B089846AF
:10AC5000144341E61A001F3EF2401600202903D09B
:10AC60004022511A8B401C43621E944100233443FE
:10AC7000984600261DE70C00203AD4402200644686
:10AC8000202C04D040273F1BB9400843804644464F
:10AC9000611E8C412243E9E54C4623431C00631EA0
:10ACA0009C41041BA0429B415B42CB1A98465D46E7
:10ACB0001600E2E54E461E4300D1AEE0661E012CB2
:10ACC00000D1FDE07B4FBC4200D107E1B4469BE6DA
:10ACD00064462022121B0C00944007009040A046BE
:10ACE0006446421E90416246E7404446D1403C43A0
:10ACF00004435B18F3E66F4CA24200D1D5E0484410
:10AD00005B184845894149425B18DC0740085B08ED
:10AD1000984616000443CCE6002A00D082E00A00E0
:10AD2000024340D1802300251B0313E74B07C208D1
:10AD30001A435D46CB08C5E64A46841AA0429241B2
:10AD4000CB1A52429B1A98465D469EE54A465907E1
:10AD5000D2080A43DB08F9E64A46141AA145924193
:10AD60005B1A52429B1A9846012686E54A465907C5
:10AD7000D2080A43DB08A5E64C4623431C00631EA9
:10AD80009C415BE665461E00203DEE40202C05D030
:10AD900040252D1BAB404C461C43A2465446631E27
:10ADA0009C4134437DE74B07C2081A435D46CB08FC
:10ADB000CCE60A00024300D136E74B07C2081A432B
:10ADC0005D46CB0881E64A46841AA0429241CB1ADE
:10ADD00052429B1A98465D4601264EE54B07C20833
:10ADE0001A43CB08B2E64A46141AA14592415F1AAB
:10ADF0005242BA1A904612026BD54A46841AA042B1
:10AE00009241CB1A52429B1A98465D4664E54B0725
:10AE1000C2081A435D46CB0898E64B07C2081A439E
:10AE2000CB084FE60A00024390D04A465C07D2089E
:10AE300014438022DB081203134208D0CE081642C6
:10AE400005D1C0084907084304005D463300610F7F
:10AE5000E2004907D2080A4378E64B07C2081A43C2
:10AE6000CB0832E648445B18484592419846524226
:10AE70009044434604001B0200D41AE642460E4B9F
:10AE800001261A40904614E666461F00203EF74011
:10AE9000202C05D04026361BB3404C461C43A2460E
:10AEA0005446631E9C413C43C8E511000023002228
:10AEB00032E5C046FF070000FFFF7FFFFE070000EE
:10AEC0004A461418844292415B1898465242904474
:10AED000E9E54246224300D1A6E6EAE54B07C2086F
:10AEE0001A43CB0832E600220149130014E5C0469C
:10AEF000FF07000070B505000C480C031600490060
:10AF00001A035B00240B490D120B5B0D814208D024
:10AF1000064900208B4203D132431000421E90416B
:10AF200070BD01202C43FBD1F2E7C046FF070000B3
:10AF30000A0030B5134C530009030500090B00202B
:10AF40005B0DD20FA34204DD0F48834202DD0F4B9D
:10AF5000D01830BD8020400301430D48C01A1F287F
:10AF600008DD0C48C31AD9400B005842002AF0D122
:10AF70001800EEE7084CC540A446634499400B0016
:10AF80002B43F2E7FE0300001D040000FFFFFF7FDC
:10AF90003304000013040000EDFBFFFF70B5002830
:10AFA00016D0C317C5185D40C40F280000F0F6F88E
:10AFB000114A121A0A2816DC03002E0015339E408F
:10AFC0000B23181AC54053052D032D0B5B0D03E011
:10AFD00000240023002500261B052B43E407234300
:10AFE0003000190070BD0B38854053052D03002635
:10AFF0002D0B5B0DF0E7C0461E04000070B543004A
:10B000004602C40FFE201B0E591C750A08420CD0C4
:10B01000E022920094466D07360B63441B053343D0
:10B02000E40723432800190070BD002B14D1002D24
:10B030001BD0280000F0B2F80A281CDC0B232A00E1
:10B040001B1ADA40030015339D400E4B12031B1AE6
:10B050005B05160B5B0DE1E7002D09D0320B802656
:10B060003603094B6D071643D8E700230026D5E7C2
:10B070000026054BD2E703002A000B3B9A4000252F
:10B08000E3E7C04689030000FF07000002004B0011
:10B09000F0B508035B0D3D4ECC0F400A510F5F1C0D
:10B0A0000843D50037420AD039495E18FE2E16DD16
:10B0B000FF230021DB050B43E0071843F0BD002B05
:10B0C00006D1284327D005218901490ADBB2F1E7DF
:10B0D0000543EDD08021C903FF230143EAE7002E99
:10B0E0001CDD920111004A1E9141C0006D0F014309
:10B0F00029434B0748D00F230B40042B00D00431C9
:10B100008023DB040B403FD0721CFE2ED0D089017F
:10B11000490AD3B2CEE700230021CBE73200173231
:10B1200022DB80211E2209040843921B1F2A1DDDF9
:10B13000022149428E1B0100F1400E00202A04D05A
:10B14000144A944663449840054329004D1EA94182
:10B15000314300264B07CED180200B00C0040122D2
:10B1600003400142D3D1AFE70023ACE70A498C4644
:10B1700029006344D1409D400A00290098404D1E9B
:10B18000A94101431143E4E733009DE7FE070000B6
:10B1900080FCFFFFA2FCFFFF82FCFFFF1C210123BC
:10B1A0001B04984201D3000C10391B0A984201D3AA
:10B1B000000A08391B09984201D30009043902A288
:10B1C000105C40187047C0460403020201010101EF
:10B1D000000000000000000010B504000448130047
:10B1E000002804D00A000220210000E000BF10BDAA
:10B1F00000000000014B18687047C04600010020A5
:10B2000070B500260C4D0D4C641BA410A64209D14C
:10B21000002600F053F90A4D0A4C641BA410A64204
:10B2200005D170BDB300EB5898470136EEE7B30087
:10B23000EB5898470136F2E76401002064010020D2
:10B2400064010020800100207047704710B5034B57
:10B250000100186800F06AF810BDC0460001002027
:10B2600010B5034B0100186800F016F810BDC04679
:10B2700000010020002310B59A4200D110BDCC5C23
:10B28000C4540133F8E703008218934200D1704799
:10B2900019700133F9E7000070B50500002910D0DE
:10B2A0000C1F2368002B00DAE418280000F0E8F8EF
:10B2B0001D4A1368002B05D163601460280000F05C
:10B2C000E7F870BDA34208D9216860188342F3D122
:10B2D00018685B6841182160EEE71A005B68002B74
:10B2E00001D0A342F9D911685018A0420BD12068AF
:10B2F0000918501811608342E0D118685B68411842
:10B3000011605360DAE7A04202D90C232B60D5E725
:10B3100021686018834203D118685B684118216076
:10B3200063605460CAE7C046CC170020F8B5032319
:10B33000CD1C9D43083506000C2D1FD20C25A942BB
:10B340001ED8300000F09CF825490A681400002C33
:10B350001AD1244F3B68002B04D12100300000F0AB
:10B3600075F838602900300000F070F8431C2BD1CC
:10B370000C233000336000F08BF803E0002DDEDAA0
:10B380000C2333600020F8BD23685B1B19D40B2B02
:10B3900003D92360E418256003E06368A2420ED15C
:10B3A0000B60300000F074F8200007220B30231DE2
:10B3B0009043C21A9842E6D01B1AA350E3E75360A9
:10B3C000EFE722006468C2E70323C41C9C43A04249
:10B3D000E1D0211A300000F039F8431CDBD1C7E777
:10B3E000CC170020D0170020124B10B51C68A36B9F
:10B3F000002B0FD11820FFF729FF0F4BA06303602C
:10B400000E4B012243600E4B83600B23838100238C
:10B4100002614361A46B0B4A206961690A4BFDF725
:10B42000BBF8012200238018594120616161480066
:10B43000400810BD000100200E33CDAB34126DE684
:10B44000ECDE05002D7F954C2DF45158002370B58E
:10B45000064D040008002B6000F022F8431C03D1C5
:10B460002B68002B00D0236070BDC046E41700207D
:10B470000023C25C0133002AFBD1581E7047000034
:10B4800010B50248FFF7E0FE10BDC046DC170020F3
:10B4900010B50248FFF7D9FE10BDC046DC170020EA
:10B4A000044A03001068002802D0C31813607047D4
:10B4B0000148FAE7D4170020E8170020F8B5C04685
:10B4C000F8BC08BC9E467047F8B5C046F8BC08BC3E
:10B4D0009E4670470000000000000000FD340000A0
:10B4E0005B3500000000000000000000CD500000AF
:10B4F0003521000049210000FD2000000D21000041
:10B50000012100000521000009210000CD500000AC
:10B510000000000000000000FD3400005B3500006A
:10B52000A1210000B52100001921000035210000F3
:10B5300049210000FD2000000D2100000121000034
:10B540000521000011210000E93300000000000087
:10B5500000000000FD3400005B350000C921000040
:10B56000DD210000192100003521000049210000E3
:10B57000FD2000000D210000012100000521000038
:10B5800011210000E933000002048206086E0A0C53
:10B590005A0E124B141A3C1C262D28381E3A500FF6
:10B5A00004047D080A640C0E55101446161E37203C
:10B5B0002C282E4019425A0A2C01FA002C012C0189
:10B5C0000E01F000BE00AA008200780096009600EE
:10B5D0009600BE000E017800AA00C800D200DC0070
:10B5E000DC00DC00C800BE00AA00AA0096008C00A7
:10B5F000820078006E006E006400640064006400E5
:10B60000640064006400640064006400640064001A
:10B6100064006400640064006900690069006900F6
:10B6200069006900690069006900690069006900D2
:10B630006900690069006E006900690069006900BD
:10B6400069006900690069006900690069006900B2
:10B650006900690069006E0069006900690069009D
:10B660006900690069006900690069006900690092
:10B670006900690069006E0069006900690069007D
:10B680006900690069006900690069006900690072
:10B690006900690069006E0069006900690069005D
:10B6A0006900690069006900690069006900690052
:10B6B0006900690069006E00100E0C0A090A0A0A86
:10B6C000090A0A090809090A0707080708080808F3
:10B6D0000708090708090A0A0908080808080807E6
:10B6E00009080808080808080808080808080808D9
:10B6F000080808080809090A0808080808080808C6
:10B70000080808080809090A0808080808080808B5
:10B71000080808080809090A0808080808080808A5
:10B72000080808080809090A080808080808080895
:10B73000080808080809090A000000407D6E6D40ED
:10B7400021806D40344080408B3EB4409F829740C2
:10B75000C45EB040FABEB240C537E44051604040DC
:10B760000000803F00000000000000000B3F0000D0
:10B77000413E00003D3E0000653E0000813E00006D
:10B78000573F0000673E000000000000000000007E
:10B79000CD500000CD50000000000000000000006F
:10B7A000CD5000003521000049210000FD2000009F
:10B7B0006542000001210000052100000921000070
:10B7C0000000000004000000030000001C00000056
:10B7D000FF00000000000400000000000200000064
:10B7E00001000000020000000000FFFFFFFF020058
:10B7F0000000000005000000030000001C00000025
:10B80000FF00010001000500000000000000000032
:10B8100008000000000000000400FFFFFFFF000020
:10B82000000000000100000008000000000000000F
:10B830000500FFFFFFFF0100000000001C000000EA
:10B840000600000000000000FF00FFFFFFFFFF00F8
:10B8500000000000180000000600000000000000CA
:10B86000FF00FFFFFFFFFF000000000019000000C5
:10B870000600000000000000FF00FFFFFFFFFF00C8
:10B8800000000000020000000100000002000000B3
:10B890000000FFFFFFFF02000000000005000000A5
:10B8A000010000001E00000005000100010005006D
:10B8B0000000000004000000010000001E00000065
:10B8C0000400000000000400000000001E00000052
:10B8D0000400000000000000FF00FFFFFFFFFF006A
:10B8E000000000001F000000040000000000000035
:10B8F000FF00FFFFFFFFFF00000000001700000037
:10B900000400000004000000FF00FFFFFFFF07002D
:10B91000000000000A000000080000000400000011
:10B92000FF00FFFFFFFF0A00000000000B00000007
:10B930000800000004000000FF00FFFFFFFF0B00F5
:10B940000000000006000000030000001C000000D2
:10B95000FF00000100010600000000000E000000D2
:10B960000800000004000000FF00FFFFFFFF0E00C2
:10B97000000000000F000000080000001C00000094
:10B98000FF00010301030F00000000001000000091
:10B99000040000001C000000FF0000020002000084
:10B9A0000000000011000000040000001C00000066
:10B9B000FF0001020102010000080042140900001A
:10B9C000000C0042150A000000100042160B000097
:10B9D00000140042170C00000000000000000000EE
:10B9E0008D4F000039580000A54E00005F4E00004A
:10B9F000794E000051500000514C0000414C0000B5
:10BA0000C94C00006B4C00003D4C000000000000E1
:10BA10000000000000000000FF5B0000E55A00008D
:10BA2000315A0000DD580000055900001959000086
:10BA300047656D6D61204D300000040309044164C9
:10BA40006166727569740012010002EF0201409A8A
:10BA5000231E80000101020301000000000000001D
:10BA6000000000000D68000039680000096800004F
:10BA70002D680000216800008168000065680000F2
:10BA800073717274000000007371727466000000BC
:10BA9000FB21F93FFB2109407CD91240FB211940D1
:10BAA0007A6A1F407CD92240BBFD2540FB212940FA
:10BAB0003A462C407A6A2F405C4731407CD932406C
:10BAC0009C6B3440BBFD3540DB8F3740FB21394058
:10BAD0001BB43A403A463C405AD83D407A6A3F400F
:10BAE0004C7E40405C4741406C1042407CD9424013
:10BAF0008CA243409C6B4440AC344540BBFD454068
:10BB0000CBC64640DB8F4740EB584840FB214940BD
:10BB100083F9A200444E6E00FC291500D15727007E
:10BB2000DD34F50062DBC0003C9995004190430094
:10BB30006351FE00BBDEAB00B761C5003A6E240066
:10BB4000D24D42004906E00009EA2E001C92D100C5
:10BB5000EB1DFE0029B11C00E83EA700F535820070
:10BB600044BB2E009CE98400B4267000417E5F0037
:10BB7000D6913900538339009CF439008B5F8400DF
:10BB800028F9BD00F81F3B00DEFF97000F98050065
:10BB9000112FEF000A5A8B006D1F6D00CF7E36000B
:10BBA00009CB2700464FB7009E663F002DEA5F0095
:10BBB000BA277500E5EBC7003D7BF100F7390700B8
:10BBC00092528A00FB6BEA001FB15F00085D8D0096
:10BBD000300356007BFC4600F0AB6B0020BCCF006E
:10BBE00036F49A00E3A91D005E619100081BE6008F
:10BBF00085996500A0145F008D40680080D8FF0023
:10BC000027734D0006063100CA561500C9A87300F7
:10BC10007BE260006B8CC00000000040FB21F93F1C
:10BC2000000000002D44743E000000809846F83C5F
:10BC30000000006051CC783B00000080831BF0398D
:10BC40000000004020257A38000000802282E33680
:10BC5000000000001DF36935020000000300000031
:10BC600004000000060000000E8B00009A8A00000D
:10BC7000088A0000C2890000088A0000D68A0000F5
:10BC8000088A0000C28900009A8A00009A8A00008F
:10BC9000D68A0000C2890000C8890000C889000057
:10BCA000C8890000E48A00009A8A00009A8A00008D
:10BCB000088A0000BE890000088A0000D68A0000B9
:10BCC000088A0000BE8900009A8A00009A8A000053
:10BCD000D68A0000BE890000C8890000C88900001B
:10BCE000C8890000E08A0000C68D0000648D000055
:10BCF000648D0000628D0000688D0000688D00007A
:10BD0000908E0000628D0000688D0000908E000013
:10BD1000688D0000628D0000468E0000468E000097
:10BD2000468E0000CA8E0000549D0000BC9B00009F
:10BD30009A9B0000AE9C00009A9B0000F29C0000C1
:10BD40009A9B0000AE9C0000BC9B0000BC9B0000C6
:10BD5000F29C0000AE9C0000609C0000609C000013
:10BD6000609C0000009D00008CA40000BAA30000AD
:10BD7000BAA30000B6A30000C0A30000C0A3000047
:10BD8000ACA60000B6A30000C0A30000ACA6000053
:10BD9000C0A30000B6A300004AA600004AA6000007
:10BDA0004AA6000016A700000000000000000000E6
:10BDB0000000000000000000000000000000000083
:10BDC0000000000000000000000000000000000073
:10BDD0000000000000000000000000000000000063
:10BDE0000000000000000000000000000000000053
:10BDF0000000000000000000000000000000000043
:0CBE000000000000000000000000000036
:10BE0C0000000000000000450201FF0000FF45009B
:10BE1C00FF8C00FFFF0000FF000000FF4B0082942E
:10BE2C0000D30000D0070000C8F000000000C03FA5
:10BE3C000000C03FCDCCCC3F0000C03F6666E63F63
:10BE4C000000C03F0000C03F0000C03F20010200C6
:10BE5C002C0100000004050A0B101116171C1D22E2
:10BE6C002327282C030000009A99993F0301000016
:10BE7C0040420F000A0000000A000000FFFFFFFF15
:10BE8C00000000008300000002000000820000009F
:10BE9C000000000000000000000000000000000096
:10BEAC000000000000000000FFFFFFFF00C20100C7
:10BEBC0000000800080B0002020200000904000048
:10BECC0001020200000524001001042402060524CE
:10BEDC00060001052401010107058103100010096A
:10BEEC00040100020A0000000705020240000007DE
:10BEFC000583024000000000FFFFFFFF010000006F
:10BF0C000401002000000000C8BD0000E8BD0000D6
:10BF1C00A8BD0000000000000000000000000000B0
:10BF2C000000000000000000000000000000000005
:10BF3C0000000000000000000000000000000000F5
:10BF4C0000000000000000000000000000000000E5
:10BF5C0000000000000000000000000000000000D5
:10BF6C0000000000DD200000C93500008D400000FD
:10BF7C0055420000C5480000F96700003D6900000B
:04BF8C00B5200000DC
:04000003000050E5C4
:00000001FF
